student_id,gender,class_level,age,attendance_pct,avg_marks,previous_failures,family_income_monthly,distance_to_school_km,guardian_education,single_parent,sibling_dropout,mobile_available,internet_access,scholarship,midday_meal,study_hours_per_day,health_risk,school_engagement_score,teacher_feedback_score,disciplinary_incidents,dropout_flag
1,Female,9,16,82.7,50.5,3,9100,0.5,No Schooling,0,0,1,1,0,1,5.4,Low,48.8,28.2,0,0
2,Male,9,15,88.8,71.3,5,3700,0.3,Primary,0,0,0,0,0,1,4.3,Medium,24.0,37.2,1,1
3,Female,6,10,52.6,48.8,0,13100,7.4,No Schooling,0,0,0,0,0,1,3.1,Low,7.2,28.3,0,0
4,Female,6,13,81.1,93.9,0,6800,2.6,Primary,0,0,1,0,1,0,7.2,Medium,47.8,57.5,0,0
5,Male,7,14,89.9,88.1,0,7800,15.0,No Schooling,0,0,1,0,1,0,4.0,Low,13.7,29.6,0,0
6,Female,6,10,73.2,66.6,0,9500,4.6,Secondary,1,0,0,1,1,1,4.8,Low,38.9,31.3,0,0
7,Female,7,11,94.2,9.5,1,3000,0.9,Secondary,0,0,0,0,1,0,2.7,High,38.8,29.8,0,0
8,Female,10,14,70.4,38.8,0,3800,0.1,Primary,0,0,0,0,0,1,0.7,High,28.6,14.1,1,0
9,Male,6,13,75.9,77.1,2,22500,0.5,Secondary,0,0,1,0,1,1,4.5,Low,54.3,34.2,0,0
10,Male,7,13,85.1,55.8,0,3400,1.5,Primary,0,1,0,0,0,1,3.9,Low,55.1,41.9,2,1
11,Male,9,15,83.9,54.7,1,3900,1.2,Secondary,0,0,0,0,0,1,5.1,Low,42.4,43.0,0,0
12,Female,8,13,97.7,74.4,5,6300,9.8,Secondary,0,0,1,0,1,1,3.0,Low,41.8,24.2,0,0
13,Female,6,11,76.3,89.1,0,14000,2.2,Secondary,0,0,1,0,0,1,4.8,Low,45.0,25.3,0,0
14,Female,6,12,80.7,46.2,4,3100,0.5,No Schooling,0,1,0,1,0,1,3.8,Low,25.0,16.7,0,0
15,Male,10,14,80.2,88.2,1,6700,4.3,No Schooling,0,0,0,0,0,1,7.1,Low,36.6,45.8,0,0
16,Male,6,12,67.0,87.3,0,19000,0.1,Primary,1,0,0,0,0,1,6.9,Low,39.8,20.0,0,0
17,Female,9,13,93.3,89.0,0,10100,0.1,Secondary,0,0,1,0,0,1,6.9,High,67.4,14.4,0,0
18,Male,9,16,77.1,86.3,0,4100,3.5,Primary,0,0,1,0,1,1,6.5,Low,39.8,41.4,0,0
19,Female,7,11,96.1,89.5,1,16700,0.2,Secondary,0,1,1,1,0,0,4.8,Medium,31.1,30.2,0,0
20,Female,9,13,79.4,58.8,1,6400,1.4,Graduate,0,0,1,0,0,1,2.1,Low,35.6,37.2,1,0
21,Female,6,11,83.4,56.5,0,11200,0.1,Graduate,0,1,0,0,0,1,2.6,High,43.6,19.1,1,0
22,Male,7,12,96.0,60.4,0,4700,2.5,Primary,0,0,1,0,0,0,5.0,Medium,32.8,20.3,0,0
23,Female,7,13,86.6,54.3,4,16200,1.5,Primary,1,0,1,0,0,1,1.3,Low,37.1,33.2,0,1
24,Female,10,17,68.5,73.9,4,6400,6.8,Graduate,1,0,1,0,1,1,7.5,Low,64.7,22.4,0,0
25,Female,6,12,78.4,21.3,2,9500,3.1,Secondary,0,0,0,0,0,1,0.0,Medium,14.3,10.2,0,1
26,Male,6,11,67.9,46.1,0,3000,1.0,Secondary,1,0,0,0,0,1,1.6,Low,43.4,29.7,1,0
27,Male,10,16,78.0,71.3,0,23100,4.5,Primary,0,0,1,1,1,1,4.6,Medium,62.0,19.2,0,0
28,Male,6,12,81.5,46.8,1,20200,5.5,No Schooling,0,0,0,1,0,1,2.6,Medium,39.2,28.5,1,0
29,Male,10,14,60.3,42.8,0,3500,0.7,No Schooling,1,1,0,0,1,1,2.1,Medium,47.5,27.6,1,0
30,Female,9,13,78.6,66.9,2,23700,2.6,Secondary,0,0,0,0,1,1,3.3,High,30.8,4.2,0,0
31,Female,8,12,67.5,84.3,1,3200,1.7,Primary,0,0,0,0,0,0,5.7,Medium,19.9,30.4,0,0
32,Female,9,13,66.0,56.7,0,3300,4.7,Secondary,0,0,0,0,0,1,5.6,Low,19.3,21.8,0,0
33,Male,9,16,91.5,88.1,2,7000,3.5,Graduate,1,0,0,0,0,0,3.9,High,49.5,38.3,0,0
34,Male,6,11,89.9,42.8,1,9200,1.5,Graduate,0,0,1,0,0,1,2.8,Low,18.4,6.8,1,0
35,Male,10,15,74.8,26.3,2,15100,7.5,Primary,1,0,0,0,0,0,1.3,Medium,38.9,16.6,0,1
36,Male,10,15,84.9,14.1,1,7600,4.6,Graduate,0,0,1,1,0,1,0.0,Low,40.8,0.0,0,0
37,Male,10,15,93.0,97.1,4,3900,0.5,No Schooling,0,0,0,1,0,1,3.9,Medium,45.7,43.5,0,0
38,Male,8,14,95.0,51.5,2,17200,3.2,Secondary,0,1,1,0,0,1,2.2,Medium,34.3,17.7,1,1
39,Male,8,12,96.2,85.7,3,7200,0.1,Primary,0,0,0,0,0,0,6.1,Low,47.4,40.3,0,0
40,Female,8,14,72.9,66.0,3,12700,3.8,Primary,0,0,1,0,0,1,2.1,Low,35.9,14.6,0,1
41,Male,6,13,71.2,64.6,1,15800,5.0,Primary,1,0,0,0,0,0,5.8,Low,50.0,45.0,0,1
42,Female,8,15,89.2,100.0,2,5500,0.2,No Schooling,0,0,1,0,1,1,7.3,Low,38.0,46.1,0,0
43,Female,8,13,56.9,42.4,0,6800,4.1,Higher Secondary,0,0,1,1,0,0,2.2,High,40.1,7.3,0,0
44,Male,9,16,59.2,45.1,0,12800,0.9,Primary,0,0,0,0,0,1,4.9,Low,20.5,17.9,0,0
45,Female,7,11,80.4,81.0,0,15900,1.3,Graduate,1,1,1,1,0,1,3.6,Low,41.4,24.2,1,0
46,Female,8,12,63.4,84.9,0,5300,2.4,Secondary,0,0,1,0,0,1,5.4,High,40.2,43.6,1,0
47,Male,9,14,86.8,71.8,0,7900,2.1,Secondary,0,0,0,0,0,1,4.9,Medium,34.7,47.8,1,0
48,Male,7,11,77.9,61.0,1,3100,0.9,No Schooling,0,0,0,0,0,1,7.5,Medium,33.1,25.9,0,1
49,Female,10,15,84.7,25.8,0,6100,0.4,Higher Secondary,0,0,0,0,1,0,2.7,Low,28.4,28.6,0,0
50,Male,9,16,82.1,34.4,0,22900,2.4,Secondary,1,0,1,0,0,1,2.5,Low,21.8,16.6,1,0
51,Male,6,13,88.6,90.4,0,3000,2.5,Primary,0,0,0,0,1,1,5.8,Medium,35.0,21.1,0,0
52,Male,6,11,71.5,68.9,1,29000,3.3,No Schooling,0,1,0,0,1,1,4.5,Low,49.0,41.3,0,0
53,Female,9,14,58.9,39.3,0,29500,0.1,Graduate,0,0,1,0,0,1,4.6,Low,40.4,26.4,0,0
54,Female,7,12,87.9,48.1,0,3500,2.7,Secondary,0,1,0,0,0,1,2.2,Low,45.4,14.2,1,0
55,Female,10,14,89.8,100.0,1,3900,14.3,Secondary,0,0,0,0,0,1,8.0,Low,35.9,28.9,0,1
56,Female,6,10,70.5,52.8,0,8200,2.3,Primary,0,0,0,0,0,1,1.3,Low,50.8,18.8,0,0
57,Male,6,13,86.7,100.0,1,6100,0.5,Primary,0,1,1,0,0,1,7.7,Medium,58.5,52.0,0,0
58,Female,7,13,95.5,44.4,0,17000,0.9,Primary,0,0,0,0,0,1,5.6,Medium,45.5,31.4,1,0
59,Male,9,15,65.0,80.8,0,14000,0.4,No Schooling,0,0,0,1,0,1,2.2,Low,44.4,35.4,1,0
60,Male,10,15,86.7,44.3,0,7700,0.8,Secondary,0,0,1,0,1,1,4.9,Low,50.0,23.5,1,1
61,Female,10,17,94.3,52.0,2,3200,1.8,Higher Secondary,0,0,1,0,0,1,3.3,Low,56.9,44.4,0,0
62,Male,8,12,79.4,56.3,1,6700,4.2,Secondary,0,0,1,0,0,1,3.4,Low,11.2,31.4,1,1
63,Female,9,16,88.9,48.7,1,48400,0.7,Graduate,1,0,1,0,0,1,3.7,Medium,54.6,12.4,0,0
64,Female,6,12,68.7,83.6,0,9600,1.0,Secondary,0,0,0,0,1,1,5.0,Low,38.6,23.3,0,0
65,Female,8,13,97.7,55.4,0,22400,6.7,Primary,0,0,0,0,0,1,1.5,Low,41.0,29.4,0,0
66,Female,10,17,44.4,87.4,1,10700,3.6,Primary,0,0,1,1,0,0,6.0,Low,18.5,47.2,0,1
67,Female,7,12,81.3,52.5,1,27700,4.3,Secondary,0,0,0,1,0,1,3.7,Medium,48.3,24.0,1,0
68,Male,10,15,79.4,62.2,0,7800,5.7,Higher Secondary,0,0,1,0,0,1,5.4,Medium,42.7,53.0,0,0
69,Male,7,13,65.3,41.2,3,19200,0.6,Graduate,0,0,1,0,0,1,3.7,Low,28.0,22.4,0,1
70,Male,6,12,84.3,100.0,4,16200,0.3,No Schooling,0,0,1,0,0,1,6.1,Medium,37.7,24.3,0,0
71,Male,8,14,77.5,59.4,0,8700,2.4,Primary,0,0,0,0,0,1,4.4,Low,37.2,33.6,0,0
72,Male,10,15,75.3,69.3,0,8800,10.4,No Schooling,0,0,0,0,0,0,3.7,Low,48.9,22.5,0,0
73,Female,7,12,89.0,58.1,4,3000,0.1,No Schooling,0,0,0,0,0,1,7.7,Low,14.1,22.8,1,1
74,Male,9,14,73.6,43.8,2,6300,5.8,Secondary,0,0,0,0,0,0,1.4,Low,40.3,26.3,0,0
75,Male,6,13,89.6,70.3,0,47100,8.8,No Schooling,0,0,1,1,0,0,4.3,Low,28.3,27.7,0,0
76,Male,9,14,87.0,100.0,3,28900,5.2,Secondary,1,0,1,0,0,0,7.2,Low,34.7,39.0,0,0
77,Male,8,15,76.5,45.6,1,7800,0.4,Higher Secondary,0,0,1,0,0,1,4.0,Low,30.9,5.8,0,0
78,Female,6,10,64.1,58.3,1,4500,1.6,No Schooling,0,0,0,0,0,1,1.9,Low,53.9,0.0,1,0
79,Female,9,13,93.1,93.3,1,19600,2.4,Primary,0,0,0,0,1,0,3.8,Low,51.9,61.2,1,0
80,Female,9,14,76.7,44.5,0,10100,4.0,Primary,0,0,1,0,0,1,1.9,Low,16.5,25.2,0,1
81,Female,8,12,94.0,78.8,0,11500,3.2,Primary,0,0,0,0,0,0,2.8,Low,45.3,18.9,0,0
82,Male,7,14,90.2,58.9,0,6700,0.3,Secondary,0,0,0,0,0,1,3.0,Low,55.5,37.3,0,0
83,Female,6,11,73.4,76.1,0,23500,2.8,Secondary,0,0,0,0,0,1,6.5,Medium,52.3,37.6,0,0
84,Male,10,14,81.1,70.3,0,9900,2.0,Primary,0,0,0,0,0,1,4.9,Medium,49.7,49.0,0,0
85,Male,9,15,92.8,30.7,0,12800,2.3,Primary,0,0,0,0,0,1,5.7,Low,36.8,27.8,0,0
86,Male,9,16,87.6,89.5,0,4000,5.1,Primary,0,1,1,0,1,1,4.2,Low,35.5,38.2,1,0
87,Female,9,16,73.8,43.3,1,4800,4.7,Secondary,0,0,0,0,0,1,1.2,Low,35.6,40.4,0,0
88,Male,10,14,78.4,58.3,3,3700,0.8,Higher Secondary,1,0,0,0,0,1,3.4,Low,46.6,43.4,0,0
89,Male,6,13,91.4,77.8,1,11300,7.3,Primary,0,0,0,0,0,0,3.1,Medium,45.0,63.5,0,0
90,Male,8,13,86.5,63.4,0,8700,2.2,Graduate,0,1,0,1,0,0,4.4,Low,36.0,6.3,0,0
91,Male,9,16,84.2,68.7,0,3200,1.1,No Schooling,0,1,0,0,0,1,6.2,Low,61.6,28.3,0,1
92,Female,6,12,70.4,83.3,1,10200,6.4,No Schooling,0,0,0,0,0,1,5.1,Low,23.7,21.8,2,0
93,Male,6,12,91.2,22.6,3,9000,1.0,Secondary,1,1,1,0,0,1,0.7,Low,37.4,8.8,0,1
94,Male,9,16,95.5,82.2,4,3000,0.8,Primary,0,0,0,0,0,1,4.3,Low,51.5,50.9,0,0
95,Male,10,17,98.0,77.2,1,4900,1.5,Primary,1,0,0,0,1,1,3.7,Medium,26.5,30.2,0,0
96,Female,9,13,89.7,39.0,0,9700,0.1,Primary,0,0,1,0,0,1,4.9,Low,37.9,32.1,0,1
97,Male,6,12,78.3,67.7,0,3900,5.6,Higher Secondary,0,0,0,0,1,1,4.7,Low,15.3,54.4,0,1
98,Male,10,14,72.1,77.9,0,6800,1.8,Higher Secondary,0,0,0,0,0,1,6.8,Medium,31.0,22.2,0,0
99,Male,6,13,54.0,36.3,0,4800,3.1,Secondary,0,0,0,0,1,1,0.7,Low,39.6,2.9,1,1
100,Female,7,13,71.7,97.4,0,3000,1.6,Secondary,0,0,1,0,1,1,8.0,Low,42.2,40.4,0,0
101,Female,10,14,94.1,91.3,0,3000,3.8,Primary,1,0,0,0,0,1,7.3,Low,43.0,47.7,0,0
102,Female,9,14,74.6,83.1,1,3500,0.1,Primary,0,0,0,0,1,1,6.8,High,37.1,33.0,1,0
103,Male,10,17,86.4,34.0,0,32500,0.9,Secondary,0,0,1,0,0,0,2.7,Low,38.6,32.6,0,0
104,Female,9,15,78.3,100.0,2,3400,1.0,Higher Secondary,0,0,0,0,0,1,7.5,Medium,41.2,66.7,1,1
105,Female,9,13,90.1,70.5,0,7200,2.0,Secondary,0,0,1,0,1,1,2.5,Low,33.8,58.9,0,0
106,Female,7,14,66.8,73.0,2,7700,1.1,No Schooling,0,0,0,0,0,1,5.2,Low,58.1,43.1,0,0
107,Male,7,13,85.7,72.3,0,31500,0.8,Secondary,1,0,0,1,0,1,4.8,Low,59.8,47.4,0,0
108,Male,10,14,91.7,69.8,0,3000,0.1,Primary,0,0,0,0,0,1,3.4,Low,49.9,26.6,0,0
109,Male,10,15,69.0,79.1,2,4900,9.6,Secondary,1,0,0,0,0,1,4.7,Low,35.5,44.6,0,0
110,Female,7,14,69.9,63.5,1,9900,2.3,Graduate,0,0,1,0,0,1,3.4,Low,59.3,25.3,2,0
111,Male,7,12,86.4,45.6,0,7400,3.8,Higher Secondary,0,0,0,0,0,1,0.7,Low,39.1,34.1,0,0
112,Male,7,11,94.1,96.0,3,6000,2.9,No Schooling,1,0,1,0,0,1,3.8,Low,69.7,41.7,0,0
113,Male,7,13,75.4,44.1,1,11800,1.5,Primary,0,0,1,1,0,1,0.4,Low,34.3,9.1,0,0
114,Female,10,17,91.0,44.8,0,3000,0.4,Graduate,0,0,0,0,1,1,3.8,Medium,46.8,31.5,0,1
115,Male,6,12,82.2,48.4,1,6500,3.4,No Schooling,0,0,0,0,1,0,5.6,Medium,26.9,20.4,0,1
116,Female,8,15,69.6,56.5,1,5300,3.7,No Schooling,0,0,0,0,0,1,6.0,Low,32.3,38.0,0,0
117,Female,10,14,98.8,87.1,0,14800,5.8,No Schooling,1,0,0,0,0,0,4.5,High,51.1,45.4,0,0
118,Female,8,14,81.1,96.1,3,3000,0.4,Secondary,1,0,0,0,0,1,5.2,Medium,36.2,42.1,0,1
119,Male,8,14,96.8,63.6,2,6800,1.2,Secondary,0,0,0,0,1,1,2.5,Low,39.7,49.7,0,0
120,Female,7,14,97.1,78.8,1,7000,4.0,No Schooling,0,1,0,0,0,1,5.0,Medium,24.4,22.1,0,0
121,Female,6,12,90.7,62.2,0,5800,0.1,Secondary,0,0,1,0,0,0,5.9,High,41.4,27.5,0,0
122,Female,7,14,92.8,95.4,2,5200,1.2,Secondary,0,0,0,0,0,1,7.5,Medium,35.5,38.1,0,0
123,Male,6,10,70.3,64.8,0,7100,6.9,Secondary,1,0,1,1,0,1,3.9,Low,52.3,26.6,2,0
124,Male,6,10,75.0,78.4,3,16900,1.8,Primary,0,0,1,0,1,1,6.5,Low,31.4,30.6,0,0
125,Male,6,12,55.1,47.1,3,12300,4.7,Primary,1,0,0,0,1,1,2.0,Low,56.6,15.3,1,1
126,Male,7,11,73.4,74.3,0,4700,2.6,Primary,1,0,1,0,1,1,3.6,Medium,44.1,60.1,0,0
127,Male,6,13,79.2,97.0,1,4700,5.7,Primary,0,1,0,0,0,1,6.7,Low,54.4,40.4,0,0
128,Male,10,14,91.5,89.0,1,3600,0.2,No Schooling,0,0,1,0,0,1,4.5,Low,64.4,35.0,0,0
129,Male,6,12,87.4,67.5,2,15700,3.2,Secondary,0,0,1,0,0,1,0.7,Medium,27.5,26.7,0,0
130,Female,7,12,94.5,58.1,2,5100,3.9,Primary,1,0,1,0,0,1,5.5,Low,69.5,12.2,0,1
131,Male,10,16,74.6,49.9,1,3300,1.6,Secondary,0,0,0,0,0,1,3.6,Low,47.8,13.8,0,1
132,Female,6,12,76.3,56.5,2,8200,0.6,No Schooling,0,0,1,0,0,0,5.2,Low,29.3,27.3,1,0
133,Female,8,13,70.2,72.3,0,9300,4.7,Primary,0,0,0,1,1,1,2.1,High,38.2,39.1,1,0
134,Male,10,15,72.8,32.1,0,6300,7.1,No Schooling,1,0,0,1,1,0,3.4,High,26.2,11.5,0,1
135,Female,8,14,83.0,100.0,2,8300,3.2,Primary,0,0,1,0,1,1,7.1,Low,58.5,57.6,0,1
136,Male,6,12,89.1,60.6,1,6800,2.8,Primary,0,0,1,0,1,1,5.5,Medium,16.1,19.9,0,0
137,Female,9,15,82.5,57.1,1,10900,1.2,Primary,0,0,1,0,0,0,2.5,Medium,39.9,30.8,1,0
138,Male,9,14,76.0,75.1,0,9200,0.3,No Schooling,0,0,1,0,0,0,2.7,High,30.4,48.8,0,1
139,Female,7,12,81.8,82.2,0,4900,1.7,Higher Secondary,0,1,0,1,0,0,5.1,Low,39.5,38.2,0,0
140,Male,6,10,84.8,91.4,0,12000,11.1,Higher Secondary,0,0,0,1,0,1,4.9,Low,63.5,27.3,0,0
141,Male,6,13,76.8,52.7,1,4200,0.2,Higher Secondary,0,1,0,0,0,1,6.3,High,37.8,29.4,0,0
142,Male,10,14,66.9,47.3,1,3600,1.7,Secondary,1,1,0,1,1,1,1.3,Low,24.9,31.8,0,0
143,Female,7,12,51.3,53.7,4,8600,0.1,Secondary,0,0,1,0,0,0,3.9,Low,38.1,28.0,1,1
144,Female,6,13,73.5,34.8,0,9900,0.9,Primary,0,0,0,0,0,1,3.9,Medium,31.8,22.2,0,0
145,Male,8,15,91.7,100.0,0,13900,0.3,Primary,0,1,1,0,0,1,7.2,Low,51.1,52.6,0,0
146,Male,10,15,74.7,55.9,0,27900,6.4,Higher Secondary,0,0,1,1,0,1,1.5,Medium,46.5,31.7,0,1
147,Male,6,11,76.5,56.2,2,3000,2.9,Secondary,0,0,0,0,0,1,2.2,Low,53.1,35.5,0,1
148,Female,6,11,74.1,91.8,1,5100,5.0,Secondary,0,1,0,1,0,1,6.3,Low,50.4,49.2,0,1
149,Male,7,13,80.0,30.5,0,8300,5.7,Primary,0,0,0,1,0,1,1.4,Medium,40.7,5.4,0,0
150,Male,9,13,84.9,94.9,0,24900,0.1,Graduate,0,1,1,1,0,1,7.3,Medium,63.9,52.9,0,0
151,Female,8,15,63.2,79.6,5,5800,1.2,Primary,0,1,1,0,1,1,7.9,Medium,45.5,13.4,0,1
152,Female,10,17,77.3,52.4,1,3000,1.3,Higher Secondary,0,0,0,0,0,1,2.8,Low,33.0,38.0,0,1
153,Male,6,11,77.2,58.1,0,3500,0.2,No Schooling,0,0,0,0,0,0,2.6,Low,45.9,15.5,0,0
154,Female,7,11,81.1,35.6,0,6600,0.1,No Schooling,0,0,0,0,1,1,4.6,Medium,29.0,15.1,0,0
155,Male,7,13,80.4,41.7,1,10000,3.9,Higher Secondary,0,1,0,0,0,0,4.6,Medium,44.4,20.5,0,1
156,Female,7,13,87.4,67.9,1,35600,1.6,Secondary,0,0,1,0,0,0,3.5,Low,39.0,33.7,0,0
157,Male,8,14,89.1,79.8,0,4800,6.6,No Schooling,1,0,0,0,0,1,3.7,Medium,56.1,37.4,0,0
158,Female,9,13,96.8,59.0,0,11100,0.9,No Schooling,0,0,0,0,1,0,2.1,Medium,61.5,29.3,0,0
159,Female,7,13,77.5,85.0,1,15800,2.5,Secondary,0,0,1,0,1,1,8.0,Medium,36.6,28.4,0,0
160,Female,9,13,86.8,69.3,0,5100,0.2,Secondary,0,0,0,1,0,1,6.5,High,53.5,31.4,0,0
161,Male,6,11,73.0,33.3,0,24500,2.7,No Schooling,0,0,1,0,0,1,2.8,High,24.7,32.4,0,1
162,Female,8,14,77.5,64.4,3,5100,15.0,Primary,0,0,0,0,1,1,4.2,Medium,45.4,31.2,0,1
163,Male,7,14,70.1,42.0,0,3700,1.6,Primary,0,0,1,0,0,1,3.7,Medium,63.6,32.2,0,0
164,Male,8,14,90.7,53.4,0,22300,0.7,Secondary,0,0,1,0,0,1,2.5,Low,50.9,17.8,0,0
165,Female,6,10,94.8,100.0,0,7300,1.0,Graduate,0,0,1,0,0,1,2.8,Low,36.9,37.1,0,0
166,Male,10,16,85.4,45.1,0,3500,2.8,Primary,0,0,1,0,0,1,2.0,Medium,20.9,0.4,0,0
167,Female,10,14,83.0,56.8,2,5600,1.4,Secondary,0,0,0,1,0,1,2.9,Medium,17.9,15.0,0,0
168,Female,10,14,52.8,66.8,0,4600,0.4,Higher Secondary,0,0,0,0,0,0,3.9,Medium,26.7,32.0,0,0
169,Male,10,14,90.0,94.9,0,5100,1.2,Secondary,0,0,1,0,1,1,5.2,Medium,24.7,41.9,0,1
170,Female,6,13,70.7,70.5,0,8600,9.4,Secondary,0,1,0,0,1,1,5.0,Low,40.9,41.8,0,0
171,Male,8,13,96.6,57.5,0,5900,6.5,No Schooling,0,0,1,0,0,0,2.5,Medium,50.8,52.3,1,0
172,Male,7,13,73.5,80.5,0,31900,4.1,Secondary,0,1,0,0,1,1,6.0,Low,65.8,44.0,0,0
173,Male,10,17,83.1,40.9,0,5900,2.5,Graduate,0,1,0,0,0,1,0.4,Low,47.9,45.0,0,0
174,Female,6,13,88.6,79.0,1,6800,0.2,Primary,0,0,0,0,0,1,4.9,Low,42.3,46.0,2,0
175,Male,6,13,90.0,76.2,1,21300,1.7,Primary,0,1,1,0,0,1,5.0,Low,47.9,23.8,0,0
176,Male,9,13,93.9,53.1,0,18000,0.3,No Schooling,0,0,1,0,0,1,5.9,Low,53.7,37.0,0,0
177,Male,6,11,75.8,45.4,2,12800,2.6,Secondary,0,0,0,0,0,1,4.6,High,42.5,15.3,1,0
178,Female,9,14,83.2,100.0,0,5700,5.0,Primary,0,0,0,0,1,1,3.8,Low,64.0,49.0,1,0
179,Female,7,14,76.9,45.6,2,20700,1.5,Higher Secondary,1,0,1,0,1,1,2.2,High,51.9,18.3,0,1
180,Female,9,14,62.3,11.0,0,5800,0.3,Primary,0,0,1,0,0,1,2.4,Low,31.1,11.7,1,0
181,Female,10,14,91.9,52.3,0,3600,6.6,Secondary,0,0,0,0,1,0,1.7,Low,41.1,22.7,1,0
182,Female,8,15,97.6,89.2,0,5000,0.6,Secondary,0,0,0,0,0,1,7.4,High,53.4,47.5,0,0
183,Male,6,11,93.9,92.0,1,13200,1.0,Secondary,0,0,0,0,0,1,2.9,High,49.2,33.7,0,0
184,Male,6,12,88.2,67.9,0,6300,0.6,Graduate,0,0,0,0,1,0,6.6,Low,32.9,44.8,0,0
185,Female,6,11,63.4,21.2,1,8700,0.7,No Schooling,0,0,0,1,0,1,3.5,Low,26.8,12.6,0,0
186,Female,6,11,65.7,52.5,0,3800,1.5,Primary,0,0,1,0,0,1,3.4,Medium,40.3,16.9,0,0
187,Male,8,12,85.2,74.1,1,13400,2.5,Secondary,0,0,1,1,0,0,5.6,Low,49.5,29.0,0,0
188,Male,7,11,93.1,77.4,1,4500,1.2,Secondary,1,0,1,0,1,1,4.6,Medium,21.2,23.4,0,0
189,Female,7,11,83.5,67.3,2,4100,5.6,Primary,0,0,0,0,0,1,3.5,Low,41.6,40.0,1,0
190,Male,6,10,94.8,29.0,2,6500,0.3,No Schooling,0,0,0,1,0,0,3.2,Low,32.9,20.2,0,1
191,Female,10,15,62.6,38.0,0,3000,2.2,Primary,0,1,1,0,0,0,2.7,Low,44.4,26.2,1,1
192,Male,6,10,72.2,51.3,0,4000,3.2,Graduate,1,0,0,1,0,1,3.7,Medium,43.1,13.8,0,0
193,Male,7,11,86.3,95.4,0,4100,0.3,Secondary,0,1,1,0,0,1,4.3,Medium,46.4,46.0,0,0
194,Female,8,15,72.9,55.2,0,8900,0.6,Secondary,0,0,1,0,0,1,0.1,Low,38.8,23.7,1,1
195,Male,6,13,69.6,62.8,1,4600,3.5,Primary,0,0,0,0,1,0,3.6,Low,46.7,33.6,2,0
196,Male,10,15,93.3,80.1,1,9300,2.4,Secondary,0,0,0,0,0,1,4.8,Low,42.3,31.5,0,0
197,Female,6,13,57.2,24.2,1,6700,1.2,No Schooling,0,0,0,0,1,1,0.7,Low,43.5,6.6,0,1
198,Female,9,13,87.9,61.6,0,5400,5.6,Secondary,0,0,0,0,0,1,7.1,Low,36.4,43.0,0,0
199,Male,8,12,83.0,72.4,0,17900,4.3,No Schooling,1,0,0,0,0,0,4.7,Medium,44.1,26.9,1,0
200,Male,9,14,88.0,76.2,1,3000,3.0,Higher Secondary,0,0,0,0,0,1,4.8,Low,37.5,40.3,0,0
201,Female,9,14,97.1,100.0,2,11600,3.0,No Schooling,0,0,0,0,0,0,6.6,Low,41.6,47.1,0,0
202,Female,9,13,88.6,63.5,1,3400,0.1,Higher Secondary,0,1,0,0,0,1,4.9,Medium,41.1,30.1,1,0
203,Male,7,14,95.6,100.0,0,4300,3.2,No Schooling,0,0,0,0,0,1,7.0,Medium,56.1,44.6,0,0
204,Male,8,15,75.6,64.4,0,5600,1.6,Graduate,0,0,0,0,1,1,4.5,Low,25.5,22.4,0,0
205,Male,9,14,82.6,79.5,0,6400,0.2,Higher Secondary,1,0,1,0,0,1,5.8,High,31.3,24.6,1,0
206,Male,8,13,90.2,81.5,1,7300,6.5,Secondary,0,0,0,0,1,1,8.0,Low,57.2,40.6,0,0
207,Male,8,14,74.5,56.4,0,8100,1.8,Secondary,1,0,0,0,1,1,5.2,Low,33.9,27.7,0,0
208,Female,6,13,89.2,61.8,0,5300,4.3,Primary,1,0,0,0,1,1,6.2,Low,16.1,37.0,0,0
209,Male,7,12,75.8,51.5,0,3000,0.6,Graduate,0,0,1,0,1,1,2.2,Low,59.2,19.8,2,0
210,Male,7,13,80.3,83.4,0,4500,6.3,No Schooling,0,0,0,0,0,1,3.0,Low,58.3,65.2,0,0
211,Female,6,10,86.7,74.6,2,13400,5.2,No Schooling,0,0,1,0,0,1,6.4,Low,39.6,31.0,1,0
212,Female,7,13,96.6,41.3,0,11100,1.9,Secondary,0,0,0,0,1,0,4.6,Low,27.2,39.2,2,0
213,Male,6,13,76.1,60.3,0,11300,1.9,Secondary,0,0,0,0,0,1,3.5,Medium,45.2,41.8,1,0
214,Female,8,13,90.8,57.3,1,6300,0.1,Primary,0,0,0,0,0,0,4.3,Medium,41.3,23.5,0,0
215,Female,9,15,74.1,70.0,2,10500,0.6,Primary,0,0,0,0,0,1,2.4,Medium,32.3,32.8,0,0
216,Female,8,14,73.4,41.3,4,5400,1.6,Secondary,0,0,0,0,0,1,3.9,Low,36.1,18.9,0,0
217,Male,9,15,70.3,50.5,0,5800,0.4,Primary,0,0,0,1,0,1,3.2,Low,22.4,34.8,0,0
218,Male,6,12,85.2,64.8,0,4900,2.7,No Schooling,0,0,0,0,1,1,5.9,Low,47.4,20.2,0,0
219,Female,6,13,88.9,87.0,1,14600,8.6,No Schooling,1,0,0,0,0,1,4.8,Low,50.6,52.9,0,0
220,Male,9,13,96.1,70.7,0,3000,5.5,Primary,0,0,0,1,0,1,3.6,Low,27.4,22.4,0,0
221,Male,9,16,58.0,18.6,0,8100,3.3,Primary,0,0,0,0,0,1,1.8,Low,32.8,0.0,0,0
222,Male,9,16,70.4,36.8,1,8100,2.6,Secondary,0,0,1,0,1,1,1.9,Low,35.3,22.9,0,1
223,Female,9,16,75.2,83.3,5,8600,3.2,Graduate,0,0,1,0,0,0,6.2,Medium,28.0,28.8,0,1
224,Female,9,14,81.3,68.5,0,7000,1.8,No Schooling,0,0,1,0,0,1,4.7,Medium,38.6,40.8,0,0
225,Male,9,15,78.7,100.0,1,17600,0.4,Primary,0,0,0,0,0,0,6.3,Medium,43.5,49.8,0,0
226,Female,9,14,85.1,91.7,1,7600,5.7,Secondary,1,1,1,0,0,1,4.9,Medium,38.2,28.6,0,0
227,Male,9,16,84.0,56.0,1,6400,2.9,Primary,0,0,1,0,0,1,5.9,Low,44.6,34.0,1,1
228,Female,6,11,83.6,68.0,0,11700,2.0,Primary,0,0,0,0,1,0,4.7,Low,27.8,61.7,0,0
229,Female,6,11,72.0,64.5,4,3000,0.1,Primary,1,0,1,0,0,1,4.5,Medium,42.3,36.7,0,1
230,Male,7,13,54.7,34.0,0,4500,0.1,No Schooling,0,0,1,0,0,1,2.2,Medium,33.6,18.5,0,0
231,Male,8,12,72.1,47.3,2,15500,0.6,Secondary,0,0,0,0,0,1,4.1,Low,42.0,29.9,0,1
232,Male,9,14,86.7,100.0,1,9000,2.2,Secondary,0,0,0,0,0,1,6.3,High,35.2,44.9,1,0
233,Female,7,11,88.4,84.3,3,3000,1.6,Secondary,0,0,0,0,1,0,4.6,Medium,43.4,37.6,0,0
234,Female,7,12,78.7,68.6,2,46500,0.4,No Schooling,0,1,1,0,0,1,3.3,Low,41.3,21.8,0,0
235,Female,9,14,69.9,43.0,1,6600,1.4,No Schooling,0,0,0,0,0,1,1.9,Medium,42.1,15.8,1,1
236,Female,7,11,86.8,31.5,0,4300,2.7,Graduate,1,0,1,0,0,1,4.0,Low,29.9,13.8,0,0
237,Male,10,17,54.8,79.8,1,3000,2.7,Primary,0,1,1,0,0,1,5.0,Low,35.3,27.6,1,0
238,Female,6,11,89.9,98.3,0,19100,14.7,Secondary,0,0,1,0,0,1,6.5,Low,52.7,41.4,0,0
239,Male,7,12,94.1,86.6,0,3900,2.2,No Schooling,1,0,1,1,1,1,6.9,Medium,43.6,42.6,0,0
240,Male,7,11,87.1,62.5,0,5700,6.3,Secondary,0,0,0,0,0,1,1.6,Low,60.0,28.8,2,0
241,Female,7,14,58.4,33.2,2,9400,0.6,No Schooling,1,0,0,0,0,0,4.2,Low,45.4,20.6,0,1
242,Female,6,13,90.0,52.7,3,3000,0.5,Primary,1,0,0,0,0,1,2.1,Low,37.8,30.0,0,1
243,Male,7,12,90.0,0.0,2,13200,0.2,Primary,0,0,0,0,0,1,4.8,High,35.5,15.2,1,1
244,Female,7,12,84.4,48.0,0,4000,0.8,Primary,0,0,0,0,1,1,2.0,Low,46.4,38.1,1,0
245,Female,7,12,82.6,71.9,0,15800,4.8,Graduate,0,0,0,0,0,1,4.5,Low,34.0,30.1,0,0
246,Female,9,16,65.2,64.2,0,9100,0.5,Primary,0,0,1,0,0,1,3.9,Low,40.0,46.3,0,0
247,Female,6,10,96.3,69.7,2,16600,1.4,No Schooling,0,0,0,0,1,0,2.7,Low,36.9,17.5,0,0
248,Male,7,13,80.9,83.7,0,8600,5.3,No Schooling,0,0,1,0,0,1,8.0,Low,28.3,26.6,0,0
249,Male,6,13,77.7,66.0,1,15300,2.9,No Schooling,0,0,0,0,0,1,3.6,High,44.3,17.1,0,0
250,Male,10,17,79.6,65.8,0,10200,5.9,Higher Secondary,0,0,0,0,1,1,1.4,Low,51.4,18.0,0,0
251,Female,9,16,72.9,97.5,0,7200,1.1,No Schooling,0,1,0,1,0,1,5.6,High,35.9,33.8,0,1
252,Female,10,17,84.3,92.9,1,9500,4.4,Graduate,0,0,0,0,0,1,4.5,Low,27.4,37.4,1,0
253,Male,10,14,71.5,57.8,0,3000,1.5,Primary,1,0,1,0,0,0,4.4,Low,13.2,2.5,0,0
254,Male,7,11,78.9,58.0,0,5100,1.3,Primary,0,1,1,0,0,1,2.5,Low,37.7,40.2,0,0
255,Male,9,13,80.5,59.1,0,17100,5.5,Higher Secondary,0,0,1,1,1,1,5.9,Low,38.9,59.9,1,0
256,Female,7,13,78.4,32.0,0,3000,2.4,Secondary,0,0,0,1,1,1,4.5,Low,32.3,22.4,1,0
257,Female,10,15,85.9,73.2,3,5000,4.1,Primary,1,1,0,1,0,0,4.9,Low,50.3,37.6,0,1
258,Male,7,11,94.7,39.0,0,3000,3.1,No Schooling,0,1,0,0,1,1,7.4,Low,40.7,18.2,1,0
259,Male,7,13,89.1,74.4,1,3000,1.2,Secondary,0,1,0,0,0,0,3.0,Medium,45.8,27.7,0,0
260,Female,10,14,97.9,78.0,0,5700,3.3,Secondary,0,0,0,0,0,1,2.8,Medium,48.6,46.1,0,0
261,Male,10,15,59.6,37.8,0,9900,12.8,Graduate,0,1,0,1,0,1,3.0,Low,44.8,19.5,0,0
262,Female,10,15,76.4,65.8,0,6100,6.1,Graduate,0,0,1,0,1,1,4.3,Medium,42.4,23.8,0,0
263,Male,6,13,81.8,62.4,0,3100,0.5,Secondary,0,0,1,0,0,1,4.6,Low,54.1,28.6,0,0
264,Male,7,13,87.6,75.9,1,3200,4.7,Primary,0,0,0,1,0,1,6.1,Medium,42.9,9.3,1,0
265,Female,7,13,93.6,81.9,3,3700,2.6,Higher Secondary,0,0,1,1,1,1,6.4,Low,32.2,33.9,0,0
266,Male,7,14,69.9,50.6,0,6000,0.4,No Schooling,0,0,1,0,0,1,3.3,Low,45.6,35.8,1,1
267,Male,8,12,71.2,46.0,1,3800,3.2,Secondary,0,0,0,0,0,0,0.9,Medium,36.1,20.1,0,0
268,Male,7,12,90.0,49.8,0,15800,3.9,No Schooling,0,0,1,1,1,0,2.2,Medium,51.9,26.7,1,0
269,Male,9,16,74.0,68.7,0,4400,0.6,Primary,0,0,0,0,0,1,1.3,Low,35.9,21.3,1,0
270,Male,7,13,92.1,73.6,1,5200,2.7,No Schooling,0,0,0,0,0,1,7.0,Low,70.0,48.3,0,0
271,Male,9,13,97.2,62.2,2,10600,1.6,Graduate,0,0,0,0,0,1,1.7,High,49.5,18.7,0,0
272,Male,10,14,69.2,67.8,1,3000,1.0,No Schooling,0,1,1,0,1,1,4.6,Low,44.8,31.1,0,0
273,Male,8,12,74.9,14.0,0,21200,0.6,Secondary,0,1,1,0,1,0,1.9,Low,36.0,25.7,1,0
274,Female,7,11,59.5,60.0,2,13100,1.0,Primary,0,0,1,1,0,1,3.7,Low,26.0,25.6,0,0
275,Female,6,12,72.3,36.7,2,12800,2.5,Graduate,0,0,0,1,0,1,3.5,Low,31.7,2.9,0,0
276,Male,6,10,62.4,75.1,0,4400,0.9,Higher Secondary,1,1,1,0,0,1,3.0,High,19.7,22.1,1,0
277,Male,9,16,82.9,82.0,1,4000,1.2,Higher Secondary,0,0,0,1,1,1,2.8,High,67.8,27.6,0,0
278,Male,8,14,81.6,64.5,1,4800,3.1,Secondary,0,0,1,0,1,1,5.9,Medium,35.3,36.5,0,0
279,Female,6,13,59.7,57.7,0,5600,2.1,Primary,0,0,1,0,1,1,2.2,Low,43.4,42.6,1,0
280,Female,10,15,91.6,67.5,1,17800,1.4,Secondary,0,0,0,0,0,0,4.8,Low,43.1,41.7,0,0
281,Male,9,16,86.4,78.7,1,3000,0.6,No Schooling,0,0,0,1,0,1,4.5,Medium,37.2,34.3,0,1
282,Male,10,15,96.2,85.5,0,18300,3.2,No Schooling,0,0,1,1,0,0,5.9,Low,53.3,45.2,0,0
283,Male,8,14,79.5,78.4,0,6300,1.7,Primary,0,1,1,0,0,1,4.9,High,23.9,33.7,0,0
284,Male,10,14,86.2,85.3,0,15600,5.2,Primary,1,1,0,0,0,1,5.8,Low,43.1,60.2,0,0
285,Female,6,13,77.0,84.9,0,9600,1.6,Higher Secondary,0,1,1,1,0,1,5.8,Low,40.2,49.6,0,0
286,Male,6,12,81.3,77.3,3,11500,2.1,Secondary,0,0,0,0,1,1,3.5,Low,35.6,19.3,0,0
287,Male,10,14,82.4,88.5,3,14300,4.5,Graduate,0,1,0,0,0,1,6.2,Low,27.5,44.1,2,1
288,Male,10,17,95.8,81.0,1,6800,2.4,No Schooling,0,0,0,0,0,1,6.5,High,69.3,54.4,0,0
289,Female,8,15,91.0,100.0,0,3800,4.2,Secondary,0,0,0,1,1,1,5.5,Medium,49.9,32.3,1,0
290,Male,6,10,85.7,84.8,0,3900,4.3,Secondary,1,1,0,1,1,0,5.7,Low,54.8,49.5,0,0
291,Female,7,14,71.8,30.6,0,14400,5.3,No Schooling,1,0,1,0,1,1,1.5,Medium,24.5,19.7,0,0
292,Male,9,15,77.7,88.0,0,21700,4.1,No Schooling,1,0,0,0,1,0,6.5,Medium,48.5,31.9,0,1
293,Female,10,15,92.7,80.3,1,4400,2.5,Graduate,1,0,1,0,1,1,5.0,High,39.7,61.1,1,1
294,Male,7,13,92.4,72.3,3,16100,1.4,Primary,0,0,1,1,1,1,4.5,High,38.9,59.3,1,1
295,Female,6,13,76.8,52.2,0,14500,1.6,No Schooling,0,0,0,0,0,0,0.3,Medium,46.8,17.3,1,0
296,Female,9,14,80.4,100.0,0,3000,4.6,Secondary,0,0,0,0,0,1,6.5,Low,12.2,24.7,1,0
297,Female,9,15,80.7,64.9,0,14100,12.2,No Schooling,0,0,0,0,0,0,5.2,High,65.6,38.5,1,0
298,Female,7,11,66.2,87.6,0,4900,7.1,Secondary,0,0,0,0,0,1,7.5,Low,38.6,44.5,0,0
299,Female,8,15,91.1,67.0,0,21400,2.1,Primary,0,0,0,1,1,0,2.0,Medium,32.6,39.3,0,0
300,Female,10,17,78.3,58.0,2,8800,1.6,Secondary,0,1,0,0,1,1,0.8,Medium,48.2,29.2,0,0
301,Female,7,11,83.3,26.9,1,42900,10.2,Secondary,0,0,1,1,0,1,3.5,Low,54.3,17.8,0,1
302,Male,8,13,88.3,54.2,1,7400,4.6,Secondary,0,0,0,0,0,1,5.9,Low,32.4,33.6,0,0
303,Female,8,12,68.4,78.2,4,4900,0.2,Secondary,0,0,1,0,1,0,5.6,Low,51.1,42.1,0,0
304,Male,8,13,86.8,54.6,1,11000,3.5,Secondary,0,0,0,0,0,1,1.9,Medium,26.4,39.9,0,1
305,Female,10,15,97.4,72.5,2,13000,0.8,Higher Secondary,0,0,1,1,0,1,2.5,Low,63.4,52.4,0,0
306,Male,8,15,62.6,89.9,1,11300,1.7,Secondary,1,0,0,0,0,1,4.8,Low,54.9,46.3,0,0
307,Male,8,14,80.7,42.2,0,5800,2.5,Primary,1,0,1,0,0,1,5.8,Low,30.7,17.3,0,0
308,Female,6,13,90.0,80.1,0,13200,1.4,Secondary,0,0,0,1,0,1,4.8,High,26.5,43.8,0,0
309,Male,9,16,75.0,51.4,4,46244,1.9,Primary,0,0,0,0,1,1,5.8,Low,37.8,12.4,0,0
310,Male,6,12,51.0,57.4,0,3000,4.2,Primary,0,0,0,0,1,1,1.3,High,39.1,44.6,1,0
311,Male,6,10,81.9,37.7,0,9900,3.1,Primary,0,1,1,0,0,1,4.3,Low,20.4,16.1,0,0
312,Male,8,15,96.0,54.1,0,36500,3.7,Secondary,1,0,1,1,0,1,3.0,Low,53.9,14.8,0,0
313,Male,8,15,79.9,26.4,0,11800,0.9,Primary,0,0,1,1,0,1,4.1,Low,48.3,10.1,0,0
314,Male,10,14,83.0,42.8,0,4500,3.6,No Schooling,0,1,0,0,0,1,4.0,Low,41.4,38.6,1,0
315,Male,9,13,65.7,63.7,1,6100,2.5,Secondary,0,0,0,0,1,1,3.8,Medium,31.7,39.6,0,0
316,Male,10,17,84.9,72.9,2,7700,0.4,Graduate,0,0,1,0,0,1,6.4,Medium,38.6,41.0,0,0
317,Male,7,12,67.5,72.2,0,49004,1.1,No Schooling,0,0,0,0,0,1,6.1,Low,46.1,40.5,0,0
318,Female,8,13,65.6,69.8,0,3800,0.4,Graduate,0,1,1,0,1,1,5.0,Low,33.2,48.0,0,0
319,Male,10,15,67.2,40.6,2,10000,0.3,Secondary,0,0,0,0,0,1,3.3,High,32.1,24.7,0,0
320,Female,7,14,93.2,58.9,1,10400,3.2,Primary,0,0,0,0,0,1,2.8,Low,62.3,20.2,0,0
321,Female,9,14,60.6,36.2,0,4000,3.8,Secondary,0,0,0,0,0,1,1.2,Medium,5.7,14.8,0,1
322,Male,8,13,47.5,44.4,3,3000,1.4,Graduate,0,0,1,1,0,1,2.4,Low,26.3,30.3,2,0
323,Male,7,12,74.3,88.7,0,6600,0.2,Primary,1,0,0,0,0,1,3.6,Low,54.9,50.8,0,0
324,Female,8,12,84.2,73.8,1,5600,0.2,No Schooling,0,0,0,0,0,1,5.0,Low,53.5,38.7,0,0
325,Female,6,10,92.4,27.5,4,11800,0.6,No Schooling,0,0,0,0,0,1,3.8,Low,39.9,19.5,0,0
326,Female,6,11,66.1,31.6,0,4500,2.4,Higher Secondary,1,0,0,1,0,0,1.1,Low,30.8,7.6,0,0
327,Female,7,11,89.1,100.0,1,9500,0.3,Higher Secondary,1,0,0,0,0,1,6.3,Low,53.6,51.6,0,0
328,Female,6,13,79.1,66.0,0,10000,0.7,Secondary,0,0,0,0,0,1,3.7,Medium,40.5,38.6,0,0
329,Female,7,12,91.8,40.3,0,13100,0.8,Higher Secondary,0,0,0,0,1,1,2.8,High,72.7,33.3,0,0
330,Male,10,16,88.4,94.7,0,7100,2.0,Graduate,0,0,0,0,0,1,5.5,Medium,72.7,64.8,0,0
331,Female,7,12,59.1,79.4,3,4600,1.1,Secondary,0,0,1,1,0,1,5.9,Low,47.7,25.1,0,0
332,Male,10,17,96.9,100.0,0,6100,0.1,No Schooling,0,0,0,0,0,1,2.8,Low,28.8,26.5,0,0
333,Female,8,13,68.8,57.8,0,6600,5.3,Primary,0,0,0,0,0,1,4.6,Medium,27.7,30.0,1,1
334,Female,6,10,92.6,52.4,0,30100,3.2,Primary,0,0,0,0,1,1,2.0,Low,43.4,9.7,0,0
335,Male,6,11,77.7,88.2,0,5200,2.4,Secondary,1,1,1,0,0,1,4.5,Low,49.1,43.8,0,0
336,Female,10,14,85.8,68.4,1,28200,0.5,Secondary,0,0,0,0,0,0,2.2,Low,37.3,44.0,0,0
337,Male,8,14,74.5,81.4,0,7800,0.1,Graduate,0,0,0,0,1,1,4.6,Low,34.8,42.0,0,0
338,Female,10,16,94.2,84.1,3,5700,3.8,Graduate,0,1,1,0,0,0,7.8,Low,54.9,25.5,0,1
339,Male,7,12,83.3,79.8,2,4700,3.8,No Schooling,0,0,1,0,1,0,3.5,Low,33.8,46.4,0,0
340,Female,9,14,68.3,72.1,1,3500,1.8,Secondary,1,0,1,0,1,1,2.4,Low,46.3,23.3,0,0
341,Male,9,15,83.1,38.7,0,6600,0.1,Primary,0,0,0,1,0,1,3.8,Low,42.2,29.7,0,0
342,Female,10,16,86.3,67.4,4,7100,0.3,Higher Secondary,0,0,1,1,0,1,5.1,Low,42.3,21.6,0,1
343,Female,6,13,87.1,76.7,0,7500,0.8,No Schooling,0,0,0,0,0,0,6.0,Low,43.8,23.9,0,0
344,Female,10,17,61.3,13.2,3,35000,1.1,Secondary,1,0,0,0,1,1,2.7,Low,33.9,0.0,0,1
345,Female,7,11,73.4,67.2,0,19600,2.0,Primary,0,0,0,0,0,1,5.0,Low,50.7,37.5,0,0
346,Female,10,16,77.3,99.0,1,7900,0.2,Primary,0,0,1,0,0,0,6.7,Low,52.1,47.6,0,0
347,Female,8,12,77.3,100.0,1,5600,0.1,Secondary,0,0,1,0,0,1,4.6,Medium,44.2,63.8,0,0
348,Male,8,13,61.3,0.0,0,3000,0.6,Secondary,0,0,0,0,1,1,0.0,Low,35.0,16.2,0,1
349,Female,7,13,89.2,89.4,0,9000,5.6,Primary,1,0,1,0,1,1,4.2,Low,48.5,42.9,1,0
350,Male,10,16,80.7,17.1,0,14900,4.6,No Schooling,0,0,1,0,1,1,0.0,Low,35.4,14.4,0,0
351,Female,7,14,70.4,52.8,0,18600,6.3,Secondary,0,0,1,0,1,1,2.5,Medium,50.3,48.4,0,0
352,Male,8,15,80.7,43.0,3,5000,6.7,Secondary,1,1,1,0,1,1,2.0,Low,58.8,26.5,0,1
353,Female,8,15,81.2,59.4,0,3000,1.2,Graduate,0,0,0,0,0,1,7.0,Low,19.9,4.7,0,0
354,Female,9,15,65.3,56.3,1,7500,2.5,No Schooling,1,0,1,1,0,0,5.4,Low,49.6,26.3,0,1
355,Male,8,14,81.3,80.6,0,10400,9.8,Primary,1,0,0,0,0,1,4.3,Low,34.0,37.0,1,0
356,Female,9,16,86.4,100.0,0,5900,2.8,Higher Secondary,0,0,0,0,0,1,8.0,Low,50.2,39.4,0,0
357,Female,8,12,80.0,38.1,0,10400,4.3,Secondary,0,0,1,0,0,0,2.1,Low,40.2,28.7,0,1
358,Female,9,14,72.0,72.5,3,6900,2.3,No Schooling,0,0,0,0,0,1,3.3,Low,47.7,32.0,0,0
359,Male,9,14,82.7,65.4,1,8300,1.7,Primary,0,1,0,0,1,1,7.1,Low,39.4,31.0,0,0
360,Female,9,15,70.4,42.8,1,8800,1.2,Primary,0,0,0,0,1,1,5.9,Low,36.8,28.0,2,0
361,Female,10,15,78.6,90.2,1,7100,0.3,Graduate,0,0,0,0,0,1,7.1,High,42.2,29.0,0,0
362,Male,8,12,87.6,88.4,0,3000,0.9,Secondary,0,0,1,0,0,1,6.2,High,43.5,17.9,0,0
363,Male,6,13,79.6,37.3,0,17400,2.7,Primary,0,1,1,0,0,0,4.1,High,34.9,18.3,1,0
364,Male,9,15,86.6,67.7,3,4900,1.4,Secondary,0,0,0,0,0,0,4.5,Low,20.1,24.8,1,1
365,Female,6,12,61.3,30.6,1,3000,3.3,Primary,0,0,0,1,1,0,4.6,Low,17.0,19.7,0,0
366,Male,6,13,86.9,87.6,1,6800,1.7,Primary,0,1,0,0,1,1,8.0,High,59.0,30.3,0,0
367,Female,9,16,78.8,56.6,1,9500,0.6,No Schooling,0,0,0,0,1,1,5.9,Medium,33.5,26.6,0,0
368,Female,8,15,84.9,81.3,0,14200,2.4,Secondary,0,0,1,0,0,1,6.8,Medium,42.6,22.0,0,0
369,Male,8,13,91.4,39.8,0,8500,1.7,Higher Secondary,0,0,0,0,0,0,0.6,High,39.2,16.1,0,0
370,Female,10,14,65.5,43.9,0,7700,3.5,Secondary,0,0,0,0,0,1,4.5,High,32.0,27.1,0,0
371,Female,7,12,88.2,61.7,1,8100,4.7,Graduate,0,0,0,0,0,1,3.0,Low,45.0,34.1,1,0
372,Male,6,13,91.4,74.0,0,4500,1.4,Secondary,0,1,1,0,0,1,2.5,High,50.8,25.9,0,0
373,Male,6,13,78.7,64.2,0,5800,1.2,Secondary,0,0,0,0,0,1,3.7,Medium,46.8,62.0,0,0
374,Male,7,11,89.7,82.0,0,13500,2.9,Secondary,0,0,0,0,0,0,3.6,Low,59.5,31.9,0,0
375,Male,9,16,79.1,71.1,2,5100,3.1,No Schooling,0,1,1,0,1,1,5.6,Low,48.6,37.8,1,0
376,Male,9,14,64.0,61.6,0,8100,6.1,Graduate,0,1,0,1,0,1,6.6,Low,41.1,10.0,1,0
377,Female,8,15,89.2,85.0,0,5400,1.1,Higher Secondary,0,0,0,0,1,0,4.3,Low,64.5,20.6,0,0
378,Male,7,13,72.4,41.2,0,4700,0.7,No Schooling,0,0,0,0,0,1,3.3,Low,38.1,9.8,1,0
379,Male,8,12,85.9,59.2,0,6400,1.6,Graduate,1,1,0,0,1,1,1.6,Low,35.0,39.3,1,0
380,Female,6,11,93.0,58.0,2,6500,0.9,No Schooling,0,0,1,0,0,0,5.3,Low,57.5,19.5,1,0
381,Female,9,13,87.9,80.4,0,6700,2.5,No Schooling,0,0,0,0,0,1,7.4,Low,59.3,35.2,0,1
382,Female,8,13,87.5,87.0,0,8900,2.8,Primary,0,1,0,0,1,1,4.5,Medium,68.9,53.7,0,0
383,Female,6,13,80.4,78.5,2,3000,3.9,No Schooling,0,0,0,0,0,1,5.2,Medium,38.0,36.6,0,0
384,Male,9,15,75.3,59.8,0,5500,2.5,No Schooling,0,0,0,0,0,0,2.8,Low,39.3,22.6,0,0
385,Male,9,15,91.1,40.6,1,10800,4.7,Primary,0,0,1,0,0,1,2.0,Low,41.6,23.9,0,0
386,Female,7,13,59.3,39.2,2,19500,0.4,Primary,1,0,0,0,0,1,3.3,Low,51.9,24.4,0,1
387,Female,9,13,68.6,0.0,0,3200,4.7,Secondary,0,0,1,0,0,1,0.0,Low,27.7,19.5,0,0
388,Female,8,14,81.7,88.2,0,3400,6.3,Higher Secondary,0,0,0,0,0,0,5.9,Low,63.2,53.0,0,0
389,Male,6,11,83.8,100.0,0,8500,1.9,Secondary,0,0,0,1,0,0,6.6,Medium,49.5,52.7,1,0
390,Female,6,12,89.4,63.4,0,14900,9.2,Graduate,0,0,1,0,1,1,3.5,Low,30.1,31.2,0,0
391,Female,9,13,78.2,92.0,1,4300,5.5,Secondary,0,0,1,0,0,0,8.0,Low,46.8,33.5,0,0
392,Male,10,16,87.7,73.6,0,3000,1.3,Higher Secondary,1,0,0,0,0,1,5.3,Medium,51.0,39.0,0,0
393,Female,8,14,83.2,34.9,0,8600,3.3,Secondary,0,1,1,0,0,1,3.9,Medium,37.0,18.2,0,0
394,Female,8,13,86.7,77.6,4,4000,0.1,Primary,0,0,0,0,1,0,8.0,Low,55.7,48.6,1,1
395,Male,9,13,94.9,94.3,0,22100,4.3,Graduate,0,0,0,0,0,0,7.6,Low,54.8,59.4,0,0
396,Male,8,12,54.2,66.5,0,6700,0.1,Secondary,0,0,0,0,0,1,7.2,Low,53.5,36.2,0,0
397,Female,6,11,64.2,47.5,0,3200,8.7,Graduate,0,0,1,0,0,0,2.4,Low,24.9,23.8,0,0
398,Male,7,13,93.7,58.9,1,3900,2.2,Secondary,0,0,0,0,1,0,1.3,Low,42.2,33.6,2,0
399,Male,10,17,69.4,27.0,0,8100,6.7,No Schooling,0,0,0,0,0,1,0.3,Low,57.3,21.3,0,0
400,Male,9,15,56.3,86.4,0,5800,2.8,Secondary,0,1,0,0,0,1,6.4,Medium,40.5,49.3,0,1
401,Male,10,15,61.6,81.8,5,7800,4.4,Graduate,0,0,0,0,0,1,4.8,Medium,42.3,26.3,0,1
402,Female,6,11,88.5,17.1,1,50000,1.0,Secondary,0,0,0,1,1,1,2.5,Low,37.9,39.8,1,1
403,Female,8,12,72.1,16.9,0,3500,0.3,Secondary,0,0,1,0,1,1,0.0,High,35.1,0.0,0,0
404,Male,8,12,78.7,41.2,2,12300,1.5,Primary,0,0,1,0,1,1,4.0,Low,35.3,33.2,1,0
405,Female,6,10,81.5,63.6,0,18400,7.1,Higher Secondary,0,1,0,0,0,1,2.5,Low,33.2,26.0,0,0
406,Female,6,13,77.6,57.3,1,16800,0.5,No Schooling,1,0,0,0,0,1,2.8,High,36.4,2.5,1,0
407,Male,9,13,80.6,61.0,0,3600,2.8,Secondary,0,0,1,1,0,0,4.6,Low,35.3,20.7,2,0
408,Female,9,16,87.3,66.1,0,7800,2.0,Primary,0,1,1,0,1,1,3.2,Low,40.8,28.0,0,0
409,Male,9,15,94.7,63.5,0,3000,1.4,Primary,0,0,0,0,1,1,4.1,Low,43.2,22.1,0,0
410,Female,7,13,98.3,10.0,0,12600,0.8,Higher Secondary,0,0,1,0,0,0,4.5,Medium,42.3,61.9,0,0
411,Female,8,15,87.7,50.3,2,5300,15.0,Primary,0,0,0,0,1,1,4.6,Low,36.7,27.3,0,0
412,Female,6,13,93.9,96.4,0,9200,1.6,Primary,0,0,0,0,0,1,7.7,Low,42.9,63.0,1,0
413,Male,6,10,85.4,100.0,0,19000,1.6,Primary,0,0,1,0,0,1,6.6,Low,71.9,45.8,0,0
414,Female,8,15,86.1,20.4,4,8600,2.5,Secondary,0,0,0,0,0,1,3.7,Low,23.5,21.8,0,1
415,Male,7,11,65.1,35.0,0,8500,2.7,Higher Secondary,0,1,0,0,0,1,0.0,Low,40.9,49.1,1,0
416,Male,10,16,63.4,66.2,0,6200,3.5,Higher Secondary,0,0,1,1,1,1,4.8,Low,48.3,54.8,0,0
417,Male,8,14,90.6,87.1,0,17600,1.3,Secondary,0,0,0,0,0,1,5.4,Medium,43.4,63.2,1,0
418,Female,6,10,58.8,33.9,0,5000,0.1,Secondary,0,0,1,0,0,1,3.0,Medium,17.4,14.3,0,1
419,Male,6,12,75.0,18.6,0,9900,1.0,No Schooling,0,0,0,1,0,1,3.4,Low,36.9,21.3,0,0
420,Female,9,15,77.7,45.5,0,11000,1.3,Graduate,0,1,0,0,0,1,2.6,Low,29.1,13.5,0,0
421,Female,6,13,83.7,69.6,3,12500,1.4,Primary,0,0,0,0,0,0,5.8,Low,38.2,49.4,0,0
422,Male,6,13,72.4,67.3,1,9200,0.6,No Schooling,0,0,0,0,0,0,1.5,Low,37.9,46.1,0,0
423,Male,7,12,85.3,72.8,1,3700,8.0,Higher Secondary,1,0,1,1,1,1,5.8,High,42.7,43.4,0,0
424,Male,7,13,95.0,92.5,3,7400,3.2,Primary,1,0,0,1,0,1,6.3,Low,42.1,39.0,0,0
425,Female,8,15,96.5,75.4,0,3000,0.8,No Schooling,0,0,0,0,1,1,6.1,Low,57.8,43.1,0,0
426,Female,8,12,78.6,96.1,0,6200,0.7,Graduate,0,0,0,1,1,1,5.7,High,45.2,48.0,0,0
427,Male,6,12,72.8,50.9,1,11600,1.2,No Schooling,0,0,1,0,0,1,1.7,Medium,42.0,8.0,0,1
428,Female,9,16,71.4,70.9,0,14900,0.9,Secondary,0,0,1,1,0,1,6.9,Low,21.5,31.3,0,0
429,Male,7,11,74.2,100.0,0,4800,1.5,Primary,0,0,1,1,0,0,5.2,Low,26.1,47.3,0,0
430,Female,8,15,78.1,39.5,0,31300,0.1,Higher Secondary,0,0,1,0,0,1,4.5,Low,39.6,27.6,0,0
431,Female,6,10,74.7,57.7,0,3000,1.5,No Schooling,0,0,0,0,1,1,3.4,Medium,37.5,14.5,0,0
432,Female,8,13,87.6,69.3,0,10300,1.7,Primary,0,1,0,0,0,1,3.8,Medium,38.2,35.8,0,0
433,Female,7,14,80.7,35.2,1,11100,0.9,Primary,0,0,1,0,1,0,6.4,Low,18.1,15.6,0,1
434,Female,8,15,69.5,51.7,2,11200,2.2,No Schooling,1,0,1,0,1,1,4.7,Low,16.2,40.0,0,1
435,Male,7,13,91.6,62.7,1,9900,2.2,Secondary,0,0,0,0,0,1,4.1,Low,30.8,29.6,0,0
436,Male,10,16,59.5,52.2,3,8000,1.2,Primary,0,0,1,0,0,1,5.9,Medium,46.2,39.4,0,1
437,Male,7,12,87.3,85.1,5,24600,15.0,Primary,0,0,1,0,0,1,3.8,Low,41.0,42.4,0,1
438,Male,10,17,45.5,14.3,0,3600,0.3,Secondary,0,0,0,0,0,0,2.8,Low,25.8,20.3,2,0
439,Female,10,16,68.3,56.8,1,6000,1.2,No Schooling,0,0,0,0,1,0,4.4,Low,36.2,25.1,1,0
440,Female,7,14,86.5,100.0,1,8200,1.3,Higher Secondary,0,0,0,0,1,1,7.5,Medium,43.7,28.7,0,0
441,Female,7,13,74.0,85.6,0,6800,2.9,Primary,0,0,1,0,0,1,3.5,Medium,53.9,49.5,0,0
442,Male,7,11,94.5,66.5,0,3900,2.8,Primary,0,0,0,0,0,1,5.8,Medium,26.1,38.7,0,0
443,Female,10,16,84.2,74.2,2,11600,3.0,Higher Secondary,0,0,0,0,1,1,3.4,Low,48.9,27.9,0,0
444,Male,8,15,78.3,56.8,0,9000,1.5,Primary,0,0,0,0,0,0,4.5,Low,57.9,24.4,1,0
445,Male,8,15,89.6,59.2,0,24500,1.7,Secondary,0,0,0,0,0,1,0.8,Low,41.1,58.8,0,0
446,Female,6,11,60.5,84.8,0,13400,0.6,No Schooling,1,1,0,1,0,1,5.8,Low,49.5,38.8,0,0
447,Female,10,14,98.3,100.0,0,16200,5.0,Secondary,1,0,1,0,0,1,8.0,Medium,56.5,32.3,0,0
448,Female,6,13,85.9,85.2,0,15800,3.3,Primary,0,0,0,0,0,1,4.0,Medium,43.4,14.5,0,0
449,Male,6,13,61.9,74.9,0,3700,1.1,Higher Secondary,0,0,0,0,0,1,6.1,Medium,50.4,38.5,0,0
450,Female,7,14,86.4,39.7,0,6000,2.1,Primary,0,0,0,0,0,0,3.3,Low,13.7,16.7,0,0
451,Male,8,14,81.9,60.8,0,6200,1.3,Secondary,0,0,1,0,0,0,4.0,Low,32.5,19.0,0,0
452,Female,10,17,78.4,55.4,3,16800,6.8,Graduate,0,0,0,0,1,1,5.3,Low,42.5,45.7,1,0
453,Female,9,14,61.5,45.1,3,8700,2.4,No Schooling,0,0,0,0,0,0,2.1,High,49.4,17.5,0,1
454,Male,6,13,58.1,55.1,0,7900,5.4,No Schooling,0,0,0,1,0,1,3.9,Medium,11.8,33.0,0,0
455,Male,7,12,68.0,71.1,4,7600,4.0,Secondary,0,0,0,0,1,1,4.6,Medium,57.4,52.9,0,1
456,Male,9,16,71.7,74.2,0,16800,1.9,Primary,0,0,1,0,0,1,4.3,High,39.8,55.9,1,0
457,Female,8,12,79.2,3.7,0,4000,3.8,No Schooling,0,0,1,0,0,1,1.1,Low,28.8,5.6,0,0
458,Male,6,11,78.6,83.5,0,8200,5.1,Graduate,0,0,0,1,0,1,4.0,Low,65.8,34.9,0,0
459,Female,7,11,91.2,65.3,0,22600,1.7,Primary,1,0,1,0,0,1,2.7,Medium,42.7,33.8,0,0
460,Female,8,13,74.6,34.7,0,11400,2.3,Graduate,0,0,1,0,0,0,3.6,Low,19.4,4.7,1,0
461,Female,10,17,84.1,79.1,0,6100,2.7,No Schooling,0,0,0,0,0,1,5.2,Medium,28.2,28.1,0,1
462,Male,9,13,68.0,79.2,1,9700,1.2,Graduate,0,0,0,0,1,1,4.0,Low,42.3,38.7,0,0
463,Female,6,12,81.9,85.7,0,3000,2.1,No Schooling,0,0,0,0,0,1,6.7,Medium,46.7,33.2,0,0
464,Male,9,16,79.0,70.2,0,5000,1.4,Secondary,0,0,0,0,0,1,3.6,Low,58.8,32.0,0,0
465,Female,7,13,63.2,35.4,3,6400,1.3,Secondary,0,0,0,0,0,1,2.1,Medium,59.7,19.4,2,0
466,Female,10,16,72.7,100.0,2,3700,3.2,Secondary,1,0,1,0,1,1,6.9,Low,31.0,45.9,0,0
467,Female,7,11,89.9,67.2,0,12800,0.6,Higher Secondary,0,1,0,0,0,1,3.9,Low,55.0,15.0,0,0
468,Female,6,12,90.0,53.9,0,3500,0.4,Higher Secondary,0,0,1,1,0,1,5.8,Low,24.4,24.4,0,0
469,Male,8,12,74.3,85.3,2,18300,0.5,Primary,0,0,0,0,0,1,7.3,Low,35.8,41.8,2,0
470,Male,7,11,66.6,58.4,1,11600,0.4,Secondary,1,0,1,0,0,0,5.0,Low,41.4,23.8,0,0
471,Male,7,14,86.6,99.8,0,5100,0.7,Secondary,0,0,0,1,0,1,8.0,Low,54.0,50.0,0,0
472,Male,8,14,75.3,32.6,0,5600,2.6,Higher Secondary,0,0,0,1,0,1,4.4,High,18.8,15.2,0,0
473,Male,9,16,91.6,61.7,0,7900,0.5,No Schooling,0,0,0,0,1,0,5.3,Low,57.5,47.1,0,0
474,Male,10,15,78.5,56.7,0,15000,0.2,No Schooling,0,0,0,1,0,1,5.6,Medium,40.3,37.4,0,0
475,Male,7,12,68.2,50.0,0,7600,2.3,Graduate,0,0,1,0,0,1,5.2,Medium,19.9,21.4,0,0
476,Male,6,13,77.4,46.1,1,16000,5.6,No Schooling,0,0,1,0,0,1,6.6,Medium,56.6,17.1,0,0
477,Male,8,14,76.8,70.3,1,7900,2.1,Primary,0,0,1,0,0,1,4.3,Low,41.8,15.5,2,0
478,Female,8,15,86.4,50.2,2,12500,0.8,Primary,1,0,0,0,0,1,3.4,Medium,45.8,28.8,2,1
479,Female,6,10,53.0,60.2,1,22000,1.2,Primary,0,0,1,0,1,1,4.2,Medium,58.6,33.9,1,0
480,Male,10,16,87.7,100.0,0,9300,2.6,Secondary,0,0,1,0,0,0,7.6,High,49.5,53.8,0,0
481,Male,10,17,83.9,53.3,0,3800,3.3,Graduate,0,0,1,0,0,1,1.9,Low,47.4,43.2,0,0
482,Male,6,13,90.6,92.5,0,7000,2.6,Secondary,1,0,0,0,1,1,5.6,Medium,46.5,27.2,1,0
483,Female,9,15,46.7,72.8,0,30900,6.5,Secondary,0,0,1,0,0,0,5.8,Medium,28.9,23.0,0,0
484,Male,9,13,86.4,87.4,1,5600,1.1,Primary,0,0,0,0,0,1,3.4,High,26.2,31.8,0,0
485,Male,7,13,80.8,31.7,0,3000,5.6,Secondary,1,0,0,0,0,1,1.9,Low,41.3,15.9,0,0
486,Male,9,13,74.5,89.5,0,4100,0.8,No Schooling,0,0,0,0,1,0,4.8,Low,63.5,14.1,0,0
487,Male,6,13,84.5,69.4,0,6800,0.9,Secondary,0,0,0,0,0,1,5.0,Medium,65.1,48.7,0,0
488,Male,6,12,80.6,67.3,1,11200,4.7,Graduate,0,0,1,1,1,1,5.7,High,35.3,27.4,1,1
489,Female,10,14,81.7,63.5,0,17700,1.1,Higher Secondary,0,1,0,1,0,1,1.3,Low,45.6,36.4,0,0
490,Female,9,15,90.9,26.1,0,4500,4.4,Primary,0,0,1,1,1,1,3.0,Medium,14.6,40.9,0,0
491,Female,7,13,71.2,27.4,2,20200,3.0,Higher Secondary,0,0,1,1,0,1,1.4,Low,38.1,0.0,1,0
492,Female,8,12,82.5,79.1,1,13200,0.1,Primary,1,0,0,0,0,1,1.2,Medium,50.5,17.7,0,0
493,Female,10,14,97.2,100.0,0,16700,0.4,Secondary,0,0,0,0,0,0,2.6,Low,51.7,44.5,0,0
494,Male,8,12,84.2,56.5,0,15900,1.1,Primary,0,0,1,0,0,1,2.2,Low,41.6,43.5,0,0
495,Female,10,14,79.6,80.2,0,6100,1.5,Secondary,0,1,0,0,1,1,3.9,Medium,47.6,43.8,0,0
496,Female,10,16,92.0,86.1,2,28100,2.9,Primary,0,1,1,0,0,0,6.8,Low,37.4,30.7,0,0
497,Male,7,14,84.4,24.9,0,20000,0.4,Primary,0,0,0,0,0,1,2.0,Medium,28.5,26.5,0,0
498,Female,9,13,91.1,53.7,0,8500,1.2,Primary,0,0,0,0,1,1,3.7,Low,50.5,46.8,0,0
499,Male,9,15,83.0,72.3,0,21400,0.9,Higher Secondary,1,1,0,0,0,1,3.5,Low,71.0,29.1,0,0
500,Male,9,14,69.7,80.1,0,50000,0.6,Higher Secondary,0,0,1,1,0,1,5.4,Medium,26.0,35.5,2,0
501,Female,7,14,83.2,71.0,2,16100,0.7,Secondary,1,1,0,1,1,0,6.6,Low,49.6,44.5,1,0
502,Female,6,11,91.7,90.0,0,3000,1.6,No Schooling,0,0,1,1,0,0,4.2,Low,32.4,26.9,1,1
503,Female,6,12,83.6,27.8,0,3000,5.9,Secondary,0,0,1,1,0,1,3.8,Low,30.7,37.2,0,0
504,Male,8,15,82.8,100.0,1,9900,0.2,Higher Secondary,0,0,1,1,0,1,6.9,Medium,52.4,21.6,0,0
505,Female,9,13,81.0,57.5,0,4300,11.0,Secondary,0,0,1,1,1,0,7.5,Medium,40.3,39.8,3,0
506,Female,9,14,83.6,64.7,0,4900,1.0,Primary,0,0,0,0,1,1,2.4,Medium,46.5,34.9,0,0
507,Male,8,13,89.8,49.4,0,9600,0.1,Primary,0,0,0,0,0,1,4.5,Low,63.7,18.1,0,0
508,Female,6,10,78.0,48.9,1,6300,0.9,Secondary,0,0,1,1,0,0,2.2,Low,25.6,12.5,1,0
509,Male,6,12,72.0,41.2,2,14900,0.4,Secondary,0,1,0,0,0,1,3.9,Medium,47.1,23.1,1,0
510,Male,9,13,95.6,75.7,0,16200,4.5,No Schooling,0,0,1,0,0,0,5.7,Low,44.9,45.7,1,0
511,Male,8,13,85.3,50.8,0,4000,5.0,No Schooling,0,0,1,0,1,1,2.9,Low,32.7,21.2,0,0
512,Female,9,13,95.5,37.0,1,9900,10.9,Primary,0,0,1,0,0,1,3.7,Medium,55.6,14.4,1,1
513,Male,6,12,65.5,72.3,4,5800,1.3,Primary,0,1,0,0,0,1,5.2,Low,45.2,47.0,0,1
514,Male,7,14,76.9,32.3,4,13500,3.4,No Schooling,0,0,1,0,0,1,3.2,Low,9.6,8.2,0,1
515,Male,10,15,83.0,91.4,5,7000,0.3,Primary,0,1,0,0,0,1,4.4,Medium,28.6,46.7,0,1
516,Male,6,11,74.4,85.1,2,15700,5.5,Higher Secondary,0,0,0,0,0,1,6.1,Medium,34.0,54.4,0,0
517,Male,6,11,76.8,100.0,0,7700,11.5,Higher Secondary,0,0,0,0,0,1,5.6,Low,55.5,29.8,1,0
518,Female,9,13,98.7,55.7,2,24500,2.0,Primary,0,0,1,0,0,1,2.9,High,24.6,17.6,0,0
519,Male,8,13,88.3,92.1,0,9800,0.9,Secondary,0,0,1,0,0,1,3.7,Low,39.4,44.2,0,0
520,Female,10,17,89.2,67.4,0,3000,0.1,Secondary,0,0,1,1,1,1,1.9,Low,37.7,31.5,2,0
521,Female,10,14,85.5,87.3,1,12000,0.5,Secondary,1,1,0,0,0,0,3.3,Low,68.7,41.7,1,0
522,Male,9,16,83.7,79.9,1,6600,0.6,Higher Secondary,0,0,0,0,0,1,4.3,Low,55.8,47.3,0,0
523,Male,6,10,84.3,56.1,0,3000,0.1,Higher Secondary,0,1,0,0,1,1,0.5,Medium,40.4,21.0,1,0
524,Female,8,12,70.3,37.8,1,6500,0.1,Secondary,0,0,0,0,1,1,1.8,Medium,20.8,32.6,1,0
525,Male,10,15,98.1,63.5,0,11900,2.5,Secondary,0,0,0,0,0,1,7.4,Low,46.4,40.5,1,1
526,Male,8,13,95.6,52.9,4,14000,0.1,No Schooling,0,0,0,0,1,1,4.6,Low,44.7,36.6,0,0
527,Female,10,15,88.4,76.1,0,12900,4.9,No Schooling,0,0,0,0,0,1,6.9,Medium,52.2,48.6,0,0
528,Female,9,16,87.2,78.5,0,8000,2.9,No Schooling,0,0,0,1,0,1,2.3,Low,36.3,41.9,0,0
529,Female,6,13,68.0,43.9,0,6300,2.8,Primary,0,1,0,0,0,1,3.6,Medium,28.4,24.5,1,0
530,Male,8,14,80.8,54.3,3,38272,6.2,Primary,0,0,1,0,0,1,3.7,Medium,37.4,30.1,0,1
531,Female,9,13,80.0,73.7,1,14600,5.5,Graduate,0,0,1,0,0,0,2.8,Medium,68.4,43.1,0,0
532,Female,6,13,86.2,72.7,1,13300,1.3,Primary,0,0,0,0,0,1,3.9,Low,40.5,29.2,0,0
533,Male,7,14,65.2,30.4,1,5400,0.3,No Schooling,0,0,0,0,0,0,4.0,Low,26.4,24.5,0,0
534,Female,9,13,89.4,86.1,2,22800,0.2,Primary,0,0,0,0,0,1,3.8,Medium,46.1,24.5,1,0
535,Male,6,11,86.4,43.5,0,15300,3.2,Primary,0,0,0,1,0,1,4.8,Medium,28.7,7.5,2,0
536,Male,7,14,76.7,100.0,4,15400,3.1,Higher Secondary,1,0,0,0,1,1,4.0,Low,59.3,34.3,0,0
537,Female,9,13,94.9,57.5,0,8000,2.2,Secondary,0,0,0,1,0,0,5.2,High,55.2,38.8,1,0
538,Male,9,13,78.5,57.4,2,33100,2.2,No Schooling,0,0,1,1,0,1,1.6,Low,57.8,31.9,0,0
539,Male,8,14,85.1,80.7,1,4600,3.5,Primary,0,0,1,1,0,1,5.0,Low,50.3,48.1,0,1
540,Female,10,15,94.2,61.7,5,3000,2.4,Graduate,0,0,0,0,0,1,2.4,Medium,52.1,19.0,1,1
541,Female,10,15,69.1,42.1,2,15300,1.4,Graduate,0,0,1,0,0,0,0.0,Low,33.4,47.6,0,0
542,Female,8,15,94.6,62.4,5,15900,1.3,Secondary,1,0,0,0,0,1,3.8,Medium,43.0,27.9,1,1
543,Female,6,12,87.4,51.4,1,14700,0.2,Secondary,1,1,1,0,1,1,5.7,High,45.7,28.6,0,0
544,Female,9,15,88.9,77.9,1,19400,2.2,No Schooling,0,1,0,0,0,0,6.3,High,42.9,21.5,0,0
545,Male,7,11,98.0,48.4,0,18300,0.5,Primary,0,0,0,0,0,1,2.9,Low,29.5,6.8,0,0
546,Male,10,14,95.0,89.8,0,19000,3.2,Primary,1,0,1,1,0,1,4.4,Medium,55.7,31.0,0,0
547,Male,8,13,97.9,39.5,1,10700,1.1,Primary,0,1,1,0,1,1,3.2,Low,41.0,19.3,0,0
548,Male,7,11,71.1,20.4,0,10700,3.8,Primary,0,0,1,0,0,1,2.1,Low,18.5,17.4,2,0
549,Female,8,13,84.9,56.8,0,9000,6.4,No Schooling,1,1,1,0,0,0,5.4,Low,35.4,35.4,2,0
550,Male,8,15,89.3,16.3,0,17400,6.5,Higher Secondary,0,0,0,0,0,1,5.0,Medium,32.9,46.6,0,0
551,Male,10,14,76.0,29.6,2,5000,3.9,Secondary,0,1,0,0,0,0,4.3,Low,45.9,9.1,0,0
552,Male,6,10,79.7,77.9,0,7400,11.7,Secondary,0,0,0,0,0,0,1.5,Medium,61.0,24.7,0,0
553,Male,10,14,97.7,93.4,0,3900,0.4,No Schooling,1,0,0,0,1,1,7.6,Medium,36.2,31.8,3,0
554,Female,6,11,74.8,5.5,2,12900,0.3,No Schooling,0,1,0,1,0,1,0.0,High,24.5,3.9,0,1
555,Male,9,13,89.7,83.3,0,25800,0.7,Secondary,0,0,1,1,0,1,6.1,Low,35.3,40.4,1,0
556,Male,10,14,84.1,43.4,0,4600,0.8,Primary,0,0,0,0,1,0,4.1,Low,51.2,23.8,0,0
557,Male,7,13,83.3,78.5,0,3000,8.3,Secondary,0,0,0,1,1,1,5.3,Low,41.8,28.1,0,0
558,Male,6,10,77.0,62.8,1,7800,3.4,No Schooling,0,0,1,1,0,1,4.8,Low,49.0,48.9,1,0
559,Female,9,13,78.1,75.6,1,10100,0.7,No Schooling,1,0,1,0,0,1,5.0,High,27.8,35.2,0,0
560,Male,10,17,85.7,30.3,0,7300,2.9,Secondary,0,0,0,0,1,1,2.9,Low,17.9,12.3,0,0
561,Male,7,11,69.6,67.3,1,3500,3.5,Higher Secondary,0,0,0,0,0,1,2.9,Low,51.7,26.3,0,0
562,Male,8,12,83.9,99.0,4,17600,0.2,Primary,0,0,0,0,0,0,7.9,High,78.3,39.6,1,0
563,Female,9,13,83.2,71.9,0,10300,3.8,Secondary,0,0,0,0,0,1,6.7,Low,40.9,26.8,0,1
564,Female,6,12,79.8,86.3,0,28700,6.9,No Schooling,0,0,1,0,1,1,5.0,Low,49.9,35.6,1,0
565,Female,8,14,60.0,61.0,2,16100,1.3,Primary,0,0,1,0,0,1,4.5,Medium,38.5,17.4,0,0
566,Female,8,14,94.9,20.6,0,4500,2.5,No Schooling,0,0,0,0,0,1,3.3,Medium,22.8,5.7,0,0
567,Female,6,12,92.7,8.7,0,11400,1.6,Primary,0,0,0,0,0,1,4.7,Low,33.8,17.7,0,0
568,Male,10,14,85.0,84.7,1,12300,5.7,Secondary,0,0,0,0,1,1,5.4,Low,42.7,29.5,0,0
569,Male,7,12,86.9,72.4,2,25500,4.3,No Schooling,0,0,0,0,0,1,4.0,Low,43.6,28.3,0,0
570,Female,10,16,92.0,65.1,0,5400,0.3,Secondary,0,0,0,0,0,1,2.1,Medium,42.0,36.5,1,0
571,Male,8,14,85.7,67.7,1,3400,2.4,Primary,1,0,0,0,1,1,2.7,Low,26.5,25.4,0,0
572,Female,8,13,79.2,62.1,1,8300,6.7,Higher Secondary,0,0,0,0,1,0,6.3,Medium,45.0,51.4,0,0
573,Male,7,14,84.1,45.0,1,37933,0.5,Primary,0,0,0,0,0,1,8.0,Low,17.6,14.4,3,1
574,Female,7,14,55.6,19.7,0,6900,2.0,Secondary,0,0,0,0,0,1,4.6,Low,22.1,8.1,1,0
575,Female,9,16,93.3,87.0,0,10300,6.1,Primary,0,0,1,0,0,1,4.6,Medium,40.9,28.3,1,0
576,Male,9,16,93.7,54.3,1,3000,8.1,Primary,1,0,1,0,1,0,3.3,Low,25.5,19.9,0,0
577,Female,9,16,81.8,71.1,3,3700,1.2,No Schooling,0,0,1,0,0,1,2.8,Medium,40.3,54.3,1,1
578,Female,7,14,95.6,34.7,4,8800,4.5,Primary,0,0,0,0,0,1,0.0,Low,37.7,25.6,0,1
579,Female,7,13,83.7,61.4,2,7700,0.1,Secondary,1,1,0,0,1,1,6.4,Low,28.2,3.3,0,1
580,Male,6,11,98.9,92.5,3,32900,1.1,Secondary,0,0,0,0,0,1,6.6,Low,31.4,49.1,0,0
581,Male,9,14,86.2,89.3,0,8200,4.1,Higher Secondary,0,0,1,0,0,1,5.1,Low,50.5,33.4,1,0
582,Female,7,14,97.0,67.0,0,3100,2.1,Secondary,0,1,0,0,0,1,2.1,Low,54.2,37.7,0,0
583,Male,8,13,79.8,60.5,0,5000,1.0,No Schooling,1,0,0,0,0,1,3.7,Low,40.4,31.3,0,0
584,Male,8,14,73.7,49.2,1,16200,1.1,Secondary,0,1,1,1,1,1,3.3,Low,44.6,4.0,0,0
585,Female,8,14,99.9,12.4,0,6800,0.4,No Schooling,0,0,0,0,0,1,3.2,High,60.4,33.8,1,0
586,Female,9,14,63.4,27.6,4,3000,5.6,Graduate,0,0,0,0,0,1,3.6,Low,24.3,26.1,0,1
587,Male,8,13,83.2,79.9,0,12900,0.8,Secondary,0,0,1,0,0,0,7.3,Low,33.4,43.7,0,0
588,Male,10,14,98.7,91.8,0,18100,3.3,Secondary,0,0,0,0,0,0,4.6,Medium,66.6,47.2,0,0
589,Male,6,12,63.9,60.9,0,7500,0.3,Primary,1,0,0,1,0,1,4.5,Medium,35.1,8.4,0,0
590,Male,8,12,89.4,57.1,0,5500,1.8,Primary,0,0,1,0,1,1,5.0,Low,27.6,30.7,0,0
591,Female,6,10,76.7,45.7,0,14700,0.7,Secondary,0,0,1,0,0,1,0.5,High,31.1,12.3,0,0
592,Male,9,14,61.9,64.3,0,3000,2.9,Primary,0,0,0,0,1,1,1.8,Low,27.3,37.8,1,0
593,Male,8,14,93.2,100.0,0,13800,2.5,No Schooling,0,0,0,0,1,1,7.9,Medium,60.9,40.6,0,0
594,Female,7,12,86.4,85.5,1,8300,7.4,Secondary,1,0,0,0,0,0,4.7,Low,37.8,59.9,1,1
595,Male,9,16,70.6,40.4,0,15000,2.6,No Schooling,0,0,1,0,0,0,4.6,Medium,31.2,47.4,0,0
596,Male,8,15,98.3,65.3,0,3700,4.8,Secondary,0,0,1,0,0,0,6.1,Low,51.7,35.3,4,0
597,Female,7,12,91.3,100.0,0,7800,0.1,Primary,0,0,1,0,1,1,6.7,Medium,56.4,52.8,0,0
598,Female,8,15,78.2,97.0,3,16000,1.3,No Schooling,0,1,1,0,0,1,5.0,Low,51.3,37.4,1,0
599,Female,6,10,80.7,65.9,3,11900,0.4,Primary,0,0,1,0,1,0,5.6,Low,30.3,33.0,0,0
600,Female,10,14,74.4,26.5,0,3000,3.3,Graduate,1,0,0,0,1,0,5.6,Medium,42.7,16.5,0,0
601,Male,9,14,58.9,62.6,0,14700,0.6,Secondary,0,1,0,0,0,1,6.4,Medium,29.7,3.3,2,0
602,Female,9,16,71.2,54.7,1,17100,4.8,Secondary,1,0,0,0,0,1,2.9,Low,30.7,0.0,2,1
603,Female,10,16,66.4,59.0,3,10900,2.1,Higher Secondary,1,0,1,0,1,1,1.7,High,31.5,39.5,0,0
604,Female,9,15,53.3,41.6,0,8500,11.3,Secondary,1,1,0,0,0,0,4.3,High,25.0,26.0,0,1
605,Female,8,14,65.2,70.7,1,16400,5.9,Secondary,0,0,0,0,0,1,5.9,Medium,49.6,44.4,0,0
606,Female,6,11,82.3,43.3,1,8800,0.6,Higher Secondary,0,0,1,0,1,1,2.0,Low,49.3,22.4,1,0
607,Female,7,14,60.6,95.4,1,3000,2.7,No Schooling,0,0,1,0,1,1,7.2,Low,46.1,67.2,0,0
608,Male,10,17,52.2,53.7,3,4800,0.6,Secondary,0,1,0,0,0,1,3.0,Medium,27.4,45.1,1,1
609,Female,10,15,67.7,58.8,1,23900,0.2,Graduate,0,0,1,1,0,1,2.9,Low,21.1,25.6,1,0
610,Male,9,15,62.2,40.0,0,6900,5.6,No Schooling,0,0,1,0,0,1,3.4,Low,36.2,17.6,0,0
611,Female,6,12,75.9,65.1,3,9500,2.9,Higher Secondary,0,0,0,0,0,1,2.6,Low,42.9,43.4,0,0
612,Female,6,12,89.0,78.7,0,3000,3.1,No Schooling,0,0,1,0,0,1,4.5,Low,37.4,42.0,0,0
613,Female,10,14,84.0,67.6,0,11800,0.1,Primary,0,0,1,0,1,1,3.8,Medium,51.1,19.3,0,0
614,Female,6,10,81.8,71.5,1,12400,1.0,Graduate,1,0,1,0,0,1,5.3,Low,42.0,26.3,0,0
615,Male,8,15,81.0,63.3,2,40100,3.8,No Schooling,0,0,1,1,0,1,3.2,Medium,52.0,37.6,1,0
616,Female,7,11,97.6,92.7,1,14300,1.1,No Schooling,0,0,1,0,1,1,4.5,Low,74.7,64.1,0,0
617,Female,7,13,85.7,91.9,0,15900,3.2,Higher Secondary,0,0,0,0,0,1,4.1,Low,64.1,49.4,0,0
618,Male,9,16,86.6,78.6,0,3000,0.4,Graduate,0,0,1,1,0,1,6.5,High,53.7,24.1,0,0
619,Male,10,16,74.9,84.6,1,5500,15.0,Graduate,1,1,0,0,0,1,3.6,Low,66.6,58.5,0,1
620,Male,9,13,78.0,78.0,0,35700,3.0,No Schooling,1,0,1,0,1,0,6.0,Medium,27.2,20.5,0,0
621,Female,8,15,88.3,65.5,0,15300,0.6,Secondary,0,0,0,0,0,1,4.3,Medium,26.1,25.4,1,0
622,Male,8,12,84.4,63.9,4,11400,5.6,No Schooling,0,0,1,0,0,1,4.3,Low,43.8,26.8,0,1
623,Female,10,16,78.9,45.1,0,29200,1.2,Secondary,0,0,1,0,0,1,2.1,Medium,27.8,18.6,0,0
624,Male,8,13,72.4,85.9,0,4500,3.4,Higher Secondary,0,0,0,0,0,1,5.0,Low,15.2,29.9,1,1
625,Female,8,14,76.1,66.6,1,10600,3.4,Primary,0,1,1,0,0,0,3.4,Low,53.5,48.4,0,0
626,Male,9,14,84.6,80.4,0,11400,2.6,Primary,0,0,0,1,1,1,7.0,Medium,47.5,35.8,0,0
627,Female,7,13,83.8,93.2,3,7400,0.3,No Schooling,0,0,0,0,0,1,5.8,Low,51.5,35.6,0,1
628,Male,6,11,89.4,74.2,2,42380,0.6,No Schooling,0,0,0,0,1,0,4.7,Low,46.7,43.9,0,1
629,Female,10,16,97.5,60.5,0,23100,13.9,Graduate,0,0,1,0,0,1,4.6,Medium,47.3,36.6,1,0
630,Female,8,15,82.2,21.7,0,8700,7.0,No Schooling,1,0,0,1,0,0,3.6,Low,16.3,2.9,1,0
631,Female,6,13,62.6,56.6,2,11100,0.4,Secondary,1,0,1,1,1,0,4.4,Medium,40.0,36.6,0,0
632,Female,7,12,67.0,50.8,1,5000,0.3,No Schooling,1,0,0,0,0,0,4.0,Low,54.5,27.8,0,1
633,Male,10,17,69.3,71.6,1,4900,3.5,Primary,1,0,1,0,0,0,4.8,Medium,7.2,15.5,0,0
634,Male,9,16,84.3,81.8,1,6400,3.5,Higher Secondary,0,1,0,1,0,1,6.0,Low,14.5,26.4,1,0
635,Male,9,15,80.9,82.2,3,6900,0.9,No Schooling,0,0,0,0,1,1,3.0,Low,32.4,57.0,0,0
636,Male,6,12,90.1,78.2,0,17800,4.0,Primary,0,0,1,1,0,1,4.6,Low,38.4,18.0,0,0
637,Female,10,14,86.0,43.5,0,10600,0.2,No Schooling,0,0,0,0,1,1,3.1,Medium,24.7,2.2,1,0
638,Female,10,16,66.7,85.2,0,4100,0.9,Secondary,1,0,1,0,1,0,4.9,Low,59.0,51.6,1,0
639,Female,8,12,83.9,61.8,0,3000,5.9,Graduate,0,0,0,0,0,1,3.8,Low,52.1,33.4,0,0
640,Female,7,11,90.4,61.2,0,15600,1.0,Primary,0,0,0,0,0,0,6.5,High,35.3,46.0,0,0
641,Female,9,16,63.9,37.0,1,16800,0.6,No Schooling,1,0,1,0,1,1,3.5,Medium,36.3,15.7,0,0
642,Female,10,15,59.6,51.3,0,6500,4.1,No Schooling,0,0,0,0,0,1,1.9,Low,33.9,6.4,1,0
643,Male,9,15,63.6,82.4,0,5200,1.0,No Schooling,0,0,0,1,1,1,3.1,Low,44.5,52.4,1,0
644,Male,10,17,71.4,36.2,2,8400,4.7,No Schooling,0,0,0,1,0,1,4.5,Medium,38.5,16.7,0,1
645,Female,9,15,69.8,80.7,0,8400,2.9,Primary,0,0,1,1,0,1,3.8,Low,28.7,30.7,0,0
646,Female,7,14,84.5,63.2,0,9900,4.2,No Schooling,0,0,1,0,0,1,3.8,High,54.4,54.9,0,0
647,Male,8,15,89.1,49.0,2,17100,5.0,No Schooling,0,0,1,1,1,1,2.6,High,35.2,20.1,0,0
648,Male,9,14,70.0,33.9,0,16200,0.5,Secondary,0,0,1,0,0,1,3.0,Low,22.3,21.6,0,0
649,Female,7,14,70.4,55.4,0,14900,0.6,Primary,1,0,0,0,0,0,2.7,Low,26.8,34.6,0,1
650,Male,7,14,57.1,19.6,1,4000,1.2,Higher Secondary,0,0,0,0,1,1,1.7,Medium,34.6,6.8,0,0
651,Male,9,14,64.6,53.3,3,11700,0.3,Secondary,0,0,1,0,0,1,3.1,Low,35.7,18.0,1,1
652,Female,8,15,86.3,78.2,1,10300,1.6,Primary,0,0,0,0,0,1,6.5,Medium,45.2,46.0,1,0
653,Female,9,13,78.4,47.3,3,3300,3.9,Higher Secondary,0,0,1,0,0,1,2.8,Low,45.4,44.2,0,0
654,Male,6,10,86.7,2.7,5,6200,0.5,Primary,0,0,0,0,1,1,1.4,Medium,7.8,7.5,0,1
655,Female,7,13,87.9,45.4,2,11500,1.1,Secondary,0,0,0,0,1,1,0.8,High,22.5,12.2,0,0
656,Male,7,13,71.6,39.2,1,3000,0.1,Primary,0,0,1,0,0,1,2.1,Low,56.7,20.0,0,0
657,Female,9,15,72.5,38.4,0,5300,3.0,No Schooling,0,0,0,1,1,1,3.1,Medium,25.4,27.4,0,0
658,Male,9,16,84.1,81.3,0,8700,0.1,Primary,0,0,0,0,1,1,3.5,Medium,41.6,37.1,0,0
659,Female,8,13,85.3,42.7,1,6000,6.5,Secondary,0,0,1,0,0,1,0.0,Low,8.6,9.6,0,0
660,Male,8,15,72.3,39.3,0,17300,1.2,Graduate,0,0,1,1,0,1,2.4,Low,15.9,12.8,2,0
661,Male,6,13,78.3,43.6,0,13600,0.1,Secondary,0,1,1,1,0,1,4.8,Medium,30.8,18.6,0,0
662,Female,9,13,94.9,4.1,2,3200,0.1,No Schooling,0,0,0,0,0,1,4.0,Low,44.3,36.5,0,1
663,Male,10,15,67.4,25.6,2,4400,8.4,Primary,0,0,1,0,0,1,1.3,Low,32.3,9.4,0,0
664,Male,9,13,95.4,33.8,0,18000,3.1,No Schooling,0,0,0,0,1,1,0.6,Medium,32.1,25.9,0,0
665,Male,7,13,90.5,81.7,1,12100,1.8,Primary,0,0,0,0,1,1,4.0,Low,57.8,39.7,0,0
666,Female,8,13,80.8,100.0,4,3000,2.1,Graduate,0,0,0,1,0,1,7.1,Low,32.9,51.4,1,1
667,Female,7,12,79.2,58.5,3,22000,13.9,Graduate,0,0,0,0,0,1,5.0,Medium,35.8,34.9,1,0
668,Female,6,11,97.7,63.9,0,8200,6.1,Primary,0,0,1,0,0,1,4.1,Medium,35.3,48.9,0,0
669,Male,6,11,91.8,100.0,2,7900,8.4,Higher Secondary,0,0,0,0,0,1,4.6,Low,38.4,29.4,0,0
670,Male,6,10,82.0,49.8,2,4400,12.0,No Schooling,0,0,0,1,0,1,2.7,Medium,39.6,3.3,0,0
671,Male,6,10,94.0,65.1,0,19600,2.3,Higher Secondary,0,0,1,0,0,1,3.7,Low,60.5,40.2,0,0
672,Female,9,15,80.4,43.9,4,11700,2.0,Secondary,1,0,0,0,0,0,1.0,Low,31.5,28.2,0,1
673,Female,7,14,68.2,100.0,0,7400,0.4,Graduate,0,0,0,0,0,1,6.2,Low,41.7,34.6,0,0
674,Female,9,15,78.1,82.5,1,3000,3.6,Primary,0,0,0,0,1,1,4.7,Low,36.2,16.3,1,0
675,Female,10,17,84.2,70.2,0,5800,6.9,Secondary,0,0,1,0,0,1,7.5,Low,35.8,12.2,1,0
676,Male,8,12,82.6,83.9,0,3800,0.2,Higher Secondary,0,0,0,0,0,1,5.5,Low,51.6,30.8,0,0
677,Female,8,15,96.9,68.7,0,6200,2.2,Secondary,0,1,1,0,0,1,3.5,Low,49.9,31.8,0,0
678,Male,9,15,91.1,54.7,0,4400,3.4,Primary,0,1,1,0,0,0,4.8,High,48.4,41.0,1,0
679,Male,6,12,94.9,60.2,1,14200,6.0,Secondary,0,0,0,0,1,0,4.3,Low,51.8,24.3,1,0
680,Male,7,11,89.7,69.2,0,24000,2.9,No Schooling,0,0,0,0,0,0,1.8,Low,41.3,29.6,0,0
681,Male,8,14,86.4,58.2,0,7700,3.1,Primary,0,0,0,0,0,0,4.7,Medium,54.8,26.4,0,0
682,Male,10,15,55.5,24.7,1,3600,4.4,No Schooling,0,0,1,0,0,0,2.3,High,36.6,0.0,1,1
683,Male,9,16,79.8,77.2,0,6300,3.8,No Schooling,0,1,0,1,0,0,4.5,Low,55.7,41.4,0,0
684,Male,10,17,71.3,58.7,0,6000,0.2,Primary,1,0,1,0,1,0,3.5,Medium,24.3,20.4,1,0
685,Female,9,16,88.5,79.5,0,24400,0.1,Higher Secondary,0,0,0,0,0,1,6.1,Low,63.4,44.6,0,0
686,Male,8,15,79.7,41.0,0,8300,2.3,Secondary,0,0,0,0,1,1,3.0,High,39.9,17.4,0,0
687,Male,10,16,83.7,36.4,0,22400,5.3,Secondary,1,0,0,0,0,1,3.9,Low,36.0,4.6,0,0
688,Female,10,14,86.7,64.1,3,3000,0.5,Higher Secondary,1,1,0,1,0,1,5.0,High,51.8,27.9,0,0
689,Female,8,13,72.2,95.6,1,8100,4.2,Primary,0,0,0,0,0,1,7.0,Low,23.3,33.5,0,0
690,Female,10,17,88.3,19.5,0,3900,0.3,Primary,0,0,0,0,0,1,2.9,Medium,31.6,0.2,0,0
691,Male,10,16,79.7,82.3,3,7400,4.4,Secondary,0,0,1,0,0,0,4.9,Low,34.1,34.0,1,0
692,Female,8,15,86.4,87.9,3,11500,0.8,Secondary,0,0,0,0,0,0,5.2,Low,40.7,23.6,1,1
693,Male,6,13,74.3,47.3,2,3000,4.5,Primary,0,0,0,1,0,1,3.9,Low,19.6,13.2,0,0
694,Male,7,13,66.2,53.7,1,5500,1.5,Graduate,0,0,0,0,1,1,1.0,Low,30.6,1.5,0,0
695,Female,9,13,74.6,47.0,1,7100,0.5,Higher Secondary,0,0,0,1,0,1,4.9,Low,32.6,47.5,0,0
696,Female,6,13,66.1,21.7,0,9200,1.1,Primary,1,0,1,1,0,1,2.7,Medium,5.6,0.0,0,1
697,Female,8,12,69.8,43.2,0,3000,0.9,Primary,0,0,1,0,0,1,4.9,Low,6.6,31.2,0,0
698,Female,8,12,89.8,62.7,0,10800,3.3,Primary,0,0,0,1,0,1,3.6,Low,54.6,34.3,0,0
699,Female,10,14,91.4,65.4,1,11100,13.6,Primary,0,0,1,0,0,1,2.9,Low,35.4,40.2,0,0
700,Male,10,14,74.0,37.4,0,16300,1.2,Graduate,0,0,1,1,0,1,2.2,High,49.2,31.2,0,0
701,Male,9,14,92.8,89.4,0,3000,7.2,Secondary,0,0,0,1,0,1,5.5,Low,50.3,46.0,0,0
702,Male,7,14,82.8,61.5,0,6500,0.8,No Schooling,0,0,1,1,0,1,3.9,Medium,60.7,28.9,1,0
703,Male,6,13,74.3,74.8,1,8000,1.1,No Schooling,0,0,1,0,0,0,4.7,Low,47.8,21.5,0,0
704,Female,9,14,77.2,60.4,1,9200,1.4,Primary,0,0,1,0,0,0,3.5,Low,52.4,45.5,1,0
705,Male,6,11,86.2,56.0,0,8500,0.9,Primary,0,0,0,0,0,0,2.4,Low,32.6,36.6,0,0
706,Female,8,13,92.9,100.0,0,5500,0.5,Graduate,0,0,0,0,0,1,6.2,Medium,45.8,40.0,0,0
707,Female,10,17,85.0,86.4,1,8700,0.1,Higher Secondary,0,0,1,0,0,1,5.5,Medium,51.9,36.8,0,0
708,Female,8,12,60.6,35.2,0,50000,3.0,Graduate,1,0,1,0,0,1,3.6,Low,25.2,24.9,0,0
709,Male,9,13,87.4,82.6,0,12100,0.9,Graduate,0,0,1,1,0,1,6.2,Medium,46.2,38.5,0,0
710,Male,9,13,60.3,28.7,0,3000,0.2,Secondary,0,0,0,1,0,0,3.5,Low,45.5,25.0,0,0
711,Female,10,17,59.8,32.3,0,23500,4.0,Secondary,0,0,0,0,0,1,2.5,Low,28.8,22.7,1,1
712,Female,8,12,55.3,76.1,0,25800,0.3,Primary,1,0,0,0,1,1,4.3,Low,38.1,54.8,0,0
713,Female,8,15,89.4,37.1,0,14500,3.8,Higher Secondary,0,0,0,0,0,1,5.2,Low,31.6,27.5,0,0
714,Female,6,10,87.8,77.7,2,20100,9.1,Primary,0,0,0,0,0,1,3.8,Low,42.2,44.8,0,1
715,Female,8,14,52.9,42.3,0,40816,0.3,Higher Secondary,1,0,1,0,0,0,5.9,Low,40.8,17.0,0,0
716,Male,7,14,90.4,79.3,2,9900,1.5,Primary,0,0,1,0,1,1,6.0,Medium,48.4,35.8,0,1
717,Female,8,12,85.6,51.7,1,17000,0.7,Higher Secondary,0,0,1,1,0,1,5.1,Low,8.2,10.3,0,0
718,Male,9,14,61.0,82.1,0,23500,0.3,Secondary,0,1,1,1,0,1,7.0,Low,45.7,43.3,2,0
719,Female,6,12,94.8,92.4,0,4700,5.4,Primary,0,0,0,0,0,1,6.6,Medium,50.9,17.9,0,0
720,Female,8,15,72.9,92.6,1,23300,0.3,Graduate,0,0,1,1,0,1,6.2,Medium,52.4,42.9,0,0
721,Male,6,13,90.3,27.5,0,9300,0.4,No Schooling,0,0,0,0,0,1,2.9,Medium,29.3,27.0,0,0
722,Male,7,11,89.6,83.6,0,16000,3.9,No Schooling,0,0,0,0,0,1,3.7,Medium,45.2,40.1,1,0
723,Male,6,13,80.4,13.2,0,15400,0.6,Secondary,0,0,0,0,0,1,2.7,Low,26.2,12.6,0,0
724,Female,6,11,77.6,65.2,1,5100,2.2,No Schooling,0,0,1,0,0,1,3.0,Low,51.9,37.8,1,0
725,Male,10,16,65.1,50.6,0,21100,1.0,Primary,0,0,0,0,0,1,2.2,Medium,42.6,27.1,0,0
726,Male,10,17,95.8,48.2,1,6000,1.5,No Schooling,0,0,1,0,0,1,3.6,Low,23.7,33.9,3,0
727,Male,9,16,72.5,40.8,0,9800,4.6,Secondary,0,0,0,1,0,1,1.5,Medium,38.1,22.5,0,0
728,Male,8,12,69.5,53.3,1,14500,4.6,Secondary,1,0,0,1,0,0,2.3,Low,25.9,20.9,0,1
729,Male,9,14,86.6,79.6,0,12100,2.3,No Schooling,1,0,1,1,1,0,7.6,High,39.6,36.7,0,0
730,Male,10,15,81.0,32.6,0,5500,2.9,Primary,0,0,0,0,0,1,4.8,High,55.7,37.4,0,0
731,Male,8,14,85.6,54.2,2,3300,5.6,Primary,0,1,0,0,1,1,3.4,High,44.6,52.6,1,0
732,Male,6,13,81.1,55.0,2,4500,1.9,Higher Secondary,0,0,0,0,0,1,3.6,Medium,29.1,18.7,1,0
733,Male,9,14,80.4,90.3,0,13400,0.7,Primary,0,0,0,0,0,1,6.6,Low,52.7,34.3,2,0
734,Male,10,14,86.7,100.0,0,11800,6.2,Primary,0,1,0,0,1,1,8.0,Low,50.1,36.4,0,0
735,Male,7,11,78.6,48.7,1,7100,0.6,No Schooling,0,0,1,1,0,1,3.9,Low,48.1,12.2,0,1
736,Female,8,12,55.6,58.7,0,6900,1.5,Higher Secondary,0,0,1,0,0,0,2.6,Medium,30.3,20.3,0,1
737,Male,7,12,87.5,64.8,0,6500,1.4,No Schooling,0,0,0,0,0,1,3.2,Medium,22.9,26.6,0,0
738,Male,7,14,50.7,73.7,3,3800,1.8,Higher Secondary,0,0,0,1,0,1,5.6,Low,39.2,17.6,0,0
739,Male,9,14,63.9,44.8,0,15400,0.3,Primary,0,1,1,0,0,1,3.6,Low,29.2,29.7,0,0
740,Male,7,12,81.6,60.4,3,3700,5.3,Primary,1,0,0,1,1,1,5.2,Low,38.4,13.3,0,0
741,Male,10,16,86.6,69.7,0,8800,3.6,Secondary,0,0,1,0,1,1,2.4,Low,38.4,24.3,0,0
742,Male,9,15,80.1,71.9,0,19800,7.0,No Schooling,1,0,0,1,0,1,6.6,Low,46.5,24.8,0,0
743,Female,6,11,80.3,99.4,0,7900,0.1,Primary,0,0,1,0,0,1,5.9,Low,44.3,37.2,0,0
744,Male,9,13,84.2,57.4,0,24500,1.5,Secondary,0,0,0,0,1,1,4.2,Low,29.5,46.0,0,0
745,Male,9,13,89.9,100.0,0,3800,5.5,Higher Secondary,1,0,1,1,1,1,5.3,Low,43.2,39.9,0,0
746,Male,8,12,71.9,51.1,1,3200,9.2,Secondary,0,0,0,0,1,1,2.8,Medium,48.6,17.3,0,0
747,Male,8,12,91.3,62.4,0,3000,2.9,No Schooling,0,0,1,0,1,1,2.5,Medium,36.6,22.0,0,0
748,Male,10,15,78.0,34.1,0,13700,0.2,Higher Secondary,0,0,1,0,0,1,4.1,Low,34.1,5.5,1,1
749,Female,7,13,91.1,58.5,2,3000,1.8,Higher Secondary,0,0,1,0,0,1,3.7,Low,59.0,43.8,0,1
750,Female,6,12,69.1,100.0,4,24700,5.3,Higher Secondary,0,0,0,0,1,1,4.0,Medium,39.0,40.4,1,0
751,Male,7,14,89.7,57.8,0,27300,0.1,Primary,0,0,1,1,0,0,3.0,Low,53.0,15.4,0,0
752,Male,7,12,49.2,37.8,0,9800,1.5,Secondary,0,0,0,0,0,0,0.0,Low,35.8,34.2,1,1
753,Male,9,15,86.6,100.0,0,4600,0.2,Primary,0,0,1,0,0,0,3.4,Medium,45.4,34.7,0,1
754,Male,6,13,67.1,48.5,1,3000,5.3,Primary,0,0,0,0,0,1,3.2,Medium,36.7,37.8,0,0
755,Female,9,13,80.1,48.9,2,10700,5.6,Secondary,0,0,0,1,1,1,4.0,High,46.1,19.8,2,0
756,Male,8,15,92.1,34.3,1,8000,2.8,Primary,0,0,1,1,0,1,6.4,Low,44.2,30.5,0,0
757,Male,10,14,95.0,65.9,3,9500,0.4,No Schooling,0,0,1,0,0,1,3.0,Medium,49.9,20.1,0,1
758,Female,8,14,82.2,73.3,0,11800,0.3,No Schooling,0,0,1,0,0,1,6.4,Medium,49.0,26.3,0,0
759,Male,10,17,92.2,60.4,3,3800,0.7,Secondary,0,0,0,0,1,0,4.6,Low,45.9,24.0,2,0
760,Male,10,15,85.0,83.0,1,7000,1.5,Secondary,1,0,1,0,1,1,5.6,Medium,59.2,50.1,1,0
761,Female,6,12,84.8,96.6,1,9000,5.4,No Schooling,0,0,0,0,1,1,4.9,Low,53.0,38.3,1,0
762,Male,9,15,97.3,99.7,1,40000,3.1,Graduate,0,0,1,1,0,1,5.8,Low,75.1,35.0,1,0
763,Male,6,12,83.5,55.5,0,14000,0.2,No Schooling,0,0,1,0,1,1,4.4,Low,30.6,17.4,0,0
764,Male,10,16,84.5,91.9,2,9000,2.0,Primary,0,0,1,0,1,0,4.7,Medium,30.4,46.7,0,0
765,Female,9,16,82.9,70.2,0,4000,7.8,Graduate,0,1,1,1,0,1,6.9,Medium,28.1,26.5,1,0
766,Male,7,11,70.3,71.4,0,19800,1.6,Primary,0,0,0,0,1,1,3.0,High,31.4,47.4,0,0
767,Male,7,12,97.3,97.2,3,26500,8.0,Primary,0,0,0,0,0,1,6.3,Low,55.6,49.5,0,1
768,Male,7,14,68.0,43.3,0,3000,1.8,Secondary,0,0,1,0,0,1,3.2,High,23.8,14.1,0,0
769,Male,9,14,85.1,91.0,5,3000,0.3,Higher Secondary,0,0,0,1,0,1,6.7,Medium,48.4,25.6,0,1
770,Female,9,14,79.9,83.2,2,8500,1.8,Primary,1,0,1,0,0,1,5.9,Low,42.0,40.1,0,0
771,Male,6,12,92.8,74.6,1,7100,0.1,Higher Secondary,0,0,0,0,1,1,4.3,Medium,38.2,7.7,0,0
772,Female,7,14,85.8,100.0,2,21900,0.4,Higher Secondary,1,0,1,0,0,0,5.2,Low,41.0,41.3,0,0
773,Female,7,12,90.7,93.9,2,3700,4.2,No Schooling,0,0,0,0,1,0,5.0,Low,47.3,26.2,0,0
774,Female,8,15,69.3,77.5,1,4200,1.8,Secondary,0,0,0,0,1,1,3.5,Low,36.5,61.1,0,0
775,Male,6,12,89.5,82.6,1,3000,0.5,Secondary,0,0,1,0,0,0,3.8,Low,36.9,36.6,0,0
776,Female,7,11,80.1,58.4,1,4000,6.0,Higher Secondary,0,0,1,0,0,1,3.5,Medium,33.4,25.5,0,0
777,Female,10,17,68.1,43.3,0,9100,1.4,Higher Secondary,0,0,0,0,0,1,3.1,Low,38.0,22.5,0,0
778,Male,8,13,83.2,36.2,1,3000,4.4,No Schooling,1,1,1,0,1,1,3.9,Medium,31.8,15.0,0,1
779,Female,9,14,92.7,56.0,0,50000,3.3,Primary,1,0,1,0,0,1,4.8,High,37.2,48.1,0,0
780,Female,8,14,90.6,43.6,2,3000,13.8,Primary,0,0,1,0,1,1,2.6,Low,30.6,24.5,0,0
781,Male,8,14,75.3,48.8,1,5500,3.3,Secondary,1,0,1,0,0,1,5.5,Low,44.5,19.1,0,0
782,Female,8,14,86.8,81.6,0,9500,2.9,Higher Secondary,0,0,1,1,0,1,6.7,Medium,35.0,30.8,1,0
783,Male,7,11,76.3,70.6,4,19900,0.8,Secondary,0,0,0,0,0,1,2.9,Low,29.5,36.9,0,1
784,Female,7,14,83.6,47.3,4,4000,2.8,Primary,0,0,0,0,1,0,1.5,Low,52.6,38.2,0,1
785,Female,10,15,64.3,80.5,1,3000,0.1,Graduate,0,0,0,0,1,1,4.8,Low,31.1,42.7,0,0
786,Male,10,14,54.0,54.4,0,3900,0.8,Graduate,0,0,0,0,1,1,1.9,Medium,16.4,39.7,0,1
787,Female,9,15,81.0,93.5,2,29200,0.3,No Schooling,0,0,0,0,0,1,5.1,High,41.7,32.5,0,0
788,Male,6,12,90.7,73.7,3,3000,0.3,Primary,0,0,0,0,0,0,4.4,Low,42.6,27.9,1,0
789,Female,6,10,60.8,91.0,0,16800,0.5,Primary,1,1,0,0,0,1,6.1,Low,22.8,39.6,0,0
790,Female,6,13,80.5,56.6,0,9900,1.0,Primary,0,0,0,0,1,0,3.0,Medium,25.2,24.3,0,0
791,Male,10,16,86.1,53.1,3,10700,1.2,Secondary,1,0,0,0,0,0,2.8,Low,52.5,34.1,0,0
792,Male,9,16,79.8,64.2,2,18800,2.5,No Schooling,0,0,1,1,0,0,4.7,Low,45.9,28.1,0,0
793,Male,8,14,94.9,92.6,4,4800,2.2,Graduate,0,0,0,0,1,1,6.4,Medium,40.9,44.4,0,1
794,Male,10,14,71.5,71.6,1,16100,5.9,Higher Secondary,1,0,0,0,0,0,3.8,Medium,16.0,34.6,0,1
795,Male,6,10,91.1,81.3,0,9000,3.2,Secondary,0,1,0,0,0,1,5.1,Medium,53.0,31.9,1,0
796,Male,8,15,72.0,47.7,1,3200,2.4,Secondary,0,0,0,0,1,0,2.4,Low,24.6,26.9,1,0
797,Male,6,12,84.6,83.9,0,7600,4.1,No Schooling,1,0,1,0,0,1,5.4,Low,52.9,46.9,1,0
798,Male,7,11,87.7,84.3,1,7900,0.7,Graduate,0,0,1,1,0,1,4.4,Medium,57.0,28.8,0,0
799,Female,10,14,76.0,89.5,0,3000,1.4,Higher Secondary,1,0,0,0,0,1,4.7,Medium,47.5,62.3,1,0
800,Female,10,16,44.4,58.8,2,4100,4.3,Secondary,1,1,0,0,1,0,2.8,Low,32.4,35.8,0,0
801,Female,6,12,88.0,62.3,1,11400,2.2,No Schooling,0,0,0,0,0,1,3.6,Medium,48.5,27.6,0,0
802,Male,7,11,72.5,94.4,0,9000,13.1,Graduate,1,0,0,1,0,1,4.1,Low,36.7,34.0,0,0
803,Female,8,12,75.3,17.7,0,16900,1.3,Secondary,1,1,0,0,0,1,0.0,Medium,24.7,10.9,2,0
804,Female,6,12,70.5,46.8,1,19900,0.2,No Schooling,0,0,0,0,1,1,4.9,Low,33.8,41.9,2,0
805,Male,8,13,95.4,66.8,2,4300,0.2,Secondary,1,0,0,1,0,0,5.1,Medium,43.5,19.1,0,0
806,Male,8,12,83.8,71.6,3,4800,7.7,No Schooling,0,0,1,0,1,1,4.5,Low,43.0,30.8,0,0
807,Female,7,11,86.5,89.1,3,3000,1.4,No Schooling,0,1,0,0,0,1,3.1,Medium,46.1,40.6,0,0
808,Male,7,11,83.3,100.0,0,11600,5.8,Secondary,0,0,0,0,0,0,5.3,Low,38.4,30.9,0,0
809,Male,7,13,70.4,100.0,1,5500,0.9,Higher Secondary,0,1,0,0,0,1,8.0,High,39.9,23.0,0,0
810,Female,10,15,80.3,50.9,1,18300,1.8,Secondary,0,0,0,0,1,1,3.0,Low,37.6,25.1,0,0
811,Male,7,11,78.8,77.3,0,16700,3.8,Primary,0,0,0,0,0,0,1.4,Low,46.3,33.4,0,0
812,Male,8,15,91.7,100.0,0,11400,2.8,No Schooling,0,0,0,0,0,1,6.2,Low,35.2,40.5,0,0
813,Female,7,13,88.8,50.8,1,6000,0.1,Primary,0,0,0,0,0,1,4.3,Low,39.8,45.5,0,0
814,Female,9,15,89.8,100.0,3,17400,1.7,Primary,0,0,0,0,0,1,6.1,Medium,28.4,43.1,0,1
815,Male,6,10,95.8,73.7,0,8100,1.1,Higher Secondary,0,0,1,0,1,1,5.0,Medium,49.8,55.3,0,0
816,Female,6,12,87.5,100.0,1,9600,3.4,Higher Secondary,0,0,0,0,1,1,7.2,Low,66.2,70.4,0,0
817,Female,9,16,64.5,49.4,0,3000,3.0,Primary,1,1,0,0,0,1,4.2,Low,19.3,11.3,1,0
818,Female,9,15,79.9,22.1,0,10600,1.6,Higher Secondary,1,0,0,0,0,1,0.9,Medium,49.5,22.5,1,1
819,Female,7,12,67.9,53.4,0,8400,0.4,Higher Secondary,0,0,0,0,0,1,0.0,Low,46.8,43.8,0,0
820,Male,7,12,68.5,58.7,2,7500,2.4,Primary,0,0,0,0,1,0,4.9,Medium,19.9,26.4,0,0
821,Male,10,17,84.6,64.7,0,5400,2.5,Secondary,0,0,0,0,0,1,2.6,Low,70.5,33.0,0,0
822,Female,6,10,69.4,84.4,1,3000,0.5,Primary,0,0,0,0,0,1,2.6,High,48.6,42.5,0,0
823,Male,6,10,97.2,79.3,0,7800,0.6,No Schooling,0,0,1,1,0,1,6.3,High,32.0,22.5,0,0
824,Female,8,12,58.7,31.6,0,3000,3.6,Secondary,0,0,0,0,0,1,2.5,High,33.9,15.9,1,1
825,Female,7,13,61.1,94.3,1,6900,5.2,Higher Secondary,0,0,1,0,0,0,6.0,Medium,35.3,28.8,1,0
826,Male,9,14,68.1,56.8,0,5400,0.1,No Schooling,0,0,0,1,0,0,4.6,High,33.2,39.7,1,0
827,Female,9,13,95.1,60.5,0,20300,2.0,Secondary,0,0,1,0,1,1,2.5,Medium,55.6,41.8,0,0
828,Male,8,15,74.3,65.1,2,30000,0.6,Secondary,0,0,1,1,1,1,2.9,Low,40.9,42.6,1,0
829,Female,8,14,81.7,34.9,0,3000,2.2,Secondary,0,0,1,0,0,1,5.9,Low,34.7,30.7,0,0
830,Male,8,12,82.9,56.8,0,14000,5.0,Primary,0,0,1,0,0,1,5.0,High,28.7,17.9,0,1
831,Female,9,16,77.3,74.1,1,5100,0.3,Higher Secondary,0,0,1,1,0,0,4.7,Low,37.5,35.1,1,0
832,Female,6,12,64.9,44.1,1,5800,3.7,Primary,1,0,0,0,0,1,1.8,Low,22.5,12.5,1,0
833,Male,7,11,58.9,24.3,3,5700,4.9,No Schooling,0,0,1,0,0,1,0.5,Medium,15.5,22.4,0,1
834,Female,9,16,90.2,52.1,0,20100,1.1,No Schooling,0,0,0,0,0,1,6.2,High,34.2,34.1,0,0
835,Female,7,11,95.3,71.8,1,7500,7.7,Graduate,0,0,1,0,0,0,5.3,Medium,26.5,57.7,0,0
836,Female,6,13,83.9,98.8,0,10900,3.6,Secondary,0,0,1,0,0,0,5.3,Medium,45.5,37.4,0,1
837,Female,7,12,70.9,64.6,0,3000,2.6,No Schooling,1,0,1,0,0,1,7.8,Low,18.8,38.5,0,1
838,Female,9,14,43.1,48.4,2,3600,7.5,Primary,0,0,1,1,0,1,3.7,Medium,31.7,38.2,0,0
839,Male,6,10,89.0,65.9,4,5500,0.9,Graduate,0,0,0,0,1,1,3.4,Medium,38.4,26.9,0,1
840,Male,9,16,74.5,53.1,0,8100,1.7,Primary,0,1,1,0,0,1,1.5,High,53.0,21.0,0,0
841,Male,9,15,63.4,48.1,0,12900,4.5,Primary,0,1,0,0,0,1,3.0,Medium,67.9,48.4,0,0
842,Female,9,15,95.0,100.0,1,5400,2.7,No Schooling,0,0,0,0,1,1,5.6,Medium,55.4,21.7,1,0
843,Female,7,14,70.9,72.3,1,21600,5.7,Higher Secondary,0,0,1,0,1,1,2.4,High,40.9,33.2,1,0
844,Male,9,15,92.9,78.8,2,6700,3.1,Primary,0,0,1,0,0,0,7.7,Medium,69.3,59.0,0,0
845,Male,6,11,81.9,69.1,0,5000,1.9,Higher Secondary,0,1,0,1,1,1,4.6,Low,41.0,66.7,0,0
846,Female,10,17,96.2,58.5,1,14800,1.4,No Schooling,0,0,0,0,1,1,2.9,Low,60.2,13.3,0,0
847,Male,9,15,77.2,73.9,0,13300,11.5,No Schooling,0,0,0,0,0,1,6.9,Medium,62.5,30.1,0,0
848,Female,6,10,80.2,57.4,2,3000,2.6,Primary,0,1,0,0,0,0,4.5,Low,60.4,25.2,0,1
849,Male,9,16,82.2,100.0,1,24500,4.8,No Schooling,0,0,0,1,0,1,5.1,Low,30.8,31.7,0,0
850,Female,8,15,83.8,57.4,1,5500,0.6,Secondary,0,0,1,0,1,1,2.3,High,56.2,51.9,0,0
851,Male,8,12,73.9,47.5,0,6900,2.5,No Schooling,1,0,1,0,0,1,3.9,Low,36.2,33.8,0,0
852,Male,7,13,84.8,70.4,0,4400,3.4,No Schooling,0,0,1,1,1,1,3.6,High,28.3,13.2,1,0
853,Female,8,15,70.0,54.1,0,6000,0.4,Secondary,0,0,0,0,0,1,4.9,Low,33.5,33.5,0,0
854,Female,9,16,96.6,25.0,0,3000,4.9,No Schooling,0,0,0,0,1,1,0.0,Low,51.9,25.1,0,0
855,Male,10,14,54.1,95.0,0,9900,8.7,Primary,1,0,0,0,0,0,4.8,Low,23.4,33.3,0,0
856,Male,7,14,72.3,64.4,0,5200,3.2,Secondary,0,0,1,0,0,0,5.6,Medium,47.7,33.8,1,0
857,Female,9,13,63.3,62.1,0,6500,4.6,Primary,0,0,1,0,1,1,1.7,Low,48.5,41.7,0,0
858,Female,9,15,66.7,71.0,0,16000,2.1,Primary,0,1,1,0,0,1,3.9,Low,23.7,26.7,0,0
859,Male,9,15,49.6,27.7,0,11000,1.6,Higher Secondary,1,0,0,0,0,1,3.7,Low,15.8,0.0,1,0
860,Male,8,12,84.6,50.6,0,8000,6.1,Primary,0,1,0,0,0,1,4.6,Low,33.7,29.3,0,0
861,Female,7,13,81.9,59.6,0,31800,0.5,Secondary,0,0,0,0,0,1,4.7,High,53.2,29.7,1,0
862,Female,9,14,89.7,44.5,1,3500,2.1,No Schooling,1,0,0,0,0,0,4.4,Medium,48.6,40.3,0,0
863,Female,7,14,95.1,96.1,5,8400,3.0,Secondary,0,0,1,0,0,1,8.0,Low,39.8,36.5,1,1
864,Female,6,13,90.5,85.5,0,19500,5.7,Graduate,0,0,1,1,1,1,2.7,Low,33.4,38.7,0,0
865,Male,8,14,92.7,37.6,0,23300,0.4,Graduate,0,0,0,0,0,1,0.9,Low,39.0,26.3,0,0
866,Female,7,13,77.6,76.3,0,3000,12.1,Primary,0,0,0,0,0,1,4.3,Low,57.9,46.7,0,0
867,Female,6,10,72.8,51.0,0,4800,2.5,No Schooling,0,0,0,1,0,1,3.6,Medium,25.1,35.7,1,0
868,Female,6,13,87.9,73.8,0,17800,1.0,Higher Secondary,0,0,1,1,0,1,5.1,Medium,59.4,35.5,0,1
869,Male,9,15,88.7,79.7,0,5800,0.1,Secondary,0,0,0,0,0,1,3.7,Low,45.5,30.5,0,0
870,Male,10,15,91.4,87.2,0,8300,1.4,No Schooling,1,0,0,0,0,0,7.2,Low,41.1,40.0,0,0
871,Female,8,12,71.9,72.9,0,5700,4.6,Graduate,0,1,1,0,1,1,5.3,Medium,30.0,19.1,1,0
872,Male,6,12,89.2,41.0,0,7900,1.3,Higher Secondary,0,0,1,0,0,1,6.0,Low,35.0,32.9,0,0
873,Female,9,16,61.7,62.4,0,3000,0.1,Primary,1,1,0,0,0,1,5.7,Low,31.6,35.2,0,0
874,Male,7,14,76.8,72.6,0,6100,1.8,Higher Secondary,0,0,1,0,0,1,5.6,Low,27.6,38.9,1,0
875,Female,10,14,90.0,67.7,0,7700,8.2,Primary,0,0,0,0,1,1,2.8,Low,50.3,46.9,0,0
876,Female,8,15,83.1,63.7,0,5900,0.9,Secondary,0,1,0,0,1,1,2.5,Low,40.9,31.9,0,0
877,Male,7,11,61.9,53.8,0,8700,1.8,Primary,1,0,0,0,1,1,3.2,Low,48.4,31.8,2,0
878,Male,8,13,67.0,92.0,1,3200,2.5,Higher Secondary,0,0,0,0,0,0,4.0,High,30.7,49.5,0,0
879,Female,7,12,81.7,57.8,0,9800,0.9,Higher Secondary,1,0,1,0,0,0,0.8,Low,37.9,41.9,0,0
880,Female,9,13,73.3,71.9,0,25700,1.7,Higher Secondary,0,0,0,0,1,1,3.9,Low,22.5,41.5,1,1
881,Male,6,10,77.0,53.9,0,20000,1.2,Primary,0,0,1,1,0,1,7.5,Medium,56.2,23.7,0,1
882,Female,10,17,97.3,100.0,1,13300,0.1,No Schooling,0,1,1,1,1,1,7.5,Medium,65.2,30.6,1,0
883,Female,9,15,81.4,42.3,3,9700,0.3,Graduate,0,0,0,0,0,1,1.1,Medium,31.9,32.7,1,1
884,Male,10,17,84.1,77.8,0,4900,0.2,Primary,1,0,0,0,1,0,5.2,Low,30.0,24.5,1,0
885,Male,10,16,91.6,85.9,1,5700,1.3,No Schooling,0,0,0,0,0,0,5.1,Medium,50.9,29.4,1,0
886,Male,7,12,77.9,65.0,0,14800,1.6,Higher Secondary,0,0,0,0,0,0,2.8,Low,49.8,20.2,0,0
887,Male,8,12,77.8,82.3,0,7300,1.4,Higher Secondary,0,0,1,1,0,1,5.4,Low,39.2,30.0,1,0
888,Male,10,16,84.4,77.5,0,35600,1.4,Secondary,0,1,0,0,0,1,3.3,Medium,35.4,36.6,1,0
889,Male,7,14,88.0,40.4,0,3000,0.9,Higher Secondary,0,1,1,0,0,1,1.4,High,56.1,38.8,0,0
890,Female,6,10,78.6,34.3,0,7000,1.2,Secondary,0,1,1,0,1,1,1.5,Low,48.3,13.8,2,0
891,Male,7,12,82.5,62.2,0,5500,5.1,Primary,0,0,0,1,0,1,1.3,Low,67.2,26.0,0,0
892,Female,7,12,73.8,53.5,3,37084,4.0,No Schooling,0,1,0,0,0,1,3.5,Medium,51.8,25.0,0,1
893,Male,10,17,76.7,31.9,0,16200,4.8,Primary,0,0,0,0,1,1,2.4,Low,42.8,19.6,0,0
894,Male,8,12,89.3,37.3,1,3300,1.0,Graduate,0,1,0,0,0,1,1.1,High,61.1,12.4,0,1
895,Female,9,13,99.0,13.8,0,3200,2.1,Secondary,0,1,0,0,0,1,2.6,Low,62.8,11.5,0,0
896,Female,10,14,78.4,90.7,1,4700,1.1,Primary,0,0,0,0,1,0,4.1,Low,45.0,43.7,0,0
897,Male,7,11,95.6,100.0,2,11900,4.4,No Schooling,0,0,1,0,1,1,5.3,Medium,57.0,32.5,0,0
898,Male,9,16,78.6,35.5,0,11000,0.9,Primary,1,0,0,0,0,1,1.0,High,28.8,0.3,1,1
899,Male,6,11,77.6,24.2,0,3000,0.5,Primary,1,0,0,0,0,0,2.6,Low,29.0,31.3,0,0
900,Female,6,11,76.3,100.0,0,10000,0.3,Higher Secondary,0,0,0,0,0,1,5.0,Medium,45.7,41.7,1,0
901,Male,6,11,96.5,40.8,2,9100,1.5,No Schooling,0,0,0,0,0,0,3.9,Medium,28.8,18.4,1,0
902,Male,7,14,93.1,95.8,0,7800,3.5,Higher Secondary,0,0,1,1,0,1,6.6,Low,36.9,31.6,1,0
903,Male,7,13,81.5,93.0,0,12200,0.4,Higher Secondary,0,0,1,0,0,1,5.9,Low,46.6,60.2,0,0
904,Male,8,13,95.8,59.3,0,9500,5.8,No Schooling,0,1,0,0,0,1,4.6,High,30.9,24.9,1,0
905,Female,7,14,62.7,92.1,1,8600,1.3,Secondary,1,0,1,0,1,1,7.2,Medium,59.8,62.8,0,1
906,Female,6,10,58.9,39.8,0,18300,0.8,Graduate,0,0,1,0,1,1,3.7,High,44.8,40.2,0,0
907,Male,9,15,74.3,94.3,0,23600,10.0,Graduate,0,0,0,0,0,1,5.4,Medium,49.7,38.1,1,0
908,Male,6,11,94.8,70.1,0,6100,1.7,Secondary,1,0,0,0,0,1,4.7,Medium,56.1,41.6,1,0
909,Male,9,14,83.9,34.2,0,7700,0.2,Graduate,0,0,0,0,0,1,3.2,Medium,20.6,26.3,1,0
910,Male,10,14,69.5,100.0,2,13000,9.9,Primary,1,0,0,0,1,1,4.8,Low,44.1,31.7,0,1
911,Female,9,13,74.1,44.3,1,7100,0.5,Secondary,0,0,0,0,0,1,2.1,Low,51.2,31.9,0,0
912,Female,8,14,83.0,46.5,2,13200,1.6,Secondary,0,0,0,1,0,0,4.2,Medium,38.6,43.9,0,1
913,Female,9,16,49.1,81.4,1,8900,0.2,Higher Secondary,0,0,1,0,0,1,6.1,Low,30.2,38.9,0,0
914,Female,9,16,87.0,100.0,1,14000,6.4,Primary,0,0,1,1,0,1,8.0,Low,45.9,38.6,0,0
915,Female,10,14,71.9,26.3,3,13000,4.6,No Schooling,0,0,1,0,0,1,2.2,Low,23.3,21.9,0,1
916,Female,10,17,92.4,99.3,0,7600,12.4,Secondary,1,0,0,0,0,1,6.8,Low,39.0,21.5,0,0
917,Male,7,11,92.3,70.0,1,15200,2.4,Primary,0,0,0,0,0,1,4.3,Low,13.2,35.3,0,0
918,Male,8,15,69.7,49.5,0,13300,7.5,Higher Secondary,0,0,0,0,0,1,6.9,Low,31.0,44.4,0,0
919,Male,9,15,76.8,51.8,0,41100,0.2,Secondary,1,0,0,0,0,0,6.2,Low,38.0,24.0,1,0
920,Female,6,13,88.9,68.5,0,3000,0.1,No Schooling,1,0,1,0,0,0,2.4,Medium,38.8,17.7,0,0
921,Male,8,12,83.1,45.5,0,12900,2.1,Secondary,1,0,0,0,0,1,4.6,Low,44.8,45.3,0,0
922,Female,9,16,92.6,88.1,0,16800,1.3,No Schooling,0,0,1,0,0,1,3.0,Low,53.6,49.2,0,0
923,Female,9,14,88.6,68.2,0,38500,7.2,Primary,0,0,1,1,0,1,8.0,Low,33.5,48.9,0,0
924,Female,7,13,85.7,69.2,1,5700,7.0,Primary,0,0,0,0,0,0,4.0,High,46.0,31.4,0,0
925,Male,7,13,67.7,78.2,1,8800,1.9,Primary,0,0,0,0,0,1,4.3,Medium,28.6,34.2,0,0
926,Male,6,12,65.3,45.3,0,5900,0.4,Graduate,0,0,0,0,0,1,0.0,Medium,45.7,48.1,0,0
927,Male,8,14,51.1,56.7,5,28100,1.2,Secondary,1,1,0,0,0,1,3.3,Medium,34.1,35.2,0,1
928,Female,10,15,83.5,75.6,1,4700,0.5,Primary,0,0,0,0,1,1,3.4,Low,44.3,40.7,0,0
929,Female,10,15,90.9,63.5,0,5800,8.4,Secondary,0,1,0,1,0,1,3.2,Low,68.1,21.4,0,0
930,Female,7,11,92.0,55.9,0,3000,1.5,Secondary,0,0,0,0,0,0,4.3,Medium,42.2,0.0,0,0
931,Male,7,13,70.6,83.9,2,3000,7.5,Graduate,0,0,0,0,0,1,6.2,Medium,52.8,51.2,0,0
932,Male,9,15,89.5,36.0,0,8100,0.1,No Schooling,0,0,0,0,0,1,2.2,Low,33.4,25.6,0,0
933,Male,9,15,79.0,85.9,0,7500,1.2,Primary,0,1,1,0,1,0,5.3,Medium,33.2,55.5,0,0
934,Female,8,14,95.4,62.5,0,6900,0.7,Secondary,1,0,0,0,0,1,4.6,Low,44.8,29.4,0,0
935,Female,7,12,82.3,84.2,0,12400,6.6,Higher Secondary,1,0,1,1,0,1,4.8,Low,54.3,31.7,0,0
936,Male,6,10,65.9,85.2,2,13900,1.0,Secondary,0,0,1,0,0,1,3.3,Low,35.8,28.1,0,0
937,Female,9,16,90.3,61.8,1,5000,0.2,Secondary,0,0,0,0,1,0,6.5,Medium,47.3,21.1,0,0
938,Male,8,15,94.3,100.0,0,8500,0.5,Primary,0,0,1,1,0,1,4.1,High,49.6,30.4,0,0
939,Female,7,14,68.8,46.2,0,7500,3.4,Graduate,0,1,1,0,1,1,4.0,Low,29.1,16.1,1,0
940,Male,10,14,82.1,75.7,4,8100,0.1,Higher Secondary,0,0,1,1,0,0,6.3,Low,42.5,66.4,1,0
941,Male,9,15,80.4,83.4,1,23100,0.4,Secondary,0,0,0,0,0,1,7.5,Medium,45.4,37.7,1,1
942,Female,10,16,88.2,64.6,1,10800,0.6,No Schooling,0,0,0,1,0,1,3.6,Low,50.2,46.2,2,0
943,Male,8,12,85.2,100.0,0,16700,0.3,Graduate,0,1,1,0,0,0,5.6,Low,60.4,53.8,0,0
944,Male,8,15,85.9,76.3,5,7000,2.3,No Schooling,0,0,0,1,0,1,5.6,Medium,52.3,55.7,0,1
945,Male,10,17,91.1,51.0,1,3700,5.3,Higher Secondary,0,0,0,0,0,1,3.8,Low,46.9,36.6,0,0
946,Male,10,15,73.3,49.6,0,17200,6.7,Secondary,0,0,0,0,0,1,4.1,Low,39.6,40.3,1,0
947,Female,10,16,94.9,87.4,3,13500,1.3,No Schooling,0,0,0,0,0,1,7.1,Low,60.9,23.9,0,1
948,Female,9,16,79.8,51.6,0,5800,1.0,No Schooling,0,0,0,0,0,1,4.1,Low,57.2,28.7,0,0
949,Female,8,15,85.9,100.0,0,7100,6.1,Graduate,0,0,0,0,1,1,4.7,Low,52.1,52.9,0,0
950,Male,6,13,77.1,79.5,0,11900,1.9,Secondary,0,1,0,0,0,1,8.0,Low,47.7,56.0,1,0
951,Female,7,14,72.6,36.4,2,10400,0.9,Primary,0,1,0,0,1,1,2.6,Medium,23.4,20.5,1,1
952,Male,10,16,78.5,74.0,0,7400,15.0,No Schooling,0,0,0,0,1,1,5.0,Low,55.4,39.2,0,0
953,Male,7,14,73.2,33.3,0,3800,0.2,No Schooling,0,0,0,0,0,1,1.7,Medium,30.8,18.1,0,0
954,Male,9,16,47.7,27.9,0,30900,1.1,No Schooling,0,0,1,1,1,1,0.0,Low,40.8,14.9,1,0
955,Female,10,14,81.4,45.6,4,8100,5.9,Primary,1,0,0,0,0,1,0.3,High,34.7,42.6,1,1
956,Female,10,16,81.5,33.3,0,48633,4.4,Secondary,0,0,1,0,1,1,2.6,Medium,22.1,22.2,0,0
957,Female,10,15,82.3,81.9,0,3000,5.2,Secondary,0,0,1,0,0,1,2.6,Low,39.7,55.1,1,0
958,Male,8,13,96.8,88.3,2,3400,5.3,Secondary,1,0,0,0,0,1,2.7,Medium,56.7,48.7,0,0
959,Male,8,12,82.5,72.1,0,17500,0.7,Secondary,1,0,1,0,0,1,4.9,High,33.4,43.2,0,0
960,Female,10,16,91.3,80.4,0,7100,0.5,Primary,0,0,1,0,0,0,5.3,Low,69.1,49.4,0,0
961,Female,6,13,80.1,62.6,2,16900,2.3,Graduate,0,0,1,1,1,1,3.6,Low,44.4,28.5,0,1
962,Male,6,11,72.0,42.3,0,5400,0.8,No Schooling,0,0,1,0,0,1,4.5,Low,50.4,45.6,1,0
963,Male,10,16,96.0,87.3,0,7400,0.2,Secondary,0,0,1,0,0,1,4.5,Low,24.3,45.9,0,0
964,Male,9,14,58.7,33.4,0,4800,8.1,Higher Secondary,0,0,0,0,0,1,3.0,Low,39.4,47.3,2,0
965,Female,8,14,86.5,98.9,1,16100,3.4,Primary,1,0,0,1,0,1,7.1,Low,40.3,14.3,0,0
966,Male,6,10,97.8,66.7,0,6400,2.3,Primary,0,0,1,1,0,1,3.0,Medium,59.4,56.7,0,0
967,Female,8,15,79.9,66.2,2,14500,0.3,Secondary,0,0,0,0,0,1,3.6,Low,29.4,15.8,1,0
968,Male,10,15,93.6,70.6,0,23300,3.2,Higher Secondary,0,0,0,1,0,0,4.1,Medium,56.5,32.4,0,0
969,Female,8,14,75.7,86.0,0,7000,2.5,Primary,0,0,0,0,0,1,5.1,Medium,61.0,49.9,0,0
970,Male,7,14,71.4,87.4,2,7600,1.3,Primary,0,0,0,0,0,0,4.0,Medium,59.7,48.7,1,0
971,Male,8,12,98.0,86.4,0,5600,0.4,No Schooling,0,0,0,0,0,0,8.0,Medium,57.4,36.2,0,0
972,Male,10,17,93.7,78.8,0,38170,4.8,Higher Secondary,0,0,1,1,0,1,7.6,Low,45.7,28.6,0,0
973,Male,10,16,62.4,41.5,3,7500,2.7,Primary,0,0,1,1,0,1,3.5,Low,33.2,11.4,2,1
974,Female,7,14,69.9,67.9,0,6900,2.7,Primary,0,1,0,1,1,1,2.8,Medium,33.2,33.0,0,0
975,Male,8,14,87.1,100.0,1,3700,1.7,No Schooling,0,0,1,0,1,1,8.0,Medium,51.8,49.2,1,0
976,Female,7,11,95.3,47.7,1,5500,1.2,Primary,1,0,1,0,1,0,4.8,Low,50.2,35.8,0,0
977,Male,8,14,98.1,53.7,0,6000,6.7,Higher Secondary,0,0,0,1,0,1,5.3,Low,48.6,25.0,0,0
978,Male,6,12,84.9,36.0,0,17400,2.8,No Schooling,0,0,0,0,0,1,2.6,Low,21.9,34.9,0,0
979,Female,8,15,85.1,67.5,0,6600,2.7,Higher Secondary,0,0,1,0,1,1,5.2,Low,39.9,41.3,0,0
980,Male,8,14,91.5,39.7,1,6300,3.6,Primary,0,0,1,0,0,0,4.5,Medium,35.0,23.6,0,0
981,Female,7,12,72.4,29.5,0,13800,0.9,No Schooling,0,0,1,1,0,1,0.1,Low,42.2,27.5,0,0
982,Female,7,11,88.5,58.9,0,8300,0.7,Graduate,0,0,0,0,0,1,4.1,Low,52.8,21.8,0,0
983,Female,6,11,88.0,90.2,0,3800,0.4,Higher Secondary,0,0,0,0,0,1,5.7,High,43.0,47.6,0,1
984,Male,6,12,55.1,59.4,1,24000,0.7,Secondary,0,0,1,0,1,1,5.0,Low,13.8,43.9,0,0
985,Male,9,14,64.0,50.6,2,5500,0.2,Secondary,0,0,1,1,0,1,4.7,High,43.7,24.9,1,1
986,Female,7,12,97.1,54.0,1,9900,0.6,Primary,0,0,0,0,0,1,3.3,Medium,26.4,10.4,0,0
987,Male,6,10,93.6,19.9,1,11100,8.0,Primary,1,0,0,0,0,1,0.3,Low,22.3,27.0,1,0
988,Male,10,17,78.8,39.4,0,3000,5.4,Secondary,0,0,0,0,0,1,0.0,Low,42.3,12.4,1,0
989,Male,7,14,97.5,66.0,0,6400,0.3,No Schooling,1,0,1,0,0,1,4.7,Low,56.1,33.4,0,0
990,Female,10,15,95.9,56.5,0,5400,0.4,No Schooling,0,0,0,0,0,1,3.9,Low,61.1,41.4,0,0
991,Female,8,12,71.8,76.1,1,3500,2.2,Secondary,0,0,0,1,0,1,3.4,Medium,45.4,24.4,0,0
992,Female,9,16,71.0,28.0,1,7400,1.6,Higher Secondary,0,0,1,0,0,1,1.6,Medium,35.2,0.0,0,0
993,Female,8,15,87.7,100.0,0,8800,7.7,Primary,0,0,1,0,0,1,8.0,Medium,40.9,32.2,0,0
994,Male,6,13,66.0,97.9,1,11800,5.0,No Schooling,0,1,1,0,0,1,4.1,Low,44.5,43.8,0,0
995,Female,10,16,89.0,78.1,1,8800,8.8,No Schooling,1,0,0,0,1,1,2.0,Low,57.3,49.8,0,0
996,Male,10,16,96.5,31.3,1,7800,1.2,Primary,0,0,0,0,1,1,2.9,High,19.0,10.2,1,0
997,Female,7,13,79.2,62.1,4,24800,3.5,No Schooling,0,0,1,1,0,0,3.0,Low,38.6,29.0,0,1
998,Male,9,13,68.2,59.1,0,6300,0.4,Graduate,0,1,1,0,0,1,5.3,Low,21.8,8.1,0,0
999,Female,8,14,76.3,69.4,1,3000,1.5,Primary,0,1,0,0,0,1,4.5,Medium,49.5,40.7,1,0
1000,Male,10,15,85.1,49.8,0,4600,0.6,Graduate,0,0,0,0,0,0,0.1,Low,36.6,36.8,0,0
1001,Male,9,16,61.7,28.9,0,17800,1.7,Primary,1,1,1,0,0,1,2.1,Low,20.6,21.4,1,1
1002,Male,6,13,79.5,55.0,0,7000,0.5,No Schooling,0,1,0,0,0,1,3.0,Low,39.9,33.0,0,0
1003,Male,10,14,91.5,65.1,0,4400,11.9,No Schooling,0,1,1,0,0,1,5.6,Low,30.5,19.6,1,0
1004,Male,10,14,69.1,43.7,0,13400,2.2,Graduate,0,0,1,0,0,1,3.4,Medium,35.2,32.9,2,0
1005,Female,9,14,91.1,57.7,2,24100,1.5,Secondary,0,0,1,1,0,1,4.4,High,63.0,30.7,0,0
1006,Male,6,10,83.5,61.3,0,7100,2.8,Secondary,1,0,1,0,0,0,7.3,Medium,42.3,39.5,0,0
1007,Female,9,13,82.2,80.3,1,12800,4.2,No Schooling,0,0,0,0,0,1,7.0,Low,47.4,11.0,0,0
1008,Male,9,16,98.8,35.9,1,22800,0.1,Secondary,0,0,1,0,0,1,1.4,Low,50.0,18.9,2,0
1009,Female,7,13,93.2,64.2,3,34900,1.5,No Schooling,0,0,0,0,0,0,2.8,Medium,23.3,25.0,0,0
1010,Male,10,17,92.2,79.8,0,12100,6.7,No Schooling,0,0,0,0,1,1,3.6,Medium,61.9,51.7,0,0
1011,Female,8,14,58.2,60.6,0,7900,0.7,No Schooling,0,0,1,1,0,1,3.1,Low,61.7,32.8,0,0
1012,Female,10,16,76.8,100.0,1,7800,1.1,Secondary,0,0,0,0,0,1,3.9,Low,58.3,34.7,0,0
1013,Male,9,15,68.9,46.8,2,3000,6.7,Higher Secondary,1,0,0,0,0,1,3.1,Low,52.1,44.5,0,0
1014,Female,7,11,53.2,53.0,0,3300,5.9,Secondary,0,0,1,0,0,1,2.4,Low,45.2,32.5,0,0
1015,Male,10,14,81.2,100.0,0,11600,1.8,No Schooling,0,1,1,1,0,1,5.9,Medium,40.9,36.6,0,0
1016,Male,8,13,84.9,69.1,0,50000,2.9,No Schooling,0,0,0,0,0,1,5.2,High,39.0,39.7,0,0
1017,Female,8,13,52.8,98.9,3,5500,1.9,Primary,0,0,0,0,1,0,6.1,Low,30.5,44.2,0,0
1018,Female,7,14,79.2,75.6,1,7000,1.1,Primary,0,0,0,0,1,0,2.9,Low,57.6,43.8,1,0
1019,Male,6,11,88.5,77.6,5,10900,0.4,No Schooling,0,0,1,0,0,1,4.5,Low,33.1,31.2,1,1
1020,Male,9,14,62.6,60.1,0,24400,0.8,No Schooling,0,0,1,0,1,1,4.2,Medium,44.7,25.4,0,0
1021,Female,8,14,85.5,64.4,0,4600,1.9,Secondary,0,1,0,0,0,1,3.6,Medium,23.1,27.4,0,0
1022,Female,10,14,78.6,42.3,1,6000,3.6,Higher Secondary,0,0,0,0,1,1,2.5,Medium,54.9,50.7,0,0
1023,Female,10,17,73.8,42.3,1,8300,2.5,Primary,0,0,1,0,1,1,1.5,Low,38.2,3.7,2,1
1024,Female,9,13,60.6,51.5,0,9100,1.0,Secondary,0,1,0,1,0,0,4.3,Medium,36.0,28.9,0,0
1025,Female,7,14,77.5,97.1,0,9500,6.8,No Schooling,0,1,0,1,1,1,6.3,Low,42.9,50.2,0,1
1026,Male,9,15,74.6,25.3,0,10800,0.3,Primary,1,0,0,1,0,1,1.4,Low,38.8,19.8,0,0
1027,Female,6,13,75.8,100.0,1,12400,3.1,Primary,0,0,1,0,0,1,7.6,High,35.2,57.3,0,0
1028,Male,10,15,81.2,78.0,0,10500,0.1,No Schooling,0,1,0,0,1,1,1.6,Medium,32.9,25.4,0,0
1029,Female,8,15,79.8,75.5,0,8300,1.0,Secondary,0,0,1,0,0,0,2.2,High,36.7,32.9,0,0
1030,Male,10,17,85.2,57.9,1,3200,6.6,Primary,0,0,1,0,0,0,7.2,Medium,29.4,23.2,0,0
1031,Female,7,12,89.6,70.4,1,3400,0.2,Primary,0,0,1,0,0,1,5.7,Medium,38.1,54.1,0,0
1032,Female,7,12,84.7,93.7,0,5000,0.5,No Schooling,0,0,1,0,1,1,5.1,Medium,28.8,53.6,1,0
1033,Male,10,14,73.6,61.0,1,18500,2.6,Secondary,0,0,0,0,0,1,4.3,Low,58.0,35.0,0,0
1034,Female,8,12,83.1,77.5,0,22600,2.1,Secondary,1,0,0,0,1,1,3.7,Medium,57.7,29.9,0,0
1035,Male,10,16,69.1,51.4,0,3300,0.1,Secondary,0,0,0,0,0,1,5.8,Low,20.0,37.4,0,0
1036,Female,10,17,84.8,66.0,4,16200,0.2,Primary,0,0,1,0,1,1,5.8,Low,19.8,29.6,0,1
1037,Male,8,14,75.3,79.6,0,3000,2.0,Primary,0,0,0,0,0,1,3.6,Medium,34.2,45.2,0,0
1038,Male,8,15,58.9,70.9,0,12900,0.3,No Schooling,1,0,0,0,1,1,4.6,Medium,34.6,42.1,1,0
1039,Male,8,15,96.8,98.0,0,6200,1.7,Secondary,0,0,1,0,0,1,6.0,Low,46.8,48.9,0,0
1040,Male,10,16,90.1,64.3,0,3000,0.4,Primary,0,1,0,0,0,0,4.8,Low,42.6,28.3,0,0
1041,Male,10,16,96.5,71.6,2,4100,4.9,Primary,0,0,1,0,0,1,2.9,Low,45.5,19.9,1,0
1042,Female,7,14,88.0,95.8,0,5600,10.0,No Schooling,0,0,0,0,1,1,5.5,Medium,55.1,27.2,1,1
1043,Female,9,16,75.3,83.3,1,11500,1.0,Primary,1,0,1,0,0,0,3.8,Low,41.1,53.5,1,0
1044,Female,7,11,81.8,24.4,1,8200,6.3,Graduate,0,1,1,0,0,0,4.1,Low,51.4,37.4,1,0
1045,Male,8,14,77.2,70.0,0,7700,0.4,Primary,0,0,0,0,0,1,5.6,High,45.0,23.8,0,0
1046,Male,9,14,93.4,37.6,2,6900,1.3,Primary,0,0,0,0,0,1,0.8,High,24.3,6.3,0,0
1047,Male,10,17,75.0,72.3,0,16800,1.6,No Schooling,0,1,0,0,0,0,2.9,Low,53.7,21.9,0,0
1048,Female,8,12,80.7,72.3,1,4200,3.0,Higher Secondary,0,0,0,0,0,1,3.1,Low,37.1,33.8,0,0
1049,Female,7,14,85.4,65.8,1,12200,0.9,Primary,0,0,1,0,0,1,4.3,Low,41.9,36.0,0,0
1050,Male,7,12,81.5,67.4,3,44900,3.5,No Schooling,0,1,1,1,1,0,5.7,Low,45.4,21.4,0,1
1051,Female,6,13,79.5,39.7,0,12300,0.1,No Schooling,0,0,0,0,0,1,4.0,Low,28.4,1.4,1,0
1052,Male,7,14,59.0,80.3,0,12000,0.9,Primary,0,0,1,0,1,1,6.9,Low,12.2,24.2,0,0
1053,Male,10,15,82.0,69.9,0,5300,5.3,No Schooling,1,0,0,0,0,1,5.6,Medium,35.4,15.7,0,0
1054,Male,7,14,65.6,66.6,0,34900,4.2,Secondary,0,0,1,1,1,1,4.0,Low,64.2,45.6,2,0
1055,Male,7,11,67.0,63.4,2,4800,0.3,Secondary,0,0,0,0,0,1,5.3,Medium,12.4,16.8,1,0
1056,Female,9,13,67.0,93.9,1,7900,0.3,Higher Secondary,0,0,1,0,0,1,2.7,Medium,29.0,28.8,0,0
1057,Female,6,12,61.5,60.2,0,3000,0.9,Primary,0,0,0,0,1,1,2.9,Medium,28.6,36.4,0,0
1058,Male,7,12,89.6,62.2,1,5300,4.1,Primary,1,1,1,0,0,1,0.8,Low,34.3,11.8,0,1
1059,Female,10,14,79.8,56.8,0,14100,0.9,Primary,0,0,1,1,0,1,2.5,Low,32.8,37.8,0,0
1060,Female,6,13,89.6,43.8,0,7600,3.4,Graduate,0,0,1,0,1,1,0.9,Low,47.1,26.6,0,0
1061,Female,7,11,56.8,70.4,0,17300,4.3,Graduate,0,0,1,1,0,1,4.7,Low,31.6,36.3,0,0
1062,Female,8,14,80.1,79.7,3,9600,1.4,Primary,0,0,1,0,0,1,2.8,Low,41.9,26.6,1,1
1063,Male,7,12,71.5,47.9,0,11700,13.4,Secondary,1,0,0,0,0,1,3.5,Medium,27.1,14.6,1,0
1064,Female,7,12,78.8,61.1,0,16700,0.7,No Schooling,0,0,0,0,0,1,4.0,Low,25.9,23.9,0,0
1065,Male,7,11,79.2,78.0,3,3000,5.9,Secondary,0,0,0,0,0,1,5.5,Low,53.3,28.7,0,0
1066,Female,7,12,79.0,36.4,2,14900,2.7,Higher Secondary,1,1,0,0,0,1,2.9,Low,38.7,40.1,0,1
1067,Male,10,16,74.8,59.0,1,6400,0.9,Primary,1,0,0,1,0,1,3.9,Low,50.8,42.7,0,0
1068,Female,8,13,84.9,22.8,0,5900,4.3,Graduate,0,0,1,1,0,0,0.0,Low,28.7,30.7,0,0
1069,Male,7,13,92.3,60.8,0,3900,1.0,Higher Secondary,0,1,0,0,0,1,8.0,Low,58.6,38.7,0,0
1070,Male,7,12,89.4,51.4,0,11300,13.8,Primary,0,1,1,1,0,1,3.1,Medium,56.2,43.5,1,0
1071,Female,10,17,68.4,58.6,2,9100,0.8,No Schooling,0,0,0,0,1,1,5.7,Medium,38.9,43.0,1,0
1072,Female,6,11,87.4,64.8,3,14900,0.5,Primary,0,0,0,0,0,1,5.1,Low,27.2,34.0,0,0
1073,Male,10,15,73.7,100.0,1,3000,0.4,Primary,1,0,1,1,0,1,5.7,Low,55.6,37.6,0,0
1074,Female,7,13,90.5,63.5,2,17200,0.7,Higher Secondary,0,0,1,0,0,1,3.1,Low,25.9,35.1,1,0
1075,Female,10,16,93.8,47.9,0,11800,0.4,Primary,0,0,1,0,0,1,3.3,Low,42.6,29.2,0,0
1076,Male,7,12,86.9,76.9,0,4400,1.8,No Schooling,1,1,1,0,0,1,5.3,Medium,47.0,38.9,0,0
1077,Female,6,13,90.3,100.0,1,16600,6.9,Primary,0,0,1,1,0,1,3.3,High,58.5,46.6,1,0
1078,Male,8,14,92.0,85.4,2,10800,0.1,Primary,0,0,1,0,0,1,6.1,Low,68.5,41.9,1,1
1079,Female,7,12,81.1,85.8,2,3400,4.4,Secondary,0,0,0,0,0,1,4.2,Low,38.2,63.4,0,0
1080,Male,9,13,60.3,55.1,0,9200,0.1,Primary,0,0,0,0,1,1,5.9,Low,38.2,38.0,1,0
1081,Male,9,14,81.8,79.0,4,3000,0.6,No Schooling,0,0,0,0,0,0,6.9,Low,41.9,55.3,0,0
1082,Female,9,13,93.8,90.5,0,13200,3.0,Primary,0,0,0,0,1,0,4.7,Low,51.7,37.9,1,0
1083,Female,6,10,70.9,36.5,0,5100,5.6,Secondary,1,0,0,0,0,0,0.8,Medium,29.6,22.3,0,0
1084,Female,9,14,64.5,46.7,0,3000,2.8,Primary,0,1,1,0,0,0,0.9,Low,44.4,27.5,0,0
1085,Female,7,12,80.7,100.0,0,3000,1.1,Primary,0,1,1,0,0,1,6.3,Medium,41.0,39.6,1,0
1086,Female,10,17,88.0,73.1,0,10000,0.6,Secondary,1,0,0,1,1,0,4.6,Low,40.7,56.1,0,0
1087,Female,9,15,86.7,79.6,1,7400,4.8,Secondary,1,0,0,0,0,1,7.7,Low,41.0,41.2,1,0
1088,Female,8,15,82.3,70.3,3,6400,4.3,No Schooling,0,1,1,0,1,0,3.2,Low,58.8,10.5,1,1
1089,Male,10,16,77.9,71.2,4,9700,0.1,No Schooling,1,0,1,0,0,1,3.1,Low,30.8,19.5,1,1
1090,Male,8,12,96.9,58.3,0,8200,2.9,Primary,0,0,1,1,0,1,2.4,High,44.5,10.3,1,0
1091,Male,8,15,53.3,100.0,0,13600,3.1,No Schooling,0,0,1,1,1,1,6.7,Low,43.0,13.2,1,0
1092,Female,7,12,74.5,49.2,0,8000,7.0,Higher Secondary,0,0,0,1,0,1,1.9,Low,38.0,33.8,2,0
1093,Male,9,14,90.3,72.9,0,5800,4.0,Secondary,0,0,1,0,1,1,5.3,Low,66.7,40.9,0,0
1094,Male,7,13,89.8,41.7,0,5900,1.2,No Schooling,0,0,1,0,0,1,2.7,Medium,37.6,17.8,0,0
1095,Female,6,10,70.0,0.0,0,9400,3.6,Secondary,1,0,0,0,0,1,0.0,Low,39.1,19.1,1,0
1096,Male,9,14,93.2,85.7,0,11200,0.4,Primary,1,0,0,1,1,1,6.7,Medium,20.3,28.1,0,0
1097,Male,6,12,78.0,37.1,0,5300,0.5,No Schooling,0,0,1,1,0,1,4.6,High,27.3,9.7,2,0
1098,Female,9,15,73.5,68.2,1,5800,1.0,Higher Secondary,0,1,0,0,0,1,4.2,Low,27.6,41.5,0,1
1099,Female,6,12,85.9,59.4,2,9800,1.8,No Schooling,0,0,0,0,0,1,5.3,Low,48.6,29.2,0,0
1100,Male,8,15,82.5,87.8,2,10200,3.4,Graduate,0,0,1,1,0,1,7.2,Medium,57.1,35.9,0,0
1101,Male,10,17,84.5,87.0,0,4200,1.4,Secondary,0,0,0,0,0,1,7.2,Low,57.2,46.5,0,0
1102,Male,6,10,86.0,78.5,0,3300,2.4,Secondary,0,0,0,1,0,1,4.4,High,65.0,21.1,0,0
1103,Female,9,13,78.5,82.6,3,8400,6.6,Secondary,0,0,1,0,0,1,7.0,Low,51.0,51.1,1,0
1104,Female,8,14,94.7,69.4,5,11300,1.6,Higher Secondary,0,1,0,1,1,1,4.6,Low,42.9,39.5,0,1
1105,Male,10,17,74.6,37.6,4,9800,4.2,Primary,0,1,0,0,0,1,1.8,Low,58.4,46.0,1,1
1106,Female,6,12,79.1,53.3,2,3000,2.0,No Schooling,0,0,0,1,0,1,5.0,Low,34.8,38.5,0,1
1107,Male,9,13,58.4,79.0,1,10200,0.7,Higher Secondary,0,0,1,0,0,1,4.2,Low,37.8,31.7,0,0
1108,Male,8,14,90.8,72.8,2,14800,1.0,No Schooling,1,0,1,0,1,1,5.0,Low,44.5,36.0,1,0
1109,Female,7,14,59.5,9.5,3,6000,0.7,No Schooling,0,0,0,0,0,0,2.5,Low,26.2,35.6,0,1
1110,Male,7,11,78.4,84.5,1,5100,0.3,Primary,0,0,0,0,1,1,5.1,High,52.5,58.5,0,0
1111,Male,7,12,71.6,21.7,0,18500,0.3,Higher Secondary,0,0,0,0,0,1,0.7,Low,15.5,15.1,0,0
1112,Male,8,14,93.0,65.3,0,17100,0.3,No Schooling,1,1,1,0,0,1,4.7,Low,23.7,18.4,0,0
1113,Female,6,11,70.9,74.0,1,4200,4.2,No Schooling,0,1,0,0,0,1,2.9,Low,20.8,30.2,0,0
1114,Female,7,11,86.7,27.3,1,9300,1.5,Secondary,0,0,0,0,0,1,0.5,Medium,23.3,14.9,0,0
1115,Female,9,15,81.1,92.2,0,3800,4.3,Primary,0,0,0,0,1,1,7.0,Medium,42.4,56.1,0,0
1116,Male,8,14,88.1,41.3,0,11000,8.3,Primary,0,0,1,0,0,0,1.7,Medium,68.3,52.6,0,0
1117,Male,6,12,70.8,90.8,0,5800,1.0,Secondary,0,0,0,0,0,1,8.0,Low,54.3,47.5,0,0
1118,Female,7,13,84.6,91.9,5,4100,0.3,No Schooling,0,1,1,0,0,0,5.3,Low,39.6,47.0,0,1
1119,Male,8,14,72.7,52.4,0,3000,2.8,Secondary,0,0,0,0,0,1,4.5,Medium,37.7,34.4,0,0
1120,Female,9,14,64.9,68.9,2,19400,1.2,Secondary,0,0,0,0,0,1,2.1,Low,60.1,43.3,0,0
1121,Female,10,14,85.8,42.6,1,5800,5.0,Primary,0,1,1,0,1,0,0.4,Medium,36.6,10.6,0,1
1122,Male,8,15,88.1,32.2,0,50000,0.9,Secondary,1,0,1,0,0,1,5.8,Low,27.3,26.5,1,0
1123,Female,9,13,80.4,87.3,0,21900,2.2,Higher Secondary,0,0,1,0,0,0,7.6,Low,28.8,34.6,0,0
1124,Male,6,13,77.4,37.1,2,20100,2.5,Primary,0,0,1,0,0,1,5.4,Low,31.1,8.2,0,1
1125,Male,10,16,80.3,84.6,1,3000,5.4,Primary,0,0,1,0,0,0,4.6,Low,33.3,21.1,0,0
1126,Female,7,13,74.4,75.9,3,7400,3.4,Primary,0,0,0,0,0,1,5.3,Low,19.4,40.9,0,0
1127,Male,7,11,92.0,64.7,4,3000,2.3,Primary,0,0,1,0,0,1,4.4,Medium,61.1,26.0,1,0
1128,Female,7,14,81.3,83.2,2,11300,6.4,Higher Secondary,1,1,1,0,0,1,5.4,Low,48.9,49.0,0,0
1129,Female,6,12,73.7,66.4,1,7800,2.3,Secondary,0,0,1,0,0,0,6.4,Low,50.8,21.8,0,0
1130,Female,9,16,58.2,100.0,0,23000,4.2,Graduate,1,0,1,0,1,1,7.7,Medium,36.9,30.1,0,0
1131,Female,7,14,76.4,42.7,1,3900,7.4,No Schooling,0,1,1,0,1,1,3.6,Low,36.2,4.9,0,0
1132,Male,7,11,88.3,70.0,1,11300,8.9,Secondary,0,1,0,1,0,1,3.1,Low,42.6,40.5,0,0
1133,Male,6,13,75.9,66.3,0,8300,0.2,Graduate,0,0,0,1,0,1,6.3,Low,41.0,27.4,2,0
1134,Female,10,16,67.6,71.3,2,8000,6.4,Secondary,0,0,0,0,0,0,2.5,Low,40.2,30.2,1,0
1135,Female,9,13,87.9,40.0,0,14100,0.4,Primary,0,0,0,0,1,1,2.1,High,28.5,29.9,0,1
1136,Male,10,16,75.1,80.5,1,11400,3.7,Secondary,0,0,1,0,0,1,4.2,Low,38.1,36.6,1,0
1137,Male,10,16,97.5,100.0,1,14900,3.2,No Schooling,0,0,0,0,0,1,4.5,Medium,63.8,32.3,0,0
1138,Male,10,16,89.5,71.2,1,11800,1.6,No Schooling,0,0,0,0,0,1,5.7,Low,32.5,41.5,3,1
1139,Male,8,13,88.0,50.9,0,10500,2.1,Graduate,0,0,0,1,0,1,2.8,Low,17.5,17.8,0,0
1140,Female,6,13,82.2,62.7,0,4800,0.2,Higher Secondary,0,1,0,0,0,0,3.5,Low,28.0,44.3,1,0
1141,Male,7,11,62.8,11.9,1,6500,0.4,Primary,0,0,0,0,0,1,0.1,Low,48.8,12.1,0,1
1142,Female,7,12,94.1,88.4,0,3900,1.0,Higher Secondary,0,0,1,1,1,1,5.7,Low,53.7,57.3,1,0
1143,Female,9,16,70.5,69.1,4,6600,1.8,Primary,0,0,1,0,0,1,4.8,Low,28.9,52.5,0,1
1144,Female,6,10,66.1,68.1,5,11100,3.5,Graduate,0,0,1,0,0,0,4.0,Low,35.3,40.1,0,1
1145,Male,6,11,83.7,100.0,3,3000,2.2,No Schooling,0,0,0,1,0,1,6.0,Medium,56.3,50.1,0,1
1146,Male,9,14,87.5,71.6,0,14100,0.3,Secondary,0,0,0,0,0,1,5.2,Low,49.0,23.0,0,0
1147,Female,6,13,61.5,25.5,3,6700,2.3,No Schooling,0,0,0,0,0,1,2.6,Medium,29.0,17.2,1,0
1148,Female,6,13,93.1,71.0,0,7300,2.5,Secondary,1,0,1,0,0,1,5.3,Medium,50.4,40.9,0,0
1149,Male,6,13,86.0,60.3,1,8000,6.2,Higher Secondary,0,0,0,0,0,0,1.8,Low,39.0,22.7,0,0
1150,Female,9,14,81.5,55.7,4,9200,0.1,Graduate,0,0,1,1,0,1,2.7,Medium,45.4,25.0,0,0
1151,Male,6,11,76.1,59.9,0,3000,2.7,Higher Secondary,0,0,1,0,0,0,4.0,Low,32.8,13.5,0,0
1152,Female,6,10,77.9,52.0,1,7600,0.9,Higher Secondary,0,0,0,0,1,1,2.2,Medium,47.2,35.9,0,1
1153,Male,7,14,66.7,71.7,1,5000,0.5,Higher Secondary,0,1,0,0,0,0,3.5,Low,38.5,32.3,0,0
1154,Male,9,14,72.8,75.9,0,6700,8.3,Primary,1,1,0,0,0,1,1.8,Medium,29.3,16.4,0,0
1155,Female,6,11,79.5,54.7,0,13800,0.1,Secondary,0,0,1,0,0,1,6.5,Low,46.0,30.3,1,0
1156,Male,6,12,66.5,28.7,0,5700,0.8,Graduate,0,0,0,0,0,1,2.7,Low,23.4,6.2,0,0
1157,Male,10,17,68.2,67.1,1,4700,4.1,Primary,1,1,1,0,0,1,3.8,Low,28.4,32.0,0,0
1158,Male,10,14,75.2,79.7,2,10100,1.5,No Schooling,0,0,1,0,0,1,6.7,Low,21.1,26.3,2,0
1159,Male,6,13,77.2,100.0,4,3500,2.2,Secondary,0,0,1,0,0,1,7.7,Medium,42.4,53.5,0,0
1160,Female,7,12,93.1,80.8,2,18700,4.5,Graduate,0,0,1,0,0,0,5.0,Medium,54.6,45.5,0,0
1161,Male,6,11,78.4,74.9,2,31600,3.4,No Schooling,1,0,0,0,0,1,5.5,Low,47.8,53.4,1,0
1162,Female,9,13,63.5,58.8,0,3100,1.9,Primary,0,0,0,0,0,1,3.2,Low,35.0,7.2,1,0
1163,Female,7,13,95.3,41.0,0,12500,14.0,No Schooling,0,0,1,1,0,1,4.5,Low,54.7,11.5,0,0
1164,Male,10,15,89.2,39.8,0,23100,4.7,Secondary,0,0,1,1,0,1,2.7,Low,46.6,28.4,0,1
1165,Male,10,14,80.0,55.2,0,5800,0.1,No Schooling,0,0,0,0,0,1,2.8,Low,46.9,19.4,0,0
1166,Female,8,12,71.2,68.3,2,5400,0.7,Secondary,0,0,0,0,0,1,4.4,High,41.6,27.1,1,0
1167,Female,6,12,84.9,100.0,0,5300,0.1,Primary,0,0,0,0,1,1,4.1,Low,51.3,28.7,2,0
1168,Female,10,14,80.5,95.7,2,19200,0.4,Higher Secondary,0,1,1,1,0,0,6.2,High,39.3,53.9,0,0
1169,Female,9,15,75.6,38.6,4,20500,1.1,Higher Secondary,0,1,1,0,1,1,2.4,Low,31.5,28.6,0,0
1170,Male,9,15,70.1,46.3,0,6800,1.4,Graduate,1,1,0,1,0,1,3.2,Low,32.3,25.8,0,1
1171,Male,6,13,94.6,38.2,0,23500,0.9,Secondary,0,1,1,0,1,1,2.9,Medium,43.9,20.3,0,0
1172,Female,9,13,57.5,75.1,0,3500,2.5,Primary,0,0,1,0,0,1,5.1,Medium,9.1,23.4,0,0
1173,Male,9,14,58.9,39.6,1,11600,1.8,Primary,0,0,0,0,0,1,2.6,Low,32.4,13.7,0,0
1174,Female,10,14,71.0,42.7,0,4400,4.7,Secondary,0,0,0,1,0,0,2.9,Low,36.9,15.8,1,0
1175,Male,8,15,77.4,61.3,0,9100,7.6,Primary,0,0,0,0,1,1,4.1,Low,45.3,48.8,0,0
1176,Female,8,14,79.2,39.3,1,6300,0.3,Secondary,0,0,0,1,1,0,3.6,Medium,39.5,25.2,0,0
1177,Male,7,14,76.0,72.4,0,3900,0.2,Higher Secondary,0,0,1,0,0,0,5.2,Low,30.2,42.0,0,0
1178,Male,9,13,69.4,62.8,0,10200,0.9,Secondary,0,0,0,0,0,1,4.8,Medium,51.4,42.0,0,0
1179,Male,10,16,73.4,51.2,0,3500,7.5,No Schooling,1,0,0,0,0,1,1.3,High,27.8,33.7,1,0
1180,Male,8,12,80.8,18.8,0,13400,1.3,Secondary,0,0,0,1,1,1,0.3,Low,12.8,10.2,0,0
1181,Female,7,11,65.9,88.3,1,13500,1.5,Secondary,0,0,0,0,0,1,7.3,Low,53.1,36.4,1,0
1182,Male,6,11,88.1,67.2,0,8800,1.9,No Schooling,0,0,0,0,0,1,4.1,Medium,48.8,38.7,0,0
1183,Male,8,13,90.7,70.0,2,6600,1.1,Primary,1,0,0,0,0,1,5.7,Low,33.0,28.2,1,0
1184,Male,10,15,78.0,42.3,0,13500,1.4,Primary,0,0,1,0,0,0,2.8,Low,52.8,36.2,1,0
1185,Male,6,10,83.4,60.0,0,14300,0.3,Secondary,0,0,1,0,0,1,2.8,Low,47.1,19.5,0,0
1186,Female,7,13,59.1,52.6,2,5800,1.4,No Schooling,0,0,0,0,0,1,0.4,High,24.0,19.8,1,1
1187,Male,10,15,65.1,43.0,0,9200,2.1,No Schooling,0,0,1,0,1,1,0.3,High,47.1,27.2,0,1
1188,Female,8,15,83.7,64.6,0,6100,3.1,Secondary,1,0,0,0,1,0,7.5,Low,49.3,41.6,1,0
1189,Male,7,14,83.2,39.6,1,11200,1.3,Secondary,1,0,1,0,1,1,5.3,Low,32.4,0.0,0,0
1190,Female,7,12,92.1,100.0,0,4800,0.3,Secondary,0,0,0,0,0,1,7.6,Low,44.6,45.4,1,0
1191,Male,7,14,93.2,82.6,4,9400,0.1,Higher Secondary,0,0,0,0,0,1,7.2,Low,67.6,31.5,0,0
1192,Male,6,12,57.2,69.2,2,7500,0.2,Primary,0,0,0,0,0,1,4.4,Low,38.3,29.3,0,0
1193,Female,9,14,79.0,84.2,0,15100,3.7,Secondary,0,0,0,0,0,0,3.8,Low,41.3,38.2,1,0
1194,Female,8,15,67.9,47.9,0,5500,0.7,Secondary,1,1,1,0,1,1,4.0,Low,50.2,0.0,0,1
1195,Female,9,15,48.5,43.2,0,9800,0.2,No Schooling,0,0,1,0,1,1,3.2,High,33.5,28.4,1,0
1196,Male,8,13,83.6,70.7,0,6000,0.4,Primary,0,0,0,0,0,1,3.4,Low,45.6,42.0,1,0
1197,Male,6,12,76.3,71.2,0,3000,3.7,Secondary,0,0,0,0,1,1,4.1,Medium,29.9,23.7,0,0
1198,Female,6,13,94.1,99.7,0,6800,0.2,Graduate,0,0,1,0,0,1,4.6,Low,42.9,38.7,0,0
1199,Male,6,12,99.2,42.7,2,12600,5.8,Graduate,0,0,0,0,0,0,4.3,Low,37.6,33.3,0,1
1200,Female,6,12,88.5,56.8,1,12900,6.8,No Schooling,0,0,0,0,0,1,6.2,Low,53.2,41.7,0,0
1201,Female,9,13,81.9,50.8,0,5300,1.8,Primary,0,0,1,0,0,1,2.7,Low,44.2,26.5,0,0
1202,Female,6,12,65.9,59.0,0,16100,0.5,Secondary,0,0,0,0,0,1,4.8,Low,6.8,37.2,0,0
1203,Female,9,14,94.9,58.5,0,19700,0.3,Higher Secondary,1,0,1,0,0,1,3.1,High,45.3,39.0,0,0
1204,Female,6,13,73.4,64.0,0,4200,3.2,Graduate,0,1,0,0,0,0,6.6,Low,36.8,28.2,0,0
1205,Male,6,13,66.3,50.8,0,8900,2.1,No Schooling,1,1,0,0,0,1,5.3,Medium,27.2,52.8,1,0
1206,Male,6,10,94.9,59.8,0,17100,1.6,Graduate,0,1,1,0,1,1,3.5,Medium,23.2,36.3,2,0
1207,Female,8,15,91.8,96.1,0,20200,0.9,Secondary,0,1,0,0,0,1,5.7,Low,65.7,50.9,1,0
1208,Male,9,16,86.2,51.2,1,9400,3.7,Primary,0,1,1,1,0,0,3.2,Low,48.4,23.8,0,0
1209,Male,9,16,84.9,26.0,1,17600,1.4,Higher Secondary,0,0,1,0,0,1,4.8,Medium,28.1,5.1,0,0
1210,Male,6,11,87.6,57.9,0,20200,5.4,No Schooling,1,0,0,1,0,1,3.2,Low,42.5,27.0,1,0
1211,Female,8,13,69.3,65.2,1,12100,1.3,Secondary,0,0,1,1,1,1,5.7,Low,35.5,22.1,0,1
1212,Female,9,15,78.9,82.1,1,6700,2.8,Graduate,0,0,0,0,0,1,7.1,Medium,27.7,58.8,0,0
1213,Female,7,14,68.6,57.0,0,10500,0.1,Graduate,0,0,1,1,1,1,3.4,Medium,55.6,14.3,1,0
1214,Male,6,11,97.0,37.7,0,5100,1.9,No Schooling,0,0,0,0,0,1,4.5,Low,22.4,18.4,1,0
1215,Male,6,13,88.6,73.8,1,5300,1.1,Primary,0,0,1,0,1,0,3.2,Medium,35.0,21.0,0,0
1216,Female,6,11,74.6,70.7,0,3000,4.7,Primary,0,0,1,0,0,1,5.8,Low,31.0,37.3,0,0
1217,Male,10,17,88.3,69.5,0,15000,3.1,Higher Secondary,0,0,0,1,0,1,5.3,Low,47.8,20.7,0,0
1218,Female,7,11,92.9,67.8,0,17000,2.5,Graduate,0,0,0,0,0,1,3.6,Low,57.3,41.9,0,0
1219,Female,8,15,74.0,94.6,0,3000,1.8,Secondary,1,0,0,0,1,1,6.2,Low,53.7,64.3,0,0
1220,Male,9,16,80.5,21.1,4,5800,2.5,No Schooling,0,0,1,0,0,1,0.4,Low,44.4,13.0,0,1
1221,Male,7,13,88.1,83.0,0,5300,1.5,Higher Secondary,0,0,0,0,0,0,6.6,Medium,53.8,33.2,1,0
1222,Male,9,15,79.5,97.2,0,11600,9.7,Primary,0,1,0,0,0,0,4.2,Low,14.2,34.7,0,0
1223,Female,6,11,92.1,84.6,1,8000,1.1,Higher Secondary,0,0,1,0,1,1,6.8,Low,43.7,50.1,0,0
1224,Female,8,15,76.0,27.3,0,12700,0.9,No Schooling,0,0,1,0,0,1,4.8,Low,24.6,24.3,0,0
1225,Male,6,10,97.4,100.0,2,8300,3.5,Primary,0,0,0,0,0,0,4.4,Medium,42.5,50.0,0,0
1226,Female,7,12,81.9,92.1,5,9800,2.6,Higher Secondary,0,0,0,0,0,1,7.3,High,42.7,29.4,0,0
1227,Male,7,11,96.7,76.2,1,8400,5.1,No Schooling,0,0,0,0,1,0,4.1,Low,45.3,29.9,1,0
1228,Male,9,14,95.1,54.7,0,36353,7.5,Graduate,0,0,1,0,0,1,4.1,Low,69.8,15.9,0,0
1229,Female,9,15,99.0,84.1,3,4100,3.3,Higher Secondary,1,0,1,0,1,1,6.3,Low,49.3,37.0,0,0
1230,Male,9,14,86.8,35.4,0,4800,3.5,No Schooling,0,1,0,1,1,1,0.0,High,40.6,7.3,0,0
1231,Male,6,11,87.9,93.1,0,4400,2.9,Primary,0,0,1,0,0,1,2.6,Low,21.3,20.2,0,0
1232,Female,10,14,96.7,67.8,1,11000,4.9,Primary,0,0,0,0,1,1,2.9,Low,27.5,22.6,0,0
1233,Male,6,11,53.8,14.0,1,3000,0.3,Higher Secondary,0,0,1,0,1,0,4.0,Low,54.7,0.0,0,0
1234,Female,10,15,77.5,34.6,0,3000,6.5,Graduate,1,0,0,0,0,1,1.9,Low,41.3,8.0,0,0
1235,Male,9,13,76.0,82.0,1,13100,1.4,No Schooling,0,0,0,0,0,1,6.5,Medium,49.9,44.0,0,0
1236,Male,8,15,85.6,70.0,3,3100,0.6,Higher Secondary,0,0,1,0,0,1,4.4,Medium,29.2,54.7,0,0
1237,Male,8,15,73.0,73.4,2,4300,1.2,Higher Secondary,0,1,1,1,0,1,4.1,Low,38.0,24.8,0,0
1238,Male,9,16,83.2,50.0,0,3100,0.6,Primary,0,0,0,1,1,0,5.4,Medium,14.7,12.6,1,0
1239,Male,9,13,59.4,47.0,0,4900,1.7,Higher Secondary,0,0,1,0,0,1,3.2,Low,31.2,40.8,0,0
1240,Male,6,11,56.6,75.8,4,50000,2.7,Secondary,0,0,0,0,0,1,5.0,Low,19.1,36.3,0,0
1241,Female,9,16,92.9,100.0,0,6400,3.3,Primary,0,0,0,0,0,1,3.7,Low,48.0,39.6,1,0
1242,Male,6,11,84.3,60.9,2,8000,0.7,No Schooling,0,0,0,1,0,0,5.3,Medium,39.7,31.7,0,1
1243,Male,8,12,69.4,83.3,0,4000,4.6,No Schooling,0,0,0,0,0,1,4.3,Low,43.2,0.0,0,0
1244,Male,9,15,92.0,93.7,0,7500,0.5,Graduate,0,0,0,0,0,1,5.6,Low,64.4,30.0,0,0
1245,Male,10,14,92.2,85.1,0,16000,0.3,Primary,0,0,0,0,0,0,6.3,Low,53.4,29.2,1,0
1246,Male,8,14,76.8,26.1,0,8700,1.5,Secondary,0,0,0,1,0,1,1.6,Medium,20.7,44.9,0,0
1247,Female,7,12,86.0,93.1,2,33000,4.7,Primary,0,0,1,0,0,1,5.2,Medium,46.6,56.9,0,0
1248,Male,8,14,58.4,48.7,0,4700,0.9,No Schooling,0,0,0,0,0,1,2.6,Low,23.6,25.0,0,0
1249,Female,7,13,86.2,57.9,2,3000,3.0,Primary,0,0,1,0,0,1,3.5,Medium,40.7,35.3,0,1
1250,Female,8,14,77.4,42.0,1,10700,2.1,Higher Secondary,0,0,1,1,0,0,3.4,Medium,55.3,27.3,0,0
1251,Male,8,14,90.6,72.3,0,10900,1.4,Secondary,0,0,1,1,0,1,3.3,Medium,34.8,28.3,2,0
1252,Male,9,13,71.0,39.4,0,8500,0.3,Higher Secondary,0,0,0,0,0,0,5.2,Low,29.7,12.3,2,0
1253,Male,7,14,71.5,46.5,1,3100,1.3,Secondary,0,0,0,0,0,0,4.8,Low,31.1,10.5,0,0
1254,Female,6,10,66.8,71.7,0,5500,4.1,Higher Secondary,0,0,0,0,0,1,4.4,Medium,48.4,30.5,0,0
1255,Male,8,15,86.9,49.9,2,9300,0.8,Secondary,0,0,0,0,0,1,2.0,Low,35.4,34.2,0,1
1256,Female,6,13,73.6,72.2,0,9600,0.1,No Schooling,0,0,0,0,0,1,4.1,Medium,32.3,36.1,0,0
1257,Female,7,13,72.8,40.0,0,13000,1.3,Primary,0,1,0,0,0,1,3.7,Low,28.6,35.2,1,0
1258,Female,7,13,68.0,56.3,1,4000,0.7,Primary,1,0,0,0,1,1,6.8,Medium,52.7,40.1,0,0
1259,Female,8,12,94.3,60.0,0,3000,3.3,Secondary,1,0,0,0,1,1,4.9,Low,48.6,27.2,0,0
1260,Female,7,14,76.8,47.7,0,7100,3.0,Higher Secondary,0,0,0,0,0,1,1.3,Low,50.7,34.2,0,0
1261,Male,8,14,84.6,48.1,1,12500,0.2,Primary,0,0,1,0,0,1,3.0,High,28.6,36.4,0,1
1262,Male,10,15,70.1,61.4,2,3200,1.3,Secondary,0,0,0,0,0,0,2.9,Medium,23.3,39.2,0,0
1263,Male,8,14,81.0,56.3,1,24600,7.6,Higher Secondary,0,0,0,1,0,1,3.3,High,40.9,29.3,2,0
1264,Female,7,13,69.8,78.4,0,6400,10.5,No Schooling,0,1,0,0,0,0,4.3,Low,46.5,25.6,0,0
1265,Female,6,11,87.8,32.4,1,17900,1.0,Primary,1,0,1,0,0,1,1.5,Low,45.3,17.2,0,0
1266,Female,6,11,87.1,77.0,0,28000,1.1,Secondary,0,1,0,1,0,1,6.1,Low,58.2,47.7,1,0
1267,Male,8,12,72.0,58.4,1,3000,4.3,Primary,0,0,0,0,1,1,0.5,Low,44.5,32.3,0,1
1268,Female,9,16,82.0,59.5,0,11400,2.2,Higher Secondary,0,0,0,0,0,0,4.9,Low,34.9,43.4,0,0
1269,Male,6,12,65.6,54.3,1,28800,2.8,Secondary,0,1,1,1,0,1,5.2,Low,27.2,28.5,0,1
1270,Male,6,11,86.5,68.3,4,5900,0.1,Graduate,0,0,0,1,0,1,2.7,Low,21.4,52.5,0,0
1271,Female,7,13,47.5,0.0,1,31800,8.3,Secondary,0,0,1,1,0,1,1.3,Low,34.4,1.9,1,1
1272,Male,7,13,92.6,48.2,1,16300,1.9,No Schooling,0,0,1,0,0,1,3.4,Low,41.8,29.0,1,0
1273,Male,10,14,75.0,85.9,0,6400,2.2,Primary,0,0,1,0,0,1,3.3,Low,32.0,43.4,0,0
1274,Female,6,10,95.6,96.6,0,7900,5.2,Higher Secondary,0,0,0,0,1,0,7.8,Low,50.8,46.0,0,0
1275,Male,6,10,92.0,100.0,0,3000,2.0,No Schooling,0,1,0,0,1,1,8.0,Medium,37.1,46.0,0,0
1276,Male,7,11,90.2,80.6,0,5000,1.8,Primary,0,0,0,1,1,1,6.2,Low,48.5,19.0,1,0
1277,Male,6,13,87.5,97.7,0,12900,1.5,Primary,0,0,0,1,0,1,4.2,Low,51.3,24.4,0,0
1278,Male,6,10,74.2,31.8,0,6700,0.2,Graduate,0,0,0,0,0,1,4.0,Low,12.4,24.5,1,0
1279,Female,7,14,92.2,55.9,0,10300,1.0,No Schooling,0,0,1,0,0,1,3.6,High,39.7,28.7,0,0
1280,Female,7,13,82.0,85.4,4,43657,4.9,No Schooling,1,0,1,0,0,1,4.2,Medium,47.1,38.3,0,1
1281,Male,6,10,69.9,48.6,0,17700,3.6,Secondary,1,0,1,0,0,1,5.4,Low,32.8,47.8,0,0
1282,Male,8,15,75.3,54.9,0,10700,0.2,Higher Secondary,1,0,0,0,1,1,3.4,Low,28.4,20.2,0,0
1283,Male,8,12,87.0,78.5,5,5500,3.6,Primary,0,0,1,0,0,1,3.7,Medium,65.1,48.3,0,0
1284,Female,6,13,75.3,88.7,0,9200,1.1,Higher Secondary,0,0,1,0,1,1,5.5,Low,48.0,32.3,0,0
1285,Female,10,14,86.4,75.0,0,9600,2.4,Primary,0,0,0,0,0,1,4.0,Medium,43.1,29.7,0,0
1286,Female,7,13,78.7,70.7,1,5200,1.8,No Schooling,0,0,1,0,1,1,2.5,High,27.9,31.4,0,0
1287,Male,10,15,97.6,77.2,1,10500,2.3,Higher Secondary,0,0,1,0,1,1,5.4,Medium,42.2,37.1,0,0
1288,Male,10,16,99.1,62.9,2,4600,0.4,Primary,0,0,0,1,1,0,5.2,High,57.7,46.9,0,0
1289,Male,8,15,78.6,80.1,1,8000,5.8,Higher Secondary,0,0,0,0,1,0,4.2,High,32.6,30.9,0,0
1290,Female,7,14,76.8,47.1,0,5300,0.5,Higher Secondary,0,0,0,0,1,1,4.0,Medium,47.9,29.8,0,0
1291,Male,10,15,99.2,74.2,0,5800,6.1,Primary,0,0,1,0,0,1,5.9,Medium,63.9,33.8,0,0
1292,Female,7,11,88.7,58.2,0,15400,0.9,No Schooling,0,0,0,0,0,0,2.0,Low,20.2,19.7,0,0
1293,Female,6,11,78.1,48.5,0,15300,3.0,Higher Secondary,0,1,1,1,0,1,4.7,Medium,26.7,20.6,0,0
1294,Male,8,15,72.2,74.4,0,7200,0.2,Primary,0,0,0,0,0,1,3.5,Medium,51.3,33.7,1,0
1295,Male,8,14,82.6,56.0,2,19600,1.1,Higher Secondary,0,0,0,0,0,1,5.0,Low,23.2,25.7,1,0
1296,Male,10,17,58.4,62.0,1,13600,2.5,Secondary,1,0,1,1,0,1,4.0,Low,34.4,19.3,0,0
1297,Male,9,14,83.1,43.9,0,12300,1.9,Secondary,1,0,0,0,1,1,4.5,Medium,38.5,21.4,0,0
1298,Male,10,16,83.8,58.8,0,7700,0.9,Secondary,1,0,0,0,0,1,1.1,Medium,51.4,45.9,0,1
1299,Female,9,13,88.7,62.0,4,12900,1.2,Primary,0,0,0,0,0,1,5.0,Medium,48.6,30.5,1,0
1300,Male,9,13,86.1,100.0,1,6000,3.2,Primary,1,1,0,0,1,1,7.3,Low,48.4,24.1,1,0
1301,Male,8,14,83.5,81.9,1,9500,1.3,Secondary,0,0,0,0,1,0,5.5,Low,63.1,30.3,0,0
1302,Female,10,14,71.6,66.5,1,19300,2.5,Primary,0,1,0,0,0,1,8.0,High,37.9,25.3,1,0
1303,Female,10,15,60.5,47.7,0,15500,0.6,Higher Secondary,0,0,0,1,0,1,2.7,Low,30.5,7.1,0,0
1304,Male,10,15,89.0,100.0,2,5400,5.8,Primary,0,0,0,1,0,1,6.7,Low,37.4,38.1,0,1
1305,Female,9,15,58.2,68.5,0,17600,15.0,Higher Secondary,1,0,1,0,0,0,6.2,Low,38.0,25.4,1,0
1306,Female,8,15,64.9,51.8,1,3500,1.2,No Schooling,0,0,1,0,1,1,5.9,Low,15.6,30.7,1,1
1307,Female,7,14,95.2,84.9,0,8000,3.5,No Schooling,0,0,1,0,0,1,4.7,Low,41.5,60.6,1,0
1308,Female,10,16,78.2,51.5,2,18100,4.1,No Schooling,0,0,1,0,0,1,4.4,Medium,40.7,27.6,0,1
1309,Male,6,13,83.5,58.3,1,4600,3.6,Primary,0,0,0,0,1,1,4.3,Low,24.0,44.4,0,0
1310,Female,7,13,67.6,22.7,0,10200,4.2,Graduate,1,0,0,1,0,1,0.0,Medium,18.5,18.2,0,0
1311,Male,7,11,95.2,82.0,1,11300,0.5,Graduate,0,0,1,1,0,1,4.3,Low,54.6,37.1,0,0
1312,Female,8,13,96.7,56.2,0,20000,0.4,Secondary,1,0,0,0,1,1,2.9,Medium,57.7,7.9,0,0
1313,Female,8,15,92.1,57.4,2,5800,0.5,No Schooling,0,1,1,0,1,1,3.3,Low,20.8,17.6,1,1
1314,Male,6,13,90.2,39.7,0,14700,8.1,Graduate,0,0,1,1,1,0,5.3,Low,55.6,17.5,0,0
1315,Male,6,11,85.7,78.0,0,5000,0.4,Secondary,0,0,1,0,0,1,3.0,Low,50.7,51.4,1,0
1316,Female,7,12,71.5,65.1,1,6300,5.8,Primary,0,0,0,1,0,1,4.2,Medium,40.5,19.5,0,0
1317,Female,7,14,74.7,49.0,0,8200,6.5,Secondary,0,0,1,1,0,1,2.8,Low,31.1,15.5,0,0
1318,Male,6,10,84.2,60.6,0,7500,3.6,Primary,1,0,0,0,0,1,5.5,Low,31.2,26.4,1,0
1319,Female,9,16,90.6,64.4,2,16100,6.2,Secondary,0,0,0,0,1,0,3.7,Low,58.0,33.9,0,0
1320,Female,7,13,68.0,94.3,0,44500,0.4,No Schooling,0,0,1,1,0,1,5.6,Low,51.3,26.8,0,0
1321,Male,7,14,68.1,34.9,0,8100,2.4,Primary,1,0,1,0,1,1,2.7,Low,25.0,7.0,0,0
1322,Male,7,12,78.7,85.3,2,8300,0.5,Higher Secondary,0,0,1,1,1,0,3.9,Low,40.8,40.2,0,0
1323,Male,8,14,74.6,47.6,0,26900,5.1,Primary,0,0,0,0,1,1,1.2,Low,9.0,4.7,0,0
1324,Female,10,15,97.6,63.8,0,44000,1.8,Primary,0,0,0,0,0,0,5.1,Medium,58.1,39.6,0,0
1325,Male,6,10,83.5,97.7,0,7300,2.8,No Schooling,0,0,0,0,0,1,5.0,Low,41.2,48.9,1,0
1326,Female,7,12,77.6,68.7,3,10200,1.1,Primary,0,0,1,0,0,0,4.8,High,31.3,20.1,0,1
1327,Male,9,16,78.3,44.4,1,3200,0.5,Secondary,1,0,1,0,0,1,3.7,High,55.9,34.6,0,0
1328,Female,6,10,80.3,88.3,2,4800,0.9,Primary,0,0,1,0,0,0,7.8,High,51.4,35.2,0,0
1329,Male,10,14,68.9,50.1,3,3000,1.8,Primary,0,0,0,1,0,0,4.9,Medium,33.3,32.0,0,0
1330,Male,10,17,78.7,69.4,0,6600,2.2,Primary,0,0,0,1,0,1,4.4,Medium,29.7,15.2,0,0
1331,Female,8,15,93.0,56.8,0,26300,0.3,Secondary,0,0,1,0,1,1,4.6,Medium,52.9,35.3,0,0
1332,Male,10,17,81.0,35.8,0,4400,4.0,Primary,0,0,0,0,0,0,1.2,Medium,38.5,49.5,1,0
1333,Female,7,14,90.1,31.7,1,5200,3.5,No Schooling,0,1,0,1,0,1,2.6,Low,26.4,8.9,1,0
1334,Female,7,14,59.9,52.7,1,11300,0.4,Secondary,0,0,1,0,0,0,2.3,Low,66.4,36.8,1,1
1335,Female,6,13,97.9,89.1,0,3000,0.4,Primary,0,0,0,1,0,0,7.2,High,38.3,56.2,0,0
1336,Female,6,13,67.7,94.9,1,10200,1.2,Higher Secondary,0,1,0,0,0,1,4.9,Low,48.8,29.7,0,0
1337,Male,7,13,71.2,62.8,0,3000,4.7,No Schooling,0,0,0,0,1,1,4.9,Low,33.9,53.0,0,0
1338,Female,8,13,71.8,49.8,1,6800,6.2,Primary,0,0,0,0,1,0,3.0,Low,41.1,12.3,0,0
1339,Female,8,13,85.7,44.6,0,3000,4.0,No Schooling,0,1,1,0,1,1,3.4,Low,50.3,11.7,0,1
1340,Male,6,11,82.0,63.8,1,4900,0.3,Primary,0,0,0,0,0,1,6.3,Low,9.6,24.0,0,0
1341,Male,8,14,64.9,46.8,1,7500,3.7,Primary,0,0,0,1,0,0,2.4,Low,18.6,16.6,0,0
1342,Female,6,12,96.6,86.2,2,7500,0.3,Primary,0,0,0,0,1,1,5.9,Medium,56.7,47.6,1,0
1343,Male,7,11,90.6,76.2,0,7100,1.1,No Schooling,0,0,1,0,0,1,4.6,Medium,55.8,34.8,0,0
1344,Female,6,10,54.9,25.9,0,39200,2.9,No Schooling,0,0,1,0,0,1,2.6,Low,7.4,24.8,0,0
1345,Female,9,15,92.3,100.0,0,13500,1.1,Primary,0,0,1,1,0,1,5.9,Low,53.5,32.5,0,0
1346,Female,8,15,82.9,36.2,0,3000,0.3,Secondary,1,1,0,0,0,1,3.3,Medium,42.6,24.8,1,0
1347,Male,9,16,78.9,77.8,0,3100,0.7,Primary,0,0,0,0,0,1,7.9,Low,13.6,31.4,0,0
1348,Male,6,10,75.0,75.3,3,20800,7.3,Secondary,0,0,0,0,0,1,2.9,Medium,42.0,0.0,1,0
1349,Male,7,13,78.2,100.0,0,8200,0.9,No Schooling,0,0,1,0,0,1,5.1,Low,51.4,57.9,0,0
1350,Male,10,16,99.3,74.1,0,19800,0.8,Secondary,0,0,1,0,0,1,4.4,Low,50.8,49.6,0,0
1351,Female,6,11,85.3,58.9,0,16800,2.4,Secondary,0,0,1,0,0,1,5.5,Low,48.8,29.0,1,0
1352,Female,7,13,80.8,47.0,0,6700,4.2,Higher Secondary,0,0,0,0,0,1,3.3,High,58.8,13.3,2,0
1353,Male,6,11,74.3,80.2,1,9100,0.4,No Schooling,0,0,0,1,1,1,3.9,Medium,56.3,23.8,0,0
1354,Male,6,13,86.9,88.1,3,5400,2.6,Secondary,0,0,1,0,1,1,8.0,Medium,52.0,38.8,0,0
1355,Female,8,15,88.7,37.2,0,15900,5.0,Secondary,0,1,1,0,0,1,0.5,Medium,47.1,6.7,0,0
1356,Male,6,12,98.7,100.0,2,8900,1.1,Primary,0,0,0,0,0,1,4.8,Low,52.8,51.8,0,0
1357,Female,8,13,71.6,53.0,0,19200,2.6,Secondary,0,0,1,1,0,1,6.8,Medium,36.7,39.8,0,0
1358,Male,10,16,58.0,31.1,0,5100,2.1,Graduate,0,0,0,0,0,1,0.3,Low,32.7,28.2,0,0
1359,Female,6,13,70.7,40.8,3,6700,10.3,Primary,0,0,0,0,0,1,2.1,High,45.0,31.6,0,1
1360,Male,6,11,76.3,62.5,0,5600,0.3,Primary,0,0,0,0,1,1,6.6,Medium,23.0,10.9,0,0
1361,Female,10,17,78.5,100.0,0,23400,1.5,No Schooling,0,0,1,0,1,1,4.4,Low,57.0,52.4,0,0
1362,Male,8,14,80.1,46.7,2,7900,2.3,Higher Secondary,1,0,0,1,0,1,0.7,Medium,61.0,25.8,0,0
1363,Female,10,14,96.3,72.1,1,7500,3.5,Secondary,1,0,0,0,1,0,4.4,Low,45.7,25.8,2,0
1364,Male,7,13,93.1,68.1,0,7100,0.2,No Schooling,0,0,0,0,0,1,3.7,Low,40.3,12.3,0,0
1365,Male,8,12,93.5,100.0,0,18500,1.2,Higher Secondary,0,0,0,0,1,0,6.8,Low,48.5,42.2,0,0
1366,Female,10,16,84.7,59.5,2,50000,0.5,Higher Secondary,0,1,1,0,0,0,3.8,Low,35.5,27.4,0,1
1367,Male,6,13,64.8,48.6,0,47000,7.4,Secondary,0,0,1,1,0,0,1.3,Low,39.7,44.5,0,0
1368,Male,9,16,63.3,86.5,0,13400,1.3,Graduate,0,0,0,0,0,1,5.3,Low,40.4,28.4,2,0
1369,Male,9,15,90.2,56.7,0,4200,2.0,Primary,0,1,1,0,1,0,3.5,Low,49.7,42.5,0,0
1370,Male,9,13,76.2,60.9,0,5400,6.3,Primary,0,0,1,0,0,1,4.0,Low,53.4,44.3,1,0
1371,Male,6,13,72.8,63.8,0,10000,4.4,Primary,0,0,0,0,0,1,6.5,Medium,22.9,15.9,0,1
1372,Female,8,13,83.2,35.8,2,3000,3.4,Primary,0,0,0,1,0,1,2.4,Low,13.7,14.7,0,0
1373,Male,6,10,93.7,12.9,0,5100,8.6,Primary,1,0,0,0,1,1,2.9,High,31.5,31.8,1,0
1374,Female,10,17,59.0,45.7,1,14900,4.3,Higher Secondary,0,0,0,0,0,0,3.4,Low,31.1,35.3,1,1
1375,Female,6,10,93.0,67.0,4,3000,3.5,Primary,0,0,0,0,0,1,4.9,Low,30.2,40.2,0,0
1376,Male,6,11,90.7,67.6,0,11700,1.2,No Schooling,0,0,0,0,1,1,6.6,Medium,42.5,32.4,0,0
1377,Female,10,14,66.4,63.0,1,5500,3.2,Secondary,1,0,0,1,1,1,3.7,High,49.9,44.3,1,0
1378,Female,7,13,88.1,74.4,0,5200,1.7,Higher Secondary,0,0,0,0,0,1,4.6,Low,70.6,40.6,0,0
1379,Female,8,15,93.1,54.2,0,12200,0.6,Higher Secondary,0,0,1,0,1,1,3.1,Low,64.5,16.3,0,0
1380,Male,7,13,62.9,73.6,0,24500,1.6,No Schooling,0,0,0,0,0,0,5.0,Low,24.4,25.9,0,0
1381,Male,9,16,94.9,70.2,1,7700,0.8,Higher Secondary,0,0,1,0,0,1,3.6,Medium,61.4,32.2,0,0
1382,Male,6,13,90.0,79.6,4,21200,12.1,Primary,0,0,0,0,0,1,1.9,Low,51.2,35.2,1,1
1383,Female,8,15,63.6,33.8,1,10200,3.2,No Schooling,0,0,0,0,0,0,0.4,Medium,9.6,18.5,0,0
1384,Female,8,12,77.7,81.2,0,3700,7.4,Higher Secondary,0,0,0,1,1,0,4.6,Low,39.9,51.6,0,0
1385,Female,7,11,73.9,39.2,2,17500,4.6,No Schooling,0,1,1,0,0,1,3.7,High,31.8,23.3,0,0
1386,Male,7,12,92.4,100.0,0,20300,0.8,Secondary,0,1,1,1,1,1,7.4,Low,32.8,16.2,1,0
1387,Female,6,12,74.0,79.7,1,10700,0.9,No Schooling,0,0,0,0,0,0,2.3,Low,37.2,33.4,0,0
1388,Male,9,16,99.1,51.2,0,3300,0.5,Secondary,1,0,0,0,0,1,6.6,Medium,42.4,24.8,0,0
1389,Female,6,11,92.9,78.5,2,3000,0.3,No Schooling,0,0,0,0,0,1,6.4,Low,31.6,36.8,1,0
1390,Male,7,13,84.0,15.3,3,11300,11.2,No Schooling,0,1,1,0,0,1,1.2,Medium,48.1,10.9,0,1
1391,Female,7,11,61.3,36.6,1,11300,0.7,Higher Secondary,0,0,1,1,1,1,3.0,Low,34.1,9.5,0,0
1392,Female,8,14,86.1,93.4,0,13300,0.4,Higher Secondary,0,0,1,0,1,0,2.6,Low,61.3,57.8,0,0
1393,Male,9,16,91.7,76.5,0,3000,3.2,Secondary,1,0,0,0,1,1,5.3,Low,43.2,27.0,1,0
1394,Male,7,12,71.3,70.7,0,4400,0.9,Primary,0,0,0,0,0,1,3.9,Low,45.6,46.1,2,0
1395,Female,10,14,99.3,71.9,0,5400,5.4,Graduate,0,0,0,0,0,1,3.5,Medium,49.3,44.3,0,0
1396,Male,9,14,82.3,85.1,0,17200,0.4,Secondary,0,0,1,0,1,1,4.6,Medium,44.2,23.1,0,0
1397,Female,10,17,78.7,79.0,0,8200,2.5,Primary,0,0,1,1,1,0,3.2,Low,56.8,49.2,0,0
1398,Female,9,16,78.3,40.8,2,18000,1.6,Higher Secondary,0,0,1,0,0,0,1.4,High,46.6,29.6,0,0
1399,Female,6,12,67.1,67.2,0,4100,0.9,Secondary,0,0,0,0,1,0,4.6,High,33.3,35.2,1,0
1400,Male,10,16,75.7,57.0,1,3000,2.3,Higher Secondary,0,0,0,0,0,1,3.1,Low,35.8,43.5,1,0
1401,Male,9,14,77.6,32.7,1,14600,4.6,Higher Secondary,0,1,0,0,0,1,1.7,Low,37.8,0.0,0,0
1402,Male,8,15,82.3,45.7,0,6900,0.5,Higher Secondary,0,0,1,0,0,1,2.9,Low,38.6,31.8,0,0
1403,Female,6,13,81.5,100.0,1,8400,5.7,Secondary,0,0,1,0,0,1,6.8,Low,54.2,44.7,1,0
1404,Male,6,13,94.2,57.3,0,3400,0.2,Higher Secondary,0,0,1,0,1,1,3.5,Medium,47.5,38.7,1,0
1405,Male,8,15,87.2,50.8,0,8900,2.7,Higher Secondary,0,0,1,0,1,0,1.8,Low,30.3,8.6,1,0
1406,Male,7,13,64.3,32.4,1,9400,3.8,Primary,0,0,0,0,1,0,1.1,Low,47.1,21.4,2,1
1407,Female,9,16,78.5,69.7,0,8200,0.1,Primary,0,0,0,0,0,1,3.4,Medium,45.2,29.1,1,0
1408,Male,7,13,84.8,75.2,0,13000,1.0,Secondary,0,0,0,0,1,1,1.8,Low,36.7,18.7,0,0
1409,Female,8,14,54.8,81.1,0,14100,1.1,Primary,0,0,0,0,0,0,4.8,Low,20.5,66.8,0,0
1410,Female,6,12,78.0,61.8,0,19600,0.1,Graduate,0,0,0,0,0,1,1.2,Low,59.3,21.3,0,0
1411,Female,6,10,85.1,70.5,0,8500,2.6,Secondary,0,0,0,0,0,1,2.8,Low,52.4,29.7,0,0
1412,Female,6,13,71.7,35.1,1,26500,0.6,No Schooling,0,0,0,0,0,1,2.6,Low,35.5,32.6,0,0
1413,Female,9,14,92.7,44.6,1,3300,2.9,Higher Secondary,1,0,1,0,1,1,3.9,Low,57.7,22.2,1,0
1414,Female,8,14,61.2,77.9,0,15600,2.6,Primary,1,0,0,0,1,1,2.9,Low,59.0,39.8,0,0
1415,Male,10,17,75.9,55.9,0,8400,0.6,Higher Secondary,0,0,0,0,0,1,4.3,Low,29.3,26.3,0,0
1416,Female,9,13,88.6,73.7,3,7500,2.4,No Schooling,1,1,0,0,0,1,1.4,Low,39.7,1.3,0,1
1417,Female,9,14,75.1,84.3,3,5900,13.0,Higher Secondary,0,0,0,0,0,1,6.5,Low,39.4,19.3,0,0
1418,Female,8,15,77.5,41.9,0,11900,3.7,No Schooling,0,0,1,0,1,0,2.0,Medium,28.6,31.7,1,0
1419,Female,9,14,79.4,100.0,3,29800,0.7,Primary,0,0,0,0,0,1,5.1,Low,65.2,53.0,0,0
1420,Female,10,16,96.0,47.6,2,20500,7.1,Primary,0,0,1,0,0,1,1.8,Medium,51.4,28.4,0,1
1421,Female,9,15,63.4,68.4,0,15300,0.8,Graduate,0,0,1,0,0,1,6.0,Low,37.2,26.6,0,0
1422,Male,6,13,86.1,100.0,0,7400,0.7,Secondary,0,1,0,0,0,1,5.8,Low,61.0,37.6,0,0
1423,Male,9,15,58.3,45.8,0,25600,3.7,No Schooling,0,0,0,0,1,1,3.0,Low,25.0,19.1,0,0
1424,Male,6,11,66.7,94.8,0,10900,1.2,Graduate,0,1,0,0,1,1,2.5,High,50.1,57.8,0,0
1425,Male,6,10,88.8,91.4,0,3900,3.1,Primary,0,0,1,0,0,1,3.1,Low,53.7,36.0,0,0
1426,Male,9,14,88.7,65.7,1,4600,2.7,Secondary,1,0,1,0,1,1,0.3,Low,29.7,61.7,1,1
1427,Male,10,16,69.3,97.9,0,25200,0.2,No Schooling,0,0,1,0,0,1,8.0,Medium,36.0,53.4,0,0
1428,Male,6,12,84.5,46.7,1,17900,0.8,Higher Secondary,0,0,0,0,1,0,3.0,Low,56.5,25.0,0,0
1429,Female,6,13,74.9,58.8,0,19700,5.5,Higher Secondary,0,0,0,0,0,1,2.4,Medium,48.5,22.4,1,0
1430,Male,10,17,78.5,89.5,0,9100,2.3,Primary,1,0,0,0,0,1,4.0,Low,32.4,26.5,0,0
1431,Female,6,11,80.0,64.5,0,4500,0.7,Primary,0,0,1,0,0,1,6.5,Medium,45.0,42.4,0,0
1432,Female,6,10,80.9,100.0,0,3000,3.8,Higher Secondary,0,1,0,0,0,0,8.0,Medium,56.7,40.7,0,0
1433,Male,9,14,96.5,47.0,1,4500,8.4,No Schooling,0,0,1,0,0,1,4.6,Low,53.0,29.3,0,0
1434,Male,10,15,88.8,96.5,0,41626,0.3,Secondary,0,0,0,0,0,0,6.0,Medium,42.8,29.7,0,0
1435,Male,8,15,58.3,10.2,4,41400,0.4,Graduate,0,0,1,0,1,1,1.6,Low,33.9,37.1,0,0
1436,Female,8,15,61.7,0.0,3,5500,0.8,Secondary,1,0,0,0,0,0,1.3,Medium,19.1,0.0,1,1
1437,Male,7,14,83.2,53.6,0,5500,0.2,Primary,0,0,0,0,1,1,7.9,Low,11.8,16.2,0,0
1438,Male,7,14,79.9,68.4,2,5500,4.3,Primary,0,0,1,0,0,1,4.4,High,20.5,38.5,1,0
1439,Female,9,13,60.5,80.8,1,3000,0.2,Primary,0,0,1,0,1,1,5.2,Medium,26.2,57.8,0,1
1440,Female,10,14,81.6,100.0,0,3000,0.8,Higher Secondary,0,0,0,0,0,0,5.9,Medium,45.8,40.9,0,0
1441,Male,7,13,84.1,52.2,0,25200,3.3,No Schooling,0,0,0,0,0,1,4.3,Low,38.6,28.1,0,0
1442,Male,7,12,87.4,82.1,1,28400,1.2,No Schooling,0,0,1,1,0,1,4.4,High,47.6,21.1,0,0
1443,Male,7,14,71.1,81.0,3,18700,5.4,Graduate,0,0,1,1,0,0,6.5,Low,35.0,34.9,1,0
1444,Male,6,11,85.8,100.0,0,11600,0.7,Primary,0,0,1,0,0,0,5.1,Low,68.3,39.5,0,0
1445,Male,7,11,62.0,31.0,3,3500,4.5,Secondary,0,0,1,0,0,1,0.0,Low,24.0,12.7,1,0
1446,Female,6,10,58.8,38.8,1,20000,1.3,Secondary,0,0,0,1,0,1,1.1,Medium,43.0,13.2,0,0
1447,Female,9,14,75.8,86.4,0,8200,6.7,Secondary,0,0,0,0,1,0,2.8,Low,47.9,42.9,0,0
1448,Female,7,11,94.3,100.0,0,11900,6.8,No Schooling,0,0,1,0,0,1,5.6,Low,61.8,45.2,0,0
1449,Female,9,14,77.2,97.7,0,10000,3.2,Higher Secondary,1,0,0,0,0,1,7.2,Low,37.8,12.5,0,0
1450,Male,8,14,94.1,72.5,1,14000,3.4,Higher Secondary,0,0,0,1,0,1,4.0,Low,46.4,27.0,0,0
1451,Female,10,17,74.1,64.2,0,16100,1.3,No Schooling,0,0,0,0,0,0,4.9,Low,25.4,51.1,2,0
1452,Female,10,16,65.1,73.4,0,7400,0.8,Primary,0,0,0,1,0,1,3.6,Low,31.0,24.4,0,0
1453,Female,7,11,81.5,44.7,0,16900,5.3,Higher Secondary,0,0,0,0,0,1,3.3,Low,34.3,0.0,2,0
1454,Female,6,11,54.1,91.7,4,6600,1.0,Secondary,0,0,0,0,1,1,5.9,Low,30.6,47.6,0,0
1455,Male,9,16,58.0,37.6,0,16600,1.6,Primary,0,1,0,1,0,0,3.0,Medium,15.7,18.9,0,1
1456,Male,6,11,85.5,92.1,0,16900,4.6,No Schooling,0,0,1,0,0,1,5.6,Medium,52.3,36.8,0,1
1457,Male,7,13,80.2,81.7,0,3000,5.0,Primary,1,0,0,0,0,0,6.7,Low,74.8,45.6,0,1
1458,Male,6,13,67.1,42.2,1,8400,10.6,Secondary,1,0,1,0,1,1,0.8,Low,11.6,20.4,0,0
1459,Female,10,14,65.1,43.0,0,3000,2.0,Secondary,0,0,1,0,0,1,3.1,High,55.6,30.9,0,0
1460,Male,6,11,78.5,98.3,1,3000,5.7,Secondary,0,0,0,0,0,1,5.6,Medium,32.3,37.2,0,0
1461,Female,8,14,93.3,43.9,0,8500,0.6,Secondary,0,1,0,0,0,1,5.6,Low,63.1,39.1,0,0
1462,Female,7,14,75.2,50.7,4,7400,0.6,Primary,0,1,0,1,0,1,2.4,Low,14.9,9.0,0,1
1463,Male,9,16,97.1,70.7,1,6800,1.2,No Schooling,0,0,1,0,0,1,7.1,Medium,42.6,3.7,1,0
1464,Male,7,12,96.6,38.2,3,12900,2.1,Higher Secondary,0,0,0,0,0,1,3.4,Low,42.6,36.7,1,0
1465,Female,10,15,80.5,36.9,0,6300,0.3,No Schooling,0,0,0,0,0,0,2.7,High,31.6,34.2,1,0
1466,Female,9,16,73.5,68.6,0,3600,5.1,Secondary,0,0,0,1,1,1,6.2,Medium,58.0,13.5,0,0
1467,Male,8,15,75.0,85.9,1,3000,0.5,Higher Secondary,0,1,0,0,0,0,5.5,Low,54.2,47.5,0,0
1468,Male,7,14,77.8,32.3,1,3000,2.2,No Schooling,0,0,0,0,0,1,2.3,Low,28.0,33.5,0,0
1469,Female,9,15,55.8,41.8,2,4400,3.6,Primary,0,0,0,0,0,1,1.2,Low,42.5,23.3,0,1
1470,Male,9,14,87.5,90.4,0,4800,0.1,No Schooling,0,0,0,0,1,1,3.9,Medium,51.8,26.8,1,0
1471,Female,7,12,68.7,77.4,1,22000,4.2,Secondary,1,0,1,1,0,1,6.9,Low,60.8,44.8,1,1
1472,Male,7,13,84.9,90.0,1,9200,0.5,Secondary,0,0,0,0,0,1,7.6,Low,27.9,33.6,0,1
1473,Male,6,11,95.5,70.6,4,4000,0.1,Primary,0,0,1,0,1,1,2.4,Low,41.8,19.1,0,1
1474,Male,6,12,82.2,54.3,2,14700,2.6,Higher Secondary,0,0,1,1,1,1,5.5,Low,50.1,19.1,0,0
1475,Male,6,12,68.5,81.7,0,14300,0.3,Graduate,1,0,0,0,1,0,6.6,Low,24.9,69.4,1,0
1476,Male,6,11,88.0,53.7,0,6000,1.9,Secondary,0,0,0,0,0,1,4.1,High,40.8,31.1,1,0
1477,Male,6,11,90.1,73.2,1,20000,5.1,Graduate,0,0,1,0,0,1,4.6,Low,49.4,30.6,0,0
1478,Female,10,17,79.5,40.1,0,16900,0.6,Primary,0,0,0,0,0,1,0.9,Medium,39.4,40.5,1,1
1479,Male,9,14,92.4,83.8,2,6600,0.8,Primary,1,0,0,0,0,1,6.4,Low,42.3,36.6,0,0
1480,Male,10,15,94.4,80.1,0,7900,2.1,No Schooling,0,0,1,0,0,1,4.9,Low,39.5,30.3,0,0
1481,Male,8,13,69.4,32.9,1,6400,1.2,Secondary,1,0,1,1,0,1,2.0,Medium,36.0,25.0,0,1
1482,Male,8,13,55.6,78.8,5,11900,0.4,Graduate,0,0,1,0,0,1,2.1,High,49.4,22.9,0,1
1483,Female,6,12,79.6,81.7,0,3000,3.4,Primary,0,0,0,0,0,0,4.5,Low,28.9,43.1,1,0
1484,Male,9,16,72.1,17.0,0,15800,2.8,Primary,0,0,0,0,0,1,2.1,Low,37.5,14.3,0,0
1485,Female,7,12,86.5,64.8,0,3000,1.9,No Schooling,0,0,1,0,0,1,5.1,Medium,20.4,39.4,0,0
1486,Male,8,12,87.7,61.3,0,5200,3.3,Higher Secondary,1,0,0,0,0,1,5.6,High,28.6,15.3,0,0
1487,Female,10,17,68.2,28.2,0,35500,3.4,Primary,0,1,1,1,1,1,2.7,Medium,25.3,0.0,0,0
1488,Male,10,14,77.0,100.0,1,6500,5.1,No Schooling,0,0,1,1,0,1,5.5,Medium,46.4,42.2,0,0
1489,Female,7,14,82.9,94.0,0,10600,3.2,Primary,1,0,1,1,1,0,5.4,Low,51.4,32.3,0,0
1490,Male,9,13,81.3,81.3,0,11100,4.2,Primary,0,0,0,0,1,0,3.2,Low,46.3,37.4,0,0
1491,Male,6,11,72.1,75.9,0,10700,2.2,Higher Secondary,0,0,0,0,0,1,3.7,Low,59.1,42.1,1,0
1492,Female,6,13,65.0,67.2,0,6200,0.5,Secondary,1,0,0,0,0,1,3.0,High,36.8,27.8,0,0
1493,Female,6,10,74.1,33.0,1,11400,9.6,Higher Secondary,0,1,1,0,0,1,2.9,Low,22.2,23.2,0,1
1494,Female,6,10,61.2,100.0,0,7900,0.6,Secondary,1,0,0,0,0,1,7.9,Low,46.1,47.1,1,0
1495,Male,9,15,85.9,87.1,0,3000,1.8,No Schooling,1,1,0,1,1,1,6.0,Low,45.2,34.3,0,0
1496,Female,7,11,43.7,74.4,0,3700,5.7,Higher Secondary,1,1,0,0,1,1,2.5,Low,32.4,38.0,0,0
1497,Female,6,10,92.5,43.9,0,7400,8.6,Secondary,0,0,1,0,0,1,2.1,Low,56.4,18.8,0,0
1498,Female,10,16,82.0,66.8,2,12000,0.2,Secondary,0,0,1,1,0,1,2.9,Low,47.6,24.1,0,0
1499,Male,8,15,89.4,56.8,0,12100,1.5,Secondary,0,1,1,0,0,0,3.8,Low,45.7,55.1,1,0
1500,Female,7,14,97.5,25.7,0,9500,3.9,Primary,0,0,0,1,1,1,4.4,High,21.3,7.0,0,0
1501,Female,8,15,94.1,94.6,0,8300,4.4,Higher Secondary,0,0,0,0,1,1,7.4,High,43.0,46.6,0,0
1502,Female,8,14,93.8,78.9,2,7600,5.4,Primary,1,0,0,0,1,1,4.3,Medium,33.3,48.7,2,0
1503,Male,8,14,91.9,48.5,2,10400,0.9,Primary,0,1,0,0,0,1,6.1,High,38.9,31.7,0,1
1504,Male,8,15,82.8,1.6,1,4200,1.7,No Schooling,0,0,1,1,0,1,0.7,Medium,34.0,3.8,0,1
1505,Female,10,16,90.4,73.1,1,8500,2.0,Higher Secondary,0,0,0,0,1,0,1.3,Low,34.1,13.3,1,0
1506,Male,7,11,63.9,51.6,1,15500,2.4,Primary,0,0,0,0,0,1,2.8,High,19.1,22.4,0,0
1507,Female,8,12,76.6,29.5,4,8900,0.6,Graduate,0,0,0,0,0,1,2.8,High,5.2,3.8,1,1
1508,Male,6,12,82.1,71.8,0,4100,1.5,Higher Secondary,0,0,1,0,0,1,2.7,Low,44.0,20.4,0,0
1509,Male,10,17,87.9,63.9,0,4100,0.9,Higher Secondary,0,0,1,0,0,1,5.3,Medium,9.7,35.9,0,0
1510,Female,7,13,65.6,41.9,1,20200,0.4,No Schooling,0,0,1,0,0,0,0.6,Medium,50.2,17.9,0,1
1511,Male,7,12,90.8,79.7,1,7500,3.5,Secondary,0,0,1,0,0,1,2.9,Low,45.6,33.2,0,0
1512,Male,10,15,70.5,18.5,4,3000,1.9,No Schooling,0,0,0,1,1,1,1.7,High,30.2,20.5,0,1
1513,Female,8,14,67.0,52.0,1,4000,7.4,No Schooling,1,0,1,0,0,1,3.1,Low,44.4,45.9,1,0
1514,Female,6,13,83.5,73.9,1,3000,2.8,Graduate,0,0,0,0,0,1,7.2,High,47.4,57.2,0,0
1515,Female,7,12,88.4,93.2,0,3000,4.8,Primary,0,0,0,0,1,1,7.2,Low,31.9,43.9,3,0
1516,Male,7,13,79.9,81.3,3,10000,2.1,Secondary,1,0,0,0,0,1,2.8,Low,52.5,57.8,0,0
1517,Male,10,15,80.2,58.7,0,5400,1.6,Secondary,0,0,0,1,0,1,3.2,Low,47.0,29.2,1,0
1518,Female,8,12,75.6,0.0,1,3400,0.2,Primary,0,0,0,0,0,1,0.0,Medium,22.8,9.9,1,1
1519,Male,7,12,94.4,64.3,0,19300,1.8,Higher Secondary,1,0,0,0,0,1,6.3,Low,28.2,46.0,0,0
1520,Male,8,12,49.5,42.8,1,6600,0.8,Higher Secondary,0,0,0,0,0,1,6.1,Low,41.7,41.7,0,0
1521,Male,7,13,79.6,89.0,0,8200,6.7,Higher Secondary,0,0,1,0,0,1,5.4,Low,43.3,59.1,0,0
1522,Female,6,10,83.7,48.9,0,13600,3.4,Graduate,1,0,0,1,0,1,4.2,High,47.5,24.4,0,0
1523,Female,10,15,77.5,100.0,0,3000,1.6,Primary,0,0,0,0,1,1,8.0,Low,43.4,42.8,0,0
1524,Female,6,13,78.2,99.5,2,3300,0.2,Primary,0,0,0,1,0,0,8.0,Medium,41.5,61.4,0,0
1525,Female,10,14,89.7,59.7,1,8200,2.2,Higher Secondary,0,0,0,0,0,0,4.2,Low,53.8,19.0,0,0
1526,Male,9,14,85.1,70.6,0,3000,0.5,Primary,1,0,1,1,1,0,5.7,Medium,51.1,37.5,0,0
1527,Male,6,12,84.5,61.3,0,33600,0.2,Graduate,0,0,1,0,0,1,4.9,Low,55.0,23.3,2,0
1528,Male,9,16,81.1,100.0,0,10600,8.6,No Schooling,0,1,0,0,0,0,8.0,Medium,34.8,49.4,1,0
1529,Male,9,16,68.3,100.0,2,7500,0.8,Secondary,1,1,0,0,0,0,4.9,Medium,17.6,11.9,0,0
1530,Male,8,12,94.8,44.2,0,11300,0.9,No Schooling,0,0,0,0,0,1,4.8,Low,32.8,5.9,0,0
1531,Male,8,12,73.4,63.1,0,12800,0.4,Graduate,0,0,0,0,0,1,4.6,Medium,35.3,20.1,0,0
1532,Male,6,13,82.9,60.7,0,10200,1.5,Primary,0,0,0,0,1,1,2.8,Low,51.2,52.9,0,0
1533,Female,6,12,94.5,59.5,0,14400,2.6,Higher Secondary,0,0,1,0,0,1,5.6,Low,47.5,23.0,0,0
1534,Female,9,16,81.2,42.6,2,18300,11.0,Primary,0,0,1,0,1,1,3.4,High,56.3,33.8,1,0
1535,Male,6,10,90.3,63.8,2,27400,5.3,Higher Secondary,1,0,0,0,0,1,6.5,High,36.8,46.0,1,0
1536,Male,7,11,82.7,66.4,0,4500,5.4,Primary,0,0,0,0,0,1,3.7,Low,17.1,46.5,2,0
1537,Female,8,12,84.1,48.6,0,3400,1.1,Primary,0,0,1,0,1,1,4.3,Medium,39.7,23.3,0,0
1538,Female,6,10,68.1,82.5,2,3400,0.5,Higher Secondary,0,0,1,0,0,0,2.7,Medium,43.1,45.1,0,0
1539,Female,9,16,50.8,30.9,3,9400,4.9,No Schooling,0,0,0,0,0,1,3.3,Low,34.1,15.5,1,1
1540,Male,9,16,45.5,17.0,1,3000,4.2,No Schooling,0,0,0,0,1,0,0.9,Low,16.1,42.9,0,1
1541,Female,10,15,81.4,47.3,0,3000,1.5,No Schooling,0,1,1,0,0,1,3.3,High,34.7,29.0,0,1
1542,Male,6,10,73.3,39.2,0,11700,1.7,Secondary,0,0,0,0,0,1,4.5,Low,55.2,22.3,1,0
1543,Male,7,11,65.2,88.0,2,5800,0.5,Primary,0,1,0,1,0,1,5.0,Low,16.8,37.5,1,1
1544,Male,10,15,87.1,81.5,0,7300,0.3,Higher Secondary,0,0,0,0,1,1,2.4,Medium,45.1,35.0,0,0
1545,Male,7,13,94.2,94.7,0,24800,1.8,Primary,0,0,0,0,0,1,5.6,Medium,43.8,32.4,0,0
1546,Male,9,16,91.7,77.9,3,16400,0.1,Higher Secondary,0,0,1,0,0,1,4.1,Low,53.7,50.7,0,0
1547,Male,8,14,89.4,17.7,1,9500,8.6,Primary,0,0,0,1,0,1,2.4,Low,43.8,0.0,1,0
1548,Female,7,14,67.0,47.9,1,3900,3.5,Primary,0,0,1,0,0,1,4.9,Low,38.3,34.7,0,0
1549,Male,7,14,81.6,38.6,0,7000,3.4,Primary,0,0,1,0,1,1,3.4,Low,43.0,30.6,0,0
1550,Male,9,16,88.6,97.0,1,4400,0.3,Secondary,0,0,1,1,1,0,4.8,Low,47.1,39.8,1,0
1551,Male,6,10,94.0,72.4,1,6600,1.6,Secondary,0,0,1,0,0,1,4.2,Low,37.6,29.0,1,0
1552,Male,10,17,86.1,67.5,0,4200,3.5,Primary,0,0,0,0,0,1,1.9,Low,28.0,31.9,1,0
1553,Male,8,15,80.3,46.3,1,8400,1.0,Secondary,0,0,0,1,0,0,2.6,High,51.4,29.3,0,0
1554,Male,6,12,70.8,59.7,3,6400,1.0,Primary,0,0,1,1,1,0,7.6,Medium,23.4,33.4,1,0
1555,Male,9,15,93.3,62.5,3,4100,5.1,Secondary,0,0,0,0,1,1,5.8,Low,45.8,38.2,1,0
1556,Female,8,15,83.6,82.9,0,3300,1.1,Graduate,0,0,1,0,1,0,4.4,Low,58.4,33.0,0,0
1557,Female,6,12,83.2,65.2,0,24600,0.6,Primary,0,0,0,0,1,1,5.1,Low,38.4,27.3,1,0
1558,Male,10,15,83.9,93.9,0,4800,6.0,Secondary,0,0,1,0,0,1,6.9,Low,55.9,49.1,0,0
1559,Female,9,15,61.3,70.3,1,16500,5.4,Graduate,1,1,1,0,1,1,2.6,Low,29.0,25.3,0,0
1560,Female,8,15,87.2,64.4,3,7200,4.7,Secondary,0,0,1,0,0,1,2.9,Medium,49.6,45.2,1,0
1561,Female,10,14,86.9,94.6,1,8400,0.4,No Schooling,0,0,1,0,0,1,4.1,Low,60.2,66.5,0,0
1562,Female,8,14,94.6,92.7,2,8500,1.0,Primary,0,0,0,0,1,1,5.5,Medium,39.7,44.2,1,0
1563,Female,8,12,90.6,94.5,1,6400,1.0,Primary,1,0,0,0,1,1,6.0,Low,60.1,46.3,1,0
1564,Female,6,12,42.3,40.6,0,7800,0.9,Higher Secondary,0,0,0,1,0,1,3.1,Medium,8.2,17.4,0,1
1565,Female,6,10,95.9,69.8,0,11500,1.3,Secondary,0,0,1,0,0,1,3.6,Low,42.0,24.9,0,0
1566,Male,8,15,92.1,72.6,1,43289,5.3,No Schooling,1,0,1,0,1,1,2.6,Low,37.5,22.7,0,0
1567,Male,8,14,87.1,45.5,1,6900,0.6,Primary,0,0,0,1,0,1,3.4,High,47.1,10.5,1,0
1568,Male,9,14,80.6,57.2,0,8000,0.9,Secondary,1,1,0,0,1,1,1.7,High,44.6,29.8,0,0
1569,Male,8,14,90.9,92.0,0,12400,2.9,Primary,1,0,0,0,1,0,3.7,Medium,63.6,19.1,0,0
1570,Male,8,14,84.8,78.9,0,5900,1.3,No Schooling,0,1,1,1,0,1,3.1,High,37.5,30.6,0,0
1571,Male,10,14,79.7,76.8,0,6800,0.5,Primary,0,0,0,0,0,1,3.3,Low,44.9,46.9,0,0
1572,Female,10,16,97.1,71.8,0,13500,0.4,No Schooling,1,1,1,0,0,0,2.7,Low,30.8,50.4,0,0
1573,Female,7,13,93.2,95.7,1,3000,1.0,Higher Secondary,0,0,0,0,0,1,6.3,High,35.6,39.3,0,0
1574,Female,10,15,76.8,85.6,0,17200,1.2,Secondary,0,0,1,0,1,1,4.7,Low,44.9,36.3,0,0
1575,Male,9,14,82.8,44.0,2,4300,0.9,No Schooling,1,0,0,0,0,1,4.1,Medium,24.1,28.4,0,0
1576,Male,6,11,54.9,43.8,0,16400,1.0,Secondary,0,0,0,0,1,1,3.1,Low,39.7,42.6,0,0
1577,Female,7,11,73.7,32.3,5,18900,2.0,Primary,1,0,1,1,0,0,2.0,Low,40.2,23.3,2,1
1578,Female,6,13,72.6,27.5,0,6100,2.0,Primary,1,0,1,0,0,1,4.4,Low,40.8,25.8,0,0
1579,Female,9,15,85.0,100.0,2,15800,1.8,No Schooling,0,0,1,1,0,1,4.2,Low,53.5,41.7,0,0
1580,Female,8,13,78.2,100.0,0,6100,0.1,No Schooling,0,1,0,0,0,1,5.5,Low,58.4,49.9,0,1
1581,Female,8,13,80.9,90.6,0,4700,4.5,Primary,1,0,0,0,0,1,3.9,Low,41.4,40.8,0,0
1582,Male,9,15,87.3,74.4,0,10300,1.8,Higher Secondary,0,0,0,0,0,1,5.1,Low,62.7,24.4,0,0
1583,Male,7,11,98.5,58.7,0,14500,5.3,Primary,0,0,0,0,1,1,2.8,Low,37.1,28.3,1,0
1584,Male,7,13,72.1,51.1,0,4000,3.6,Secondary,1,0,1,0,0,1,5.6,Low,45.6,35.7,0,0
1585,Female,10,14,81.7,22.8,0,3000,6.1,No Schooling,0,1,0,0,0,1,0.4,Low,25.1,8.9,0,0
1586,Female,10,17,83.1,74.9,3,9100,0.6,Secondary,0,0,1,0,0,1,4.7,Low,40.1,44.0,0,0
1587,Male,9,16,87.4,83.8,2,24900,2.2,Higher Secondary,0,0,1,0,0,1,4.2,Low,42.7,48.1,0,0
1588,Female,6,13,81.7,43.5,0,7800,2.7,Higher Secondary,0,0,0,0,1,1,3.6,Low,30.6,30.7,0,0
1589,Male,6,10,81.4,100.0,0,19500,1.6,Primary,1,0,1,1,0,1,7.5,Medium,59.9,58.3,0,0
1590,Male,6,10,87.8,49.7,0,17100,0.8,Primary,0,0,0,1,0,1,4.5,Medium,52.8,36.3,0,0
1591,Male,7,12,57.9,0.0,3,14800,1.0,Primary,0,0,0,1,0,1,1.8,Medium,34.3,22.4,0,1
1592,Male,7,12,81.6,53.4,1,7100,8.5,No Schooling,0,0,1,0,0,1,1.7,Low,38.3,46.2,0,0
1593,Female,10,16,66.3,64.3,3,5000,0.4,Secondary,0,0,0,1,0,0,0.8,Low,35.8,36.2,0,1
1594,Male,9,15,89.3,87.2,0,8800,3.4,No Schooling,1,0,0,0,0,0,4.0,High,51.0,54.0,0,0
1595,Female,7,12,70.0,45.5,1,3500,0.8,Secondary,0,0,0,0,0,0,4.1,Medium,41.3,28.0,0,0
1596,Female,7,11,69.5,41.9,0,14300,0.7,Primary,0,1,1,0,0,1,2.3,Medium,38.2,10.5,0,0
1597,Male,7,12,81.9,49.6,0,6000,2.6,Higher Secondary,0,0,1,0,0,1,2.9,Low,53.8,29.6,0,0
1598,Male,8,14,68.9,22.9,1,7200,1.1,Secondary,0,0,1,0,0,1,4.3,Low,34.8,1.2,1,1
1599,Female,9,14,65.5,71.6,1,7000,8.7,No Schooling,1,0,1,0,0,1,5.1,Low,43.0,6.5,1,0
1600,Male,6,11,55.8,79.0,3,4600,0.1,Graduate,0,0,0,0,0,1,3.5,Low,26.0,36.6,0,1
1601,Female,10,14,84.2,51.5,1,5500,15.0,Higher Secondary,0,1,0,1,0,1,3.5,Low,49.0,44.4,0,1
1602,Male,6,10,91.9,42.7,0,10400,3.0,Secondary,0,0,0,0,0,1,2.9,Low,35.1,18.5,1,0
1603,Female,7,13,98.7,75.6,0,3600,1.6,Primary,0,0,1,0,1,1,7.1,Low,33.9,29.1,0,0
1604,Female,10,17,68.2,92.7,0,3700,10.2,Secondary,0,1,0,0,0,1,3.6,Low,34.5,25.5,0,0
1605,Male,6,13,89.1,60.2,1,4400,0.6,Secondary,0,0,0,0,1,1,6.2,High,48.7,37.0,0,0
1606,Male,6,13,72.0,46.1,0,8300,12.2,No Schooling,0,0,1,0,0,1,4.3,Low,44.6,16.1,0,0
1607,Female,9,15,58.7,57.8,0,3000,3.1,Secondary,0,0,1,0,0,0,2.5,High,55.4,49.5,1,0
1608,Male,7,13,82.6,87.5,0,4800,1.2,Graduate,0,0,0,0,1,1,5.1,Low,36.7,21.7,0,0
1609,Male,6,10,94.8,59.5,1,3000,5.5,Primary,0,0,0,0,0,0,5.5,Low,43.8,38.7,0,0
1610,Male,6,10,59.9,24.1,1,3000,0.1,Primary,0,0,1,0,1,1,0.9,Low,28.3,29.3,0,0
1611,Male,6,12,78.8,99.3,0,5900,0.1,Higher Secondary,0,1,1,0,0,1,4.5,High,56.6,35.7,0,1
1612,Female,8,15,72.1,64.2,0,9900,1.9,Higher Secondary,0,0,0,0,1,1,5.2,Low,35.7,34.1,0,0
1613,Female,7,14,84.6,97.4,0,8500,0.6,No Schooling,0,0,0,0,0,1,3.6,Low,41.0,55.0,1,0
1614,Male,9,15,92.5,98.5,5,7900,2.3,Secondary,0,0,1,0,0,1,6.8,Medium,91.5,39.1,1,0
1615,Female,10,14,79.4,93.7,2,5400,12.8,Secondary,0,0,1,0,0,1,6.2,Medium,48.1,48.4,0,0
1616,Male,6,13,82.4,79.0,0,18300,0.3,Secondary,0,0,0,0,0,1,3.4,High,40.2,45.8,0,0
1617,Male,7,12,78.8,46.7,2,5700,1.1,Primary,0,0,0,0,0,1,5.1,Low,50.4,44.0,0,0
1618,Female,6,10,88.4,54.7,0,3000,14.3,Secondary,0,0,1,0,0,1,4.4,Medium,38.8,29.0,3,0
1619,Female,7,14,94.3,88.6,0,21100,0.4,Primary,1,0,1,0,0,1,8.0,Low,54.8,43.2,0,0
1620,Male,7,11,56.8,55.8,1,4300,0.1,Graduate,0,0,0,0,0,1,2.7,Low,33.3,20.6,0,0
1621,Male,9,14,59.3,93.5,3,6600,2.3,Higher Secondary,0,0,0,0,1,1,3.5,Low,37.2,41.6,1,1
1622,Male,7,13,74.8,54.1,0,15900,0.9,Secondary,0,0,0,0,0,0,2.3,Low,28.6,7.6,0,1
1623,Female,8,15,94.3,49.0,2,5100,0.4,Primary,0,0,0,0,0,1,4.1,Medium,36.7,18.6,0,0
1624,Male,9,16,94.7,95.1,0,17500,0.9,Primary,0,0,0,0,1,0,7.0,High,48.3,32.7,0,0
1625,Male,10,14,88.7,41.7,0,8700,3.2,Primary,0,1,1,0,0,1,4.7,Low,39.6,40.7,0,0
1626,Female,7,11,52.6,58.1,1,11500,1.8,Primary,0,0,1,1,0,0,5.7,Medium,32.8,29.7,0,0
1627,Male,6,13,81.1,86.2,0,9500,4.9,Primary,0,0,1,0,1,0,6.9,Low,43.9,32.8,0,0
1628,Male,10,15,85.3,68.5,1,6700,3.7,Primary,1,0,0,0,0,0,3.4,Low,36.6,34.5,0,0
1629,Male,7,11,80.1,84.3,0,24000,0.1,Primary,0,0,1,1,1,1,8.0,Medium,30.2,33.0,0,0
1630,Male,9,15,91.7,86.7,1,13700,1.8,Secondary,0,0,1,0,0,0,5.8,Medium,52.0,42.4,0,0
1631,Male,9,15,65.8,61.8,2,3000,0.9,Secondary,0,0,0,0,0,1,3.8,Low,52.3,21.6,0,0
1632,Female,8,15,72.7,54.0,0,5800,7.2,Primary,0,0,0,1,0,1,5.9,Low,42.3,47.0,0,0
1633,Female,7,12,43.0,53.2,0,13900,2.3,Higher Secondary,0,0,0,1,0,1,1.1,Low,39.7,33.1,1,0
1634,Female,6,13,59.7,73.0,0,3000,1.0,Secondary,0,0,0,0,0,1,8.0,Low,51.1,21.3,0,0
1635,Female,8,14,82.3,52.6,0,4500,2.9,Primary,0,1,1,1,0,1,2.8,Low,39.3,37.4,0,1
1636,Male,8,15,92.6,100.0,0,17000,1.7,Secondary,0,0,1,0,0,1,7.1,Low,57.6,31.2,0,0
1637,Male,9,14,88.9,66.2,0,10100,1.4,Primary,0,0,1,0,0,1,4.7,Low,52.6,52.3,0,0
1638,Female,9,15,88.6,91.0,0,5600,0.1,Secondary,0,0,1,0,1,1,7.2,Medium,31.7,34.6,0,0
1639,Male,10,17,82.6,48.7,5,13300,1.3,Secondary,0,1,0,1,1,1,3.1,Low,41.5,33.4,0,1
1640,Female,10,17,68.9,65.9,2,37000,0.1,Graduate,0,0,0,0,0,0,4.6,High,38.5,26.8,0,1
1641,Female,9,14,80.7,55.8,0,4200,5.2,Primary,0,0,0,0,0,0,3.5,Low,40.4,30.9,0,0
1642,Male,6,12,92.8,82.2,3,3400,1.3,Secondary,1,0,1,0,0,1,5.1,Medium,48.5,60.5,0,1
1643,Male,7,13,94.4,100.0,4,27000,1.4,Secondary,0,0,1,1,0,1,8.0,Low,55.0,38.6,0,0
1644,Male,8,12,81.5,73.3,1,16400,1.3,No Schooling,0,0,1,1,1,1,5.7,Low,35.3,20.4,1,0
1645,Male,8,12,91.7,75.1,0,6600,2.9,Graduate,1,0,0,0,1,1,6.5,Low,57.3,34.7,0,0
1646,Male,6,12,83.2,52.9,2,8400,0.3,Secondary,0,0,0,0,0,0,4.2,Low,28.4,52.9,1,0
1647,Male,8,12,78.4,40.2,0,14600,7.3,Primary,0,0,0,0,0,1,3.7,High,24.5,40.7,0,0
1648,Female,7,13,74.7,50.8,0,14700,0.2,No Schooling,0,0,1,0,0,0,2.4,Low,37.3,6.5,0,0
1649,Female,7,12,83.6,72.5,1,15400,1.8,Primary,0,0,0,0,1,1,8.0,Medium,24.8,38.2,1,0
1650,Female,10,15,88.3,51.6,0,4600,1.6,Secondary,0,1,0,0,1,0,2.5,Low,44.1,18.1,0,0
1651,Male,7,14,93.1,77.2,0,6700,0.5,Primary,0,0,0,0,0,1,3.0,Low,45.6,35.9,0,0
1652,Male,8,13,91.2,84.3,1,31700,1.5,Secondary,0,0,1,1,0,1,5.6,Low,28.3,30.6,0,0
1653,Male,8,15,89.6,94.5,0,12800,1.2,Primary,0,0,1,0,1,1,5.6,Medium,52.4,62.2,1,0
1654,Male,8,15,82.2,55.5,2,26100,0.5,No Schooling,0,0,0,0,1,1,5.4,Low,31.9,34.1,0,0
1655,Female,6,13,92.6,53.8,2,9300,9.9,Higher Secondary,0,0,0,0,1,1,4.3,High,62.4,19.3,0,0
1656,Male,8,15,78.5,53.6,0,5700,4.3,No Schooling,0,0,0,0,0,0,5.4,Low,28.4,35.4,0,0
1657,Male,7,13,83.0,41.8,0,4200,4.6,Secondary,1,0,0,0,0,1,3.9,High,33.2,15.3,0,1
1658,Female,9,14,55.8,44.2,0,6100,1.2,Secondary,0,0,0,1,0,1,2.9,Medium,20.5,15.6,0,0
1659,Male,6,13,83.4,62.4,1,19100,1.1,Higher Secondary,0,1,1,0,0,0,2.3,Medium,33.8,45.9,0,0
1660,Male,10,17,85.6,66.1,0,8700,0.6,Primary,0,0,0,1,0,1,3.0,Low,43.2,10.9,0,0
1661,Male,9,14,79.7,42.5,0,3000,0.6,Primary,0,0,0,0,1,1,1.5,Low,17.9,12.8,1,0
1662,Female,7,12,74.8,100.0,0,4100,3.4,No Schooling,0,0,1,0,0,0,5.1,Low,48.8,42.3,0,0
1663,Female,7,12,82.7,68.4,1,41700,2.1,Higher Secondary,0,0,1,0,0,1,5.0,Medium,36.7,33.0,0,0
1664,Male,7,11,87.5,79.8,2,4500,0.1,Graduate,0,1,0,0,0,1,1.0,Medium,46.5,48.7,0,0
1665,Female,9,14,49.6,70.6,3,9800,2.0,Primary,0,0,1,0,0,1,4.0,High,26.3,15.2,1,0
1666,Female,9,13,84.0,79.1,0,15100,2.1,Primary,0,0,1,1,0,1,6.9,Low,24.0,30.9,2,0
1667,Female,9,16,73.0,65.5,0,6500,1.5,Primary,0,0,0,0,0,1,3.8,Medium,55.4,43.6,0,0
1668,Male,10,15,89.5,59.2,1,3000,0.9,Higher Secondary,0,0,1,0,1,0,8.0,Low,43.5,25.3,0,0
1669,Male,8,14,87.0,92.0,0,3400,1.3,Primary,0,0,0,0,0,1,5.5,Low,55.3,77.0,0,0
1670,Female,9,13,83.0,81.3,0,4200,0.2,Secondary,1,0,0,1,0,1,4.8,Low,44.9,34.7,0,0
1671,Male,8,14,58.5,28.2,1,3000,3.4,Secondary,0,0,1,0,0,1,2.3,Low,18.3,10.2,0,0
1672,Female,9,15,90.2,49.2,0,22000,1.4,Secondary,0,0,1,0,0,0,2.0,Medium,31.6,25.2,1,0
1673,Female,8,14,65.8,100.0,0,14200,3.9,Primary,0,1,1,0,0,1,3.8,Low,42.6,28.5,1,0
1674,Male,9,16,84.6,62.6,0,19300,0.2,Secondary,0,0,0,0,0,1,5.6,Medium,37.0,29.1,0,0
1675,Female,6,10,87.1,57.2,0,4300,2.5,Primary,0,0,0,0,1,1,4.3,Low,51.2,27.1,0,0
1676,Female,6,12,80.3,28.1,0,6900,0.5,No Schooling,0,0,1,1,0,1,3.1,Medium,53.9,29.7,0,0
1677,Female,7,12,97.2,87.0,2,16600,1.3,Primary,0,0,0,0,1,0,5.8,Low,16.1,26.9,0,0
1678,Male,10,17,85.2,77.8,2,3000,0.2,Higher Secondary,0,0,1,0,0,1,2.3,High,30.9,24.1,1,1
1679,Female,8,14,92.5,65.4,1,29400,0.3,Secondary,0,0,0,1,0,1,4.4,Low,38.0,26.3,0,0
1680,Female,7,14,71.8,100.0,0,18200,7.7,Higher Secondary,1,0,0,0,0,1,8.0,Medium,55.5,23.5,0,1
1681,Female,7,11,87.4,31.1,0,10900,0.9,Primary,0,0,0,0,0,1,1.6,Low,41.0,21.5,1,0
1682,Female,8,13,60.8,30.7,1,5200,4.4,No Schooling,0,0,0,0,0,1,3.2,Low,33.2,40.9,1,1
1683,Female,10,16,55.0,49.4,0,3200,2.1,Primary,0,0,1,0,0,1,3.9,Low,44.3,50.3,0,0
1684,Male,10,14,83.9,24.8,0,13000,3.6,No Schooling,0,0,1,0,1,1,0.4,Low,45.0,16.0,0,0
1685,Male,10,16,77.5,75.2,1,23500,3.4,Primary,0,0,1,0,0,1,6.8,Low,34.5,16.0,0,0
1686,Male,10,14,77.8,78.8,0,10500,2.8,No Schooling,0,0,1,0,1,1,3.5,Medium,40.5,41.5,1,0
1687,Male,6,10,75.9,25.2,5,12700,0.1,Primary,0,1,1,0,1,1,1.6,High,8.8,13.6,0,1
1688,Male,7,13,62.4,59.9,0,12900,0.4,Primary,0,0,0,0,1,0,5.0,Low,53.0,23.5,1,0
1689,Female,8,13,95.0,87.9,0,9200,2.7,Higher Secondary,1,0,1,0,1,0,5.7,Low,51.7,42.6,0,0
1690,Male,9,14,75.0,80.5,1,11500,2.3,Primary,0,1,0,0,1,0,4.9,High,48.4,38.8,0,0
1691,Female,6,11,91.7,100.0,1,23700,3.5,Higher Secondary,0,0,0,0,0,1,8.0,Low,41.4,49.0,0,0
1692,Female,9,15,97.1,57.9,1,12100,2.9,No Schooling,0,0,1,0,1,1,6.7,Low,50.4,29.6,0,0
1693,Male,6,12,89.5,86.4,0,8900,4.3,No Schooling,0,0,1,0,1,0,4.2,Low,58.5,32.5,0,0
1694,Female,7,13,86.7,60.3,0,4600,1.6,No Schooling,0,0,1,0,0,1,3.4,Low,32.0,36.3,0,0
1695,Female,7,14,92.1,73.5,1,14500,6.7,Primary,0,0,1,0,0,1,5.6,Low,41.7,18.6,0,1
1696,Female,10,16,94.0,59.5,2,8600,0.9,No Schooling,1,0,0,0,0,1,4.3,Low,42.7,47.5,0,0
1697,Male,9,13,95.9,63.7,0,8700,1.1,No Schooling,0,1,0,0,0,1,2.9,Low,38.1,39.7,0,0
1698,Female,8,12,90.1,76.4,0,12000,0.8,Secondary,0,0,0,0,0,1,6.4,Low,27.5,42.0,0,0
1699,Female,9,16,96.3,67.9,0,8300,4.6,Graduate,0,0,1,0,1,1,5.4,Low,44.4,34.1,0,0
1700,Female,9,14,84.9,58.3,1,10600,0.7,Secondary,0,0,1,0,1,1,2.9,Medium,33.8,27.2,0,0
1701,Female,7,12,65.4,28.6,0,9300,0.6,Secondary,0,0,0,0,0,1,2.9,Medium,24.5,37.8,0,0
1702,Female,9,14,72.8,83.9,3,6300,1.0,No Schooling,1,0,0,0,0,0,4.2,Low,34.0,25.8,0,1
1703,Male,6,13,91.9,83.5,0,15100,0.1,Secondary,0,1,0,0,1,1,4.3,Low,62.5,25.5,0,0
1704,Female,8,15,84.2,100.0,0,3000,0.2,Secondary,0,0,1,0,0,1,8.0,Low,16.6,44.8,0,1
1705,Male,6,11,90.5,91.4,0,12200,4.5,Primary,0,1,0,0,0,0,3.3,Low,28.2,33.7,0,0
1706,Female,7,13,44.2,34.2,0,4000,2.0,Secondary,0,0,1,0,1,1,2.5,Low,40.1,15.8,0,1
1707,Male,8,14,93.6,68.7,2,18100,0.7,Secondary,0,0,1,0,0,0,6.7,Low,29.1,29.1,0,0
1708,Male,6,12,72.4,70.2,1,3000,0.1,No Schooling,0,0,1,1,0,1,5.7,Low,29.0,17.2,0,0
1709,Female,8,15,91.9,48.2,0,5600,6.5,No Schooling,0,0,0,0,0,1,4.2,Low,52.9,40.2,1,1
1710,Male,9,15,75.6,26.2,3,10700,0.9,No Schooling,0,0,0,0,0,1,0.9,Medium,22.2,14.8,0,1
1711,Female,8,12,64.1,94.7,1,7400,0.9,No Schooling,0,0,1,0,0,1,4.2,High,34.2,43.6,0,0
1712,Male,6,12,73.4,58.7,0,4900,2.4,Higher Secondary,1,0,0,0,0,1,3.4,Low,59.9,25.5,0,0
1713,Female,6,13,75.8,75.2,0,17500,1.1,Graduate,0,0,1,0,1,1,6.5,Low,29.5,24.2,0,0
1714,Female,7,11,79.6,40.4,2,3200,0.2,No Schooling,0,1,1,0,0,1,3.4,Low,7.3,11.0,0,1
1715,Male,10,15,72.7,45.2,1,8700,1.3,Secondary,0,0,0,0,0,0,0.8,Low,24.2,12.1,2,0
1716,Female,10,14,94.3,100.0,0,5200,0.3,Secondary,0,0,0,1,0,1,5.0,Low,55.0,58.1,0,0
1717,Male,7,13,84.6,29.2,0,13900,3.6,No Schooling,0,1,0,0,0,0,1.6,Medium,62.9,35.2,0,1
1718,Female,9,13,76.7,59.5,0,37996,4.7,Primary,1,0,0,0,0,1,3.5,Low,7.7,18.0,0,0
1719,Female,8,14,60.4,22.2,0,8100,0.9,Secondary,0,0,0,0,0,1,0.0,Low,38.3,12.6,0,1
1720,Female,10,14,78.7,55.7,0,6600,7.7,No Schooling,0,0,0,0,0,1,3.1,High,61.7,17.9,0,0
1721,Male,6,13,58.0,32.0,0,7700,1.2,No Schooling,0,0,0,0,1,1,2.2,Low,29.9,20.3,1,0
1722,Male,8,13,55.3,62.5,2,9000,5.4,Primary,0,0,0,0,0,1,4.6,High,45.2,16.3,0,0
1723,Female,8,13,96.3,35.7,1,8300,4.2,No Schooling,0,0,0,0,0,0,1.0,Low,34.4,23.0,0,1
1724,Female,7,14,84.6,76.9,1,7800,1.4,Secondary,0,0,0,0,1,1,6.0,Low,47.8,34.4,0,0
1725,Male,6,11,93.4,2.5,0,5000,1.4,Primary,0,0,0,0,0,1,4.9,Low,57.5,30.9,0,0
1726,Male,6,10,89.8,10.8,0,9500,4.0,No Schooling,0,0,0,0,1,1,7.6,Medium,42.4,26.8,0,0
1727,Male,8,15,84.5,87.3,0,3600,0.8,No Schooling,1,0,0,1,0,1,5.9,Low,46.6,24.3,1,0
1728,Female,9,13,64.6,41.7,3,10500,1.9,Primary,0,0,0,1,1,1,3.1,High,27.0,40.5,0,1
1729,Male,9,14,92.0,64.3,1,8000,3.4,Primary,0,0,0,0,1,1,2.5,High,40.2,65.9,0,0
1730,Male,6,10,59.2,45.7,0,3000,2.6,Secondary,0,0,1,0,0,1,1.2,Medium,28.4,22.5,1,0
1731,Female,10,16,73.6,88.9,0,9300,0.7,Higher Secondary,1,0,1,0,1,0,4.9,Low,28.8,37.4,1,0
1732,Male,7,12,74.0,30.8,0,26600,1.8,Graduate,0,1,0,0,1,1,4.2,Medium,20.5,12.2,0,0
1733,Female,10,17,83.9,36.5,0,7600,5.3,Secondary,0,0,1,0,0,1,2.4,Medium,51.1,46.9,0,0
1734,Male,6,10,79.1,100.0,1,9200,0.1,Secondary,0,0,1,1,0,1,8.0,Low,50.7,32.4,0,0
1735,Female,10,16,53.2,32.6,0,4900,7.3,No Schooling,0,0,0,0,0,1,1.3,Low,27.7,20.6,3,0
1736,Female,10,14,93.3,93.1,0,42700,2.1,No Schooling,0,0,1,1,0,1,4.4,Low,42.0,59.2,0,0
1737,Female,10,14,73.8,76.8,1,39000,3.9,No Schooling,0,0,1,1,0,1,5.4,Medium,46.2,28.1,0,0
1738,Male,9,14,81.5,47.3,0,27300,7.7,No Schooling,0,0,1,1,0,1,3.1,High,48.5,52.2,0,0
1739,Female,7,14,91.2,78.9,0,35200,1.2,Secondary,0,1,1,0,0,0,4.6,Low,37.4,38.6,0,0
1740,Female,9,16,84.7,36.6,4,4400,1.2,Primary,1,0,1,0,0,1,1.9,Medium,50.1,29.4,1,1
1741,Male,8,14,75.7,81.3,2,3300,2.3,Graduate,1,0,1,0,0,0,4.4,Low,41.6,44.7,0,0
1742,Male,7,12,96.4,93.4,2,50000,3.4,Graduate,0,0,1,1,0,1,5.1,Low,61.0,44.9,0,0
1743,Male,10,15,65.8,58.8,0,7200,2.0,No Schooling,0,0,0,1,0,1,6.3,Low,44.5,45.1,1,0
1744,Female,7,11,59.0,72.4,4,4500,0.1,Graduate,0,0,0,0,0,1,6.7,Low,10.6,35.5,1,1
1745,Female,7,12,74.6,81.2,0,11200,1.8,Higher Secondary,0,0,1,0,0,1,6.2,Low,55.8,38.2,1,0
1746,Female,10,15,85.9,74.3,0,3700,0.9,Secondary,0,0,1,0,0,1,6.9,Low,40.6,39.2,0,0
1747,Female,7,13,87.1,71.0,0,9800,0.1,Primary,0,0,1,0,0,0,2.7,Low,44.1,32.6,1,0
1748,Female,6,10,94.1,67.0,0,4500,5.1,Graduate,0,0,0,0,1,0,7.3,Low,37.9,23.1,0,0
1749,Male,7,11,83.1,78.3,0,15300,2.0,No Schooling,0,0,0,0,0,1,6.7,Low,30.8,27.0,0,0
1750,Male,9,15,89.6,87.5,0,4400,2.7,No Schooling,0,0,1,0,0,1,3.5,High,57.0,50.7,1,0
1751,Female,10,14,82.1,73.9,0,3500,1.4,Secondary,0,0,1,1,1,1,7.2,Medium,30.0,49.5,0,0
1752,Male,6,11,69.1,34.9,0,4200,4.4,Primary,0,1,0,0,0,1,4.5,Medium,45.5,39.9,1,1
1753,Female,8,14,80.7,87.9,0,10300,1.0,Primary,0,0,1,0,0,1,6.6,Low,56.9,37.2,2,0
1754,Female,8,15,48.3,98.4,0,5300,3.3,Primary,1,0,0,0,1,1,3.4,Low,37.1,35.4,0,0
1755,Male,9,15,81.8,55.6,3,15000,2.5,Graduate,0,0,1,0,0,1,4.0,Medium,50.7,18.2,0,0
1756,Female,9,16,74.6,69.4,0,7900,1.5,Primary,0,0,1,0,0,0,4.9,Low,51.8,15.9,0,0
1757,Male,10,15,64.0,46.7,2,12500,3.9,Primary,0,0,0,0,1,0,3.4,Low,34.2,12.0,0,1
1758,Female,7,13,84.1,71.9,2,4200,6.9,Primary,1,0,1,0,1,1,6.3,Low,53.6,62.9,0,0
1759,Female,7,14,65.9,64.8,1,7200,4.1,Secondary,0,1,0,0,0,0,4.3,Low,37.4,20.3,0,0
1760,Female,8,12,87.6,81.7,0,7900,2.3,No Schooling,0,0,0,0,0,1,4.0,Low,51.8,48.9,1,0
1761,Male,7,13,49.5,29.7,0,4600,4.1,Primary,0,0,0,0,0,1,3.0,Medium,43.5,40.4,0,1
1762,Male,8,13,85.8,49.8,3,5700,1.2,Primary,0,0,0,0,0,1,3.2,High,50.3,24.3,2,0
1763,Male,6,13,69.3,51.8,4,10700,5.7,Secondary,0,0,1,1,1,1,3.8,Medium,60.8,36.1,0,0
1764,Male,6,11,88.4,38.7,1,3000,0.4,Secondary,0,1,0,0,1,1,1.0,Low,44.9,17.9,0,1
1765,Male,10,17,86.1,100.0,2,5900,0.7,Primary,1,1,0,0,0,1,4.5,High,51.7,63.5,0,0
1766,Male,6,13,78.0,86.7,2,7400,1.6,Higher Secondary,0,0,1,0,0,0,3.2,Low,57.9,48.6,0,0
1767,Female,8,14,75.1,83.0,1,3300,0.5,Secondary,0,0,0,0,1,1,3.4,Low,54.1,36.1,1,0
1768,Male,9,13,75.1,71.2,0,3000,0.5,Graduate,0,0,1,0,0,1,6.7,Low,19.1,22.6,0,0
1769,Male,6,10,76.8,76.4,0,7700,1.4,Secondary,0,0,0,0,1,1,5.3,Low,39.8,33.5,0,0
1770,Female,7,13,59.2,44.9,0,4000,1.4,Higher Secondary,0,0,0,0,1,0,1.6,Medium,34.5,5.7,0,0
1771,Female,7,12,79.0,49.8,1,3000,0.5,Primary,0,0,1,1,1,1,4.5,Low,37.2,29.8,0,0
1772,Female,8,13,81.2,100.0,0,4500,1.4,Graduate,0,0,0,0,1,1,7.9,Medium,48.6,31.6,0,0
1773,Female,7,14,63.2,44.2,1,9600,0.3,Secondary,1,0,0,0,0,1,2.3,Low,38.4,20.5,0,0
1774,Female,9,14,66.4,56.1,0,10700,1.1,Primary,0,0,0,0,0,1,3.0,Low,17.9,22.7,0,1
1775,Female,7,12,78.4,87.7,0,6800,0.4,Secondary,1,0,1,0,0,1,4.5,Low,43.6,49.7,0,0
1776,Female,6,11,80.9,29.2,3,17900,6.6,Graduate,0,0,1,0,0,1,2.6,High,41.9,36.0,0,0
1777,Female,6,13,71.0,52.5,0,12900,0.9,Secondary,0,0,0,0,0,1,2.0,Low,64.5,43.0,1,0
1778,Male,7,12,77.9,65.6,0,3400,3.4,Secondary,1,0,0,0,1,1,5.2,Low,54.0,30.0,1,0
1779,Male,7,12,90.0,100.0,0,5300,0.2,Higher Secondary,1,0,0,0,1,0,5.9,Medium,59.7,28.0,0,0
1780,Male,10,16,69.9,29.4,0,3000,0.9,Primary,0,0,0,0,0,1,3.1,Low,2.4,22.6,0,0
1781,Male,6,10,88.2,56.5,0,20800,0.8,Graduate,0,0,0,0,0,1,4.6,Low,40.2,27.2,0,0
1782,Female,8,14,93.8,88.1,0,5800,2.4,No Schooling,1,0,0,0,0,1,5.7,Low,58.2,49.9,0,0
1783,Male,8,14,58.0,43.1,5,37100,0.7,Graduate,1,0,1,0,1,1,3.7,Medium,13.3,30.0,1,1
1784,Male,9,13,93.5,98.7,2,5900,1.6,Primary,0,0,1,1,0,0,4.6,Low,50.5,50.6,0,0
1785,Male,9,16,75.8,63.9,2,7000,1.8,Graduate,0,0,1,1,0,1,4.4,Medium,39.0,24.1,1,0
1786,Female,6,10,90.1,95.1,0,12000,0.2,No Schooling,0,1,0,0,1,1,7.2,Low,67.9,31.9,1,0
1787,Male,9,16,66.2,72.2,0,28000,1.2,Graduate,0,0,0,0,0,0,3.4,Low,19.4,50.4,0,0
1788,Female,7,14,69.2,26.8,0,31300,0.3,Secondary,0,0,0,0,1,1,0.1,Medium,53.5,13.9,1,0
1789,Female,9,13,84.7,83.4,0,8100,3.8,Graduate,0,0,0,0,0,1,5.7,Medium,49.5,24.1,0,0
1790,Male,6,11,94.7,78.7,1,7600,15.0,No Schooling,0,0,0,0,1,1,7.6,Low,45.1,34.7,1,0
1791,Female,9,13,84.2,67.3,2,5300,1.2,Secondary,0,0,0,0,0,1,4.3,High,38.1,5.0,0,0
1792,Male,8,14,68.1,78.7,2,29800,1.2,Higher Secondary,0,0,0,0,0,1,5.6,Low,48.7,31.2,0,0
1793,Male,9,14,81.7,57.5,2,12900,0.7,Secondary,0,0,0,0,1,1,6.3,Low,31.3,43.7,0,1
1794,Female,6,11,96.9,15.7,4,5200,0.7,Graduate,0,1,0,0,0,1,1.5,Low,30.0,5.6,0,1
1795,Female,9,16,79.5,92.7,3,15600,0.3,No Schooling,0,0,0,0,0,1,2.9,Medium,53.7,52.3,0,1
1796,Male,9,15,84.5,36.8,0,12900,0.7,Secondary,0,0,0,0,0,1,3.1,Low,42.6,24.3,0,0
1797,Female,8,15,91.2,99.7,0,5000,3.4,Secondary,0,0,0,0,0,1,6.7,High,49.5,41.6,0,0
1798,Male,7,13,67.9,37.2,0,5600,6.1,Primary,0,0,0,0,0,1,3.0,Low,26.8,29.2,1,0
1799,Female,6,11,95.3,69.0,0,3600,2.0,Primary,0,1,0,1,1,1,3.0,Low,50.5,45.8,0,0
1800,Female,7,11,70.0,64.5,2,18100,4.4,Secondary,0,1,1,0,0,1,4.3,Low,36.9,32.7,0,0
1801,Female,9,13,57.5,63.3,0,5500,0.1,Secondary,0,0,0,0,1,1,2.9,Low,32.8,43.2,0,0
1802,Female,7,13,81.4,68.9,0,3500,0.2,Higher Secondary,0,0,1,0,0,1,4.3,Medium,35.7,37.6,0,0
1803,Male,9,15,85.6,82.4,0,22600,3.0,Primary,1,0,0,0,0,1,5.2,Low,32.9,49.7,1,0
1804,Female,9,15,87.0,76.7,1,10100,0.7,Primary,0,0,0,0,0,1,3.5,High,32.5,13.6,2,1
1805,Female,9,16,96.5,64.2,0,3000,1.0,No Schooling,0,0,0,0,0,1,5.3,Low,39.8,52.4,0,0
1806,Female,9,13,92.1,89.8,0,13200,4.7,Secondary,0,0,1,1,0,1,5.2,High,33.1,22.2,0,0
1807,Male,8,14,90.5,55.3,0,3000,2.4,Secondary,0,1,1,1,0,0,2.6,High,30.2,26.4,0,0
1808,Male,8,14,87.8,71.8,0,4500,0.7,Secondary,0,0,0,0,1,1,5.2,Low,40.3,36.8,0,0
1809,Male,6,12,68.1,29.7,0,11000,0.8,No Schooling,1,0,1,0,0,1,1.3,Low,28.3,5.8,0,0
1810,Male,10,14,72.3,69.4,1,10800,0.5,Secondary,1,0,1,0,0,1,6.0,Low,37.9,27.8,0,0
1811,Male,10,15,86.6,72.7,3,4700,5.2,Secondary,0,0,0,0,1,1,3.0,Low,44.0,40.7,2,0
1812,Male,8,12,98.1,58.5,0,3200,2.1,No Schooling,0,0,0,0,0,0,5.3,Low,62.5,61.5,0,1
1813,Female,10,14,63.2,78.4,4,28300,0.7,Primary,0,0,1,1,0,1,3.7,Medium,22.7,29.4,0,1
1814,Male,10,17,84.1,79.7,0,22900,0.1,Higher Secondary,0,0,1,1,0,0,2.7,Low,73.6,32.8,1,0
1815,Female,8,14,69.3,63.9,2,6500,1.5,Higher Secondary,1,0,0,0,1,1,2.8,Medium,30.9,23.3,0,0
1816,Female,9,16,80.9,87.9,1,7700,1.0,Higher Secondary,0,0,1,0,1,1,5.5,Low,44.9,55.0,0,0
1817,Female,9,15,62.4,54.8,2,4800,3.3,Primary,1,0,0,0,1,1,1.6,Low,39.6,19.7,1,0
1818,Male,7,11,88.7,69.2,0,6500,5.0,Primary,0,0,0,0,1,1,4.3,High,49.8,23.0,0,0
1819,Male,6,13,86.4,94.9,0,8000,5.9,Secondary,0,0,0,0,0,1,5.6,Low,60.8,43.5,0,0
1820,Female,8,14,82.6,90.4,0,13600,2.0,Primary,0,0,1,0,0,1,4.0,Medium,53.1,51.0,0,0
1821,Female,9,13,79.5,50.3,0,3000,6.5,No Schooling,0,0,0,1,0,1,3.7,Medium,34.1,32.0,0,0
1822,Male,7,11,82.0,68.2,1,10600,1.1,Primary,1,0,1,0,0,0,4.7,Low,48.4,42.3,1,0
1823,Female,9,16,90.0,61.8,0,23500,0.7,Higher Secondary,1,1,1,0,0,0,4.7,Low,35.6,25.9,0,1
1824,Female,9,15,94.5,81.3,1,6200,0.2,Primary,1,0,1,0,0,1,3.9,Medium,38.2,34.5,1,0
1825,Female,9,13,75.7,68.3,4,3900,1.8,Higher Secondary,0,0,0,0,0,1,7.3,High,43.6,33.7,1,0
1826,Male,7,12,62.8,36.5,0,17000,2.6,Higher Secondary,0,0,0,1,0,1,2.5,Medium,17.8,16.4,0,0
1827,Male,8,15,72.6,68.1,0,3700,1.4,Secondary,0,0,0,0,1,1,2.1,High,33.0,25.3,0,0
1828,Male,6,13,64.7,57.5,0,3100,1.3,Secondary,0,0,1,0,1,0,5.3,Low,30.2,22.2,0,0
1829,Female,7,14,90.0,36.5,1,3000,1.3,Secondary,1,0,0,0,0,1,3.5,Low,47.8,31.0,0,0
1830,Male,6,11,95.1,100.0,0,11200,4.1,Primary,0,0,0,0,1,0,4.8,Medium,50.6,45.9,0,0
1831,Male,6,10,61.6,40.6,0,3200,1.2,Secondary,0,1,0,0,0,1,2.3,Medium,19.7,22.4,1,0
1832,Female,6,11,77.0,94.3,0,3000,1.6,Primary,1,0,0,0,0,0,5.5,Medium,29.1,60.8,0,0
1833,Male,8,14,58.1,13.1,0,8700,4.1,Secondary,1,0,0,0,0,1,0.1,Medium,11.3,32.7,1,0
1834,Male,8,15,96.5,3.7,3,3700,0.1,Primary,0,0,0,0,0,0,4.1,Low,40.9,19.8,1,0
1835,Male,7,13,58.3,42.5,4,12000,3.6,Secondary,0,1,1,0,0,1,3.8,Medium,36.1,35.7,1,0
1836,Male,10,14,90.7,66.8,2,11200,0.3,Higher Secondary,0,0,0,0,1,1,5.7,High,47.2,29.1,0,0
1837,Male,8,14,87.1,77.1,0,8300,0.7,Secondary,0,0,1,0,0,1,2.4,Medium,49.7,32.8,0,0
1838,Male,10,14,53.4,84.2,1,4500,0.3,No Schooling,1,0,1,0,0,1,5.0,High,22.8,41.9,0,0
1839,Female,9,15,68.5,49.8,0,13800,0.1,Secondary,0,0,0,0,0,1,2.9,Low,36.1,37.3,0,0
1840,Female,6,11,74.3,93.5,2,3000,0.4,Secondary,0,0,1,0,0,0,4.6,Low,43.9,40.4,0,0
1841,Male,10,16,76.1,23.5,0,17500,1.5,Secondary,0,0,1,1,0,1,3.4,Low,26.6,16.2,0,0
1842,Female,10,16,85.0,32.0,1,6600,2.2,No Schooling,0,0,0,0,1,1,3.5,Low,43.9,29.8,1,0
1843,Male,9,15,80.3,56.6,0,7300,3.3,Primary,0,0,0,1,1,1,3.9,Medium,34.9,29.2,1,0
1844,Female,8,12,71.6,10.5,2,10200,6.4,Secondary,0,0,1,0,0,1,1.5,Low,30.1,0.0,0,1
1845,Male,8,15,77.0,66.1,0,19400,1.8,No Schooling,1,0,0,0,1,1,2.9,Low,45.5,49.6,1,0
1846,Female,8,14,76.4,46.8,0,9700,0.7,Secondary,0,0,1,0,0,1,2.4,Low,36.7,27.5,1,0
1847,Male,9,15,81.2,80.7,0,5700,1.6,No Schooling,0,0,0,0,0,1,7.8,Medium,60.5,19.2,0,0
1848,Female,8,13,79.0,87.0,0,11800,0.6,Secondary,0,0,1,0,1,0,6.2,Low,24.0,30.2,0,0
1849,Male,6,10,45.6,34.1,4,17400,5.2,Secondary,0,0,1,0,0,0,3.0,Medium,30.3,25.2,0,1
1850,Female,6,12,84.3,64.6,0,16100,3.2,Graduate,0,0,1,0,0,1,5.1,Medium,61.1,29.4,0,0
1851,Male,6,11,82.3,67.2,0,9200,3.8,No Schooling,0,0,0,0,1,1,4.0,Low,50.0,34.0,0,0
1852,Female,7,14,79.1,76.8,0,9300,5.2,Primary,0,0,1,0,0,1,4.7,Low,61.3,53.1,0,0
1853,Male,7,13,91.1,57.7,1,10400,3.2,Primary,0,0,1,0,1,0,3.9,Medium,44.2,33.3,1,0
1854,Female,10,15,80.8,12.5,1,14400,3.3,Secondary,0,0,0,0,0,1,1.8,Low,26.3,20.6,0,0
1855,Female,7,11,89.0,63.2,3,7200,4.9,Graduate,0,0,1,0,0,1,7.2,Low,43.2,39.1,0,0
1856,Female,7,13,87.8,55.1,0,9000,0.3,Secondary,0,0,1,0,0,1,0.9,Low,26.5,24.1,0,0
1857,Male,7,14,88.4,30.6,0,8800,1.2,Higher Secondary,1,0,0,0,0,1,3.2,Medium,26.0,26.7,0,1
1858,Male,8,13,87.2,61.0,0,3000,5.2,Primary,0,0,0,0,0,1,2.9,Medium,60.2,18.1,0,0
1859,Male,8,14,98.2,51.0,1,5200,0.1,No Schooling,0,1,0,0,0,1,3.7,Low,55.4,44.7,0,0
1860,Male,8,12,92.7,73.3,5,16200,1.5,Primary,0,0,1,0,0,1,4.8,Medium,16.9,53.0,0,0
1861,Female,10,15,65.2,50.7,0,31800,1.1,Primary,0,0,1,0,1,1,1.7,Low,34.4,19.3,0,0
1862,Female,10,17,86.4,100.0,1,8500,1.0,Secondary,0,0,0,0,0,1,4.8,Low,63.5,47.2,1,0
1863,Female,10,15,91.3,80.2,2,7400,4.6,Primary,0,0,0,0,0,0,5.5,Low,44.4,47.7,0,0
1864,Female,9,16,64.1,63.2,2,5500,8.4,Secondary,0,0,0,0,1,1,4.5,Low,15.9,26.7,0,1
1865,Female,7,12,59.1,42.6,1,3000,0.3,No Schooling,0,0,1,0,0,1,2.0,Low,30.7,0.0,0,0
1866,Female,8,15,78.2,59.9,0,24000,0.1,Graduate,0,0,0,0,1,0,4.2,Low,47.8,35.1,0,0
1867,Female,7,13,79.9,94.9,1,4600,0.7,Primary,0,0,0,0,1,1,6.1,High,54.1,66.3,0,0
1868,Male,9,16,78.5,58.4,0,3000,4.5,Graduate,1,0,0,0,0,1,5.1,High,41.1,24.1,0,0
1869,Female,6,12,87.7,44.8,4,10000,5.1,Primary,0,0,0,1,1,1,3.5,High,39.9,26.7,0,1
1870,Female,6,11,79.1,19.5,0,8100,4.5,Primary,0,0,0,0,1,1,1.1,Low,37.3,18.1,0,1
1871,Male,6,11,96.6,50.0,0,36000,2.3,No Schooling,0,0,1,1,0,1,4.7,Low,38.1,40.3,1,0
1872,Male,8,14,55.0,50.2,1,11400,2.4,Secondary,0,0,0,0,0,0,0.0,Low,36.5,40.3,0,0
1873,Female,9,16,80.5,73.9,0,24600,1.0,Higher Secondary,1,1,0,0,0,1,5.5,Low,62.7,40.3,2,0
1874,Female,6,10,89.5,25.2,0,13400,3.3,Graduate,0,0,0,0,1,0,1.9,Low,44.2,24.2,0,0
1875,Female,8,15,97.6,81.8,1,5300,2.7,No Schooling,0,0,0,0,1,1,2.5,Low,71.6,55.7,0,0
1876,Female,7,14,80.1,61.7,1,47200,0.3,Primary,0,0,0,0,0,1,2.4,High,30.8,29.4,0,0
1877,Male,9,16,77.9,35.2,0,25400,1.3,Primary,0,0,1,0,1,1,1.4,Medium,20.5,26.4,1,0
1878,Male,6,12,74.4,61.7,1,12100,0.2,Primary,1,0,0,1,0,1,4.5,Medium,39.6,29.1,1,0
1879,Female,6,13,95.1,84.5,0,17700,1.2,Higher Secondary,0,0,0,0,0,1,5.4,Low,43.8,33.3,1,0
1880,Female,8,13,82.7,55.5,3,10400,4.1,Primary,0,0,0,0,0,1,3.3,Low,35.1,19.3,0,1
1881,Male,8,14,70.9,68.4,5,9600,4.3,Primary,0,0,1,0,1,1,4.7,Medium,49.8,17.7,0,1
1882,Female,10,17,81.6,16.2,1,11500,0.8,No Schooling,1,0,0,0,0,1,3.2,Low,36.3,22.3,1,0
1883,Male,8,15,96.1,19.5,1,35600,4.3,No Schooling,0,0,0,0,0,1,3.4,High,48.6,16.9,0,0
1884,Female,10,16,88.6,52.9,1,19300,5.3,Secondary,0,0,1,1,0,0,3.9,Low,54.9,27.0,0,0
1885,Male,7,12,71.6,54.9,2,8100,0.9,Higher Secondary,0,0,0,0,0,1,4.8,Medium,54.1,36.0,0,0
1886,Male,7,14,83.1,32.0,0,9500,4.2,Primary,0,0,0,0,0,1,4.5,Low,33.6,24.8,2,1
1887,Male,10,16,70.3,61.6,0,3000,0.5,Higher Secondary,0,0,0,0,1,0,1.8,Medium,17.8,29.3,0,0
1888,Male,6,13,85.8,65.7,0,9000,1.2,No Schooling,0,1,0,0,1,1,4.1,Medium,54.4,35.7,0,0
1889,Female,9,15,95.0,100.0,0,12600,6.5,Higher Secondary,0,0,0,0,0,1,7.4,High,59.8,53.5,0,0
1890,Male,6,13,83.7,84.0,0,10900,3.8,Secondary,0,0,0,0,0,0,7.7,Low,58.2,37.3,0,0
1891,Male,8,13,80.2,68.1,2,9400,0.7,Primary,1,0,0,0,0,0,3.6,Low,56.1,20.3,0,0
1892,Female,6,12,94.8,50.4,0,5100,0.9,No Schooling,0,1,0,0,0,1,0.8,Low,51.6,37.0,0,1
1893,Female,8,15,86.4,23.6,0,15300,3.1,Primary,0,0,0,0,0,0,1.9,Medium,40.3,12.7,0,0
1894,Male,9,15,79.8,100.0,1,16600,2.3,Higher Secondary,0,0,0,0,1,0,4.9,Low,46.2,30.5,0,0
1895,Male,6,10,86.4,57.5,0,8600,0.9,Graduate,0,0,0,0,1,1,2.5,Medium,55.1,41.8,0,0
1896,Male,6,13,43.1,64.4,0,8600,12.1,No Schooling,0,0,0,0,0,1,3.6,Low,34.7,14.3,0,0
1897,Female,7,12,93.6,72.5,3,8000,1.0,No Schooling,0,0,0,1,0,1,2.8,Low,36.3,14.4,0,1
1898,Male,7,11,70.2,92.0,0,10100,15.0,Primary,0,1,0,0,1,1,4.5,Medium,40.6,67.1,0,0
1899,Male,7,12,93.7,62.7,0,11800,1.7,Graduate,0,0,0,0,1,1,4.9,Low,36.3,17.1,0,0
1900,Male,10,14,95.1,100.0,0,3000,1.4,No Schooling,0,0,1,0,1,1,3.3,Low,67.9,52.6,0,0
1901,Female,6,13,82.8,84.4,0,5800,6.4,Graduate,0,0,0,0,0,0,4.0,High,64.1,40.8,0,0
1902,Male,7,14,82.2,62.7,0,3300,2.1,Primary,0,0,1,0,1,1,5.3,Low,49.1,34.3,1,0
1903,Female,8,13,72.9,81.8,1,5500,2.3,Primary,0,0,0,0,0,1,4.5,Low,38.3,47.4,0,0
1904,Male,7,14,79.6,49.0,0,19100,0.7,Primary,0,0,0,0,0,1,4.3,Low,19.6,0.0,0,0
1905,Female,7,13,70.2,72.0,3,4000,1.9,Secondary,0,0,0,0,0,1,2.9,Medium,29.1,29.8,0,1
1906,Male,9,16,78.9,49.3,0,3000,3.7,No Schooling,1,1,0,0,0,1,3.1,Medium,39.7,31.2,0,0
1907,Male,8,12,83.2,57.6,0,3200,0.6,Higher Secondary,0,0,1,1,0,1,2.7,Medium,35.9,28.3,0,0
1908,Male,9,13,86.9,68.6,1,9800,1.3,Primary,0,0,1,0,0,1,4.8,Low,37.7,26.0,0,0
1909,Female,7,14,68.2,73.5,2,13400,0.7,No Schooling,0,0,0,1,1,0,4.0,Low,49.9,29.9,1,0
1910,Female,8,13,66.8,55.5,0,8200,0.8,Primary,1,0,0,0,0,1,2.4,Low,30.3,17.1,1,1
1911,Male,10,16,65.0,54.5,1,3000,4.7,No Schooling,0,0,0,0,0,0,3.5,Medium,35.5,25.5,0,0
1912,Male,10,17,89.7,93.7,1,4900,0.7,Secondary,0,0,1,0,0,0,6.2,High,47.5,40.8,1,0
1913,Female,10,15,92.4,82.9,2,25500,4.1,Graduate,0,0,1,0,0,1,6.6,High,38.5,37.3,0,0
1914,Female,7,11,80.2,53.3,0,8700,0.9,Primary,0,0,1,0,1,1,5.2,Low,36.6,12.4,1,0
1915,Male,10,17,89.7,43.8,5,3000,0.4,Graduate,0,0,1,1,0,1,5.5,Low,68.5,40.9,0,0
1916,Male,9,14,91.9,52.8,0,4500,3.3,Primary,0,0,0,0,1,0,0.8,Medium,47.9,37.9,0,0
1917,Female,9,13,82.0,67.8,2,3000,0.6,No Schooling,0,0,0,0,0,1,6.0,Low,38.3,24.7,1,0
1918,Female,9,14,88.0,61.1,0,5800,1.8,Higher Secondary,0,1,1,0,0,1,4.2,Low,41.6,24.9,0,0
1919,Female,10,16,95.4,97.8,1,8800,1.0,Secondary,0,0,1,0,1,1,6.3,High,50.1,36.4,0,0
1920,Female,8,15,90.0,81.0,0,7200,0.8,Primary,0,0,1,1,0,1,5.1,Low,34.4,36.7,1,1
1921,Male,9,13,70.3,54.0,0,6200,5.6,Secondary,0,0,0,0,0,1,3.4,High,46.6,44.4,0,1
1922,Male,9,15,67.3,57.8,0,34800,2.5,Secondary,0,0,1,0,0,1,6.0,High,32.4,36.9,1,0
1923,Male,9,13,93.2,60.4,1,9500,0.7,No Schooling,0,1,0,0,0,1,5.7,Low,39.1,24.9,0,0
1924,Male,9,14,93.4,42.7,0,6300,3.2,Secondary,0,0,0,0,1,1,6.1,Medium,19.2,10.7,0,0
1925,Male,6,11,52.7,84.6,3,13900,0.3,Secondary,0,0,0,0,0,0,6.3,Low,64.8,34.8,0,1
1926,Male,7,13,82.8,49.8,0,14000,3.8,Secondary,0,1,1,1,0,0,2.4,Medium,55.7,28.2,0,0
1927,Male,7,13,90.8,59.8,0,10800,1.3,Secondary,1,0,1,0,1,0,5.2,Low,52.7,32.2,1,0
1928,Female,9,13,74.5,52.3,0,50000,2.8,No Schooling,0,0,1,1,0,1,3.3,Low,35.6,23.0,0,0
1929,Male,9,13,95.0,78.8,4,4800,7.0,Primary,0,0,0,0,0,1,5.8,Low,35.9,33.2,1,0
1930,Male,10,16,86.2,57.3,1,19600,8.4,No Schooling,0,1,1,1,0,1,5.3,High,42.1,38.2,0,1
1931,Female,9,14,94.1,36.5,1,18300,2.1,Higher Secondary,0,1,1,0,1,1,2.9,Low,36.5,26.1,0,1
1932,Female,8,14,90.8,100.0,4,3000,2.0,No Schooling,0,0,1,1,0,1,4.4,Low,43.8,45.0,0,0
1933,Female,6,10,82.2,99.3,0,11900,0.6,Secondary,0,0,1,0,1,1,7.3,High,43.2,69.5,0,0
1934,Female,9,15,95.1,92.2,0,4100,0.7,Secondary,1,0,1,0,0,0,5.9,Low,50.7,34.6,0,0
1935,Female,10,17,47.8,57.6,0,8600,0.5,Primary,0,0,0,1,1,0,2.0,Medium,18.8,8.8,0,0
1936,Male,9,14,91.6,60.4,0,19300,1.5,Secondary,0,0,0,0,0,0,7.2,Medium,42.6,34.1,0,0
1937,Male,10,16,87.6,69.3,0,9000,6.1,Primary,1,0,0,0,0,0,5.2,Low,52.4,25.3,0,0
1938,Female,10,15,92.6,39.8,0,3000,6.3,Secondary,1,0,0,1,0,1,3.3,Low,46.5,23.7,0,0
1939,Male,7,12,86.1,75.9,2,14100,0.9,Higher Secondary,0,0,0,0,1,1,3.7,Low,39.3,35.6,0,0
1940,Male,9,13,87.3,56.1,0,3000,11.8,Primary,1,1,0,0,1,1,3.9,Low,66.0,18.5,2,0
1941,Male,8,13,69.3,36.3,2,5800,6.6,Higher Secondary,0,0,0,0,0,1,3.6,Medium,29.0,19.4,0,0
1942,Male,8,15,79.9,56.4,1,19200,3.8,Secondary,1,0,0,0,1,1,4.4,High,35.4,35.6,0,0
1943,Male,7,11,78.2,86.1,1,3600,0.2,Secondary,1,0,1,0,1,1,6.6,Medium,36.8,20.3,1,0
1944,Male,7,12,60.0,56.7,1,11500,0.1,Graduate,0,0,0,0,0,0,4.0,Low,35.2,42.0,0,1
1945,Female,6,13,94.6,41.4,1,4900,4.0,No Schooling,0,0,0,0,0,1,0.0,Medium,31.2,28.6,0,0
1946,Female,9,14,93.6,38.6,0,3000,0.3,Secondary,0,1,0,0,0,1,2.5,Low,34.8,6.9,0,0
1947,Male,6,13,83.5,66.6,1,4900,3.0,Graduate,0,1,1,0,1,1,3.8,Low,53.2,38.0,0,0
1948,Female,8,13,58.6,68.8,2,5100,4.0,No Schooling,0,0,0,0,0,1,2.5,Medium,35.2,32.0,0,0
1949,Male,8,14,76.6,58.6,1,3300,3.3,Primary,0,0,1,0,0,1,2.8,High,42.0,27.4,0,0
1950,Female,8,15,81.4,33.1,1,8200,7.0,No Schooling,0,0,1,0,0,1,1.2,Low,49.0,30.5,0,0
1951,Female,10,16,60.1,34.5,2,8500,2.0,Secondary,0,0,0,0,1,1,1.4,High,28.6,8.1,0,1
1952,Male,8,15,78.5,71.4,0,6000,2.3,No Schooling,0,0,1,0,0,1,4.8,Low,36.3,13.5,0,0
1953,Female,6,12,80.5,31.1,0,6100,0.1,Graduate,1,0,1,0,0,1,1.3,Low,37.0,33.2,1,0
1954,Female,10,14,96.9,41.8,1,13000,3.7,No Schooling,0,0,1,0,0,1,5.1,Medium,45.4,53.6,0,0
1955,Female,10,14,92.3,41.7,0,3100,1.2,Secondary,0,0,0,0,0,1,3.0,Low,26.7,45.2,0,0
1956,Female,9,15,52.8,84.6,1,19000,1.0,Graduate,0,1,1,0,0,1,4.0,Low,46.6,37.0,1,0
1957,Female,9,14,99.3,100.0,1,5200,2.0,Primary,1,0,0,0,1,0,8.0,Medium,55.4,24.2,1,0
1958,Male,6,11,88.3,84.1,0,6300,0.5,Secondary,0,0,0,0,1,1,4.7,Low,49.9,30.1,0,0
1959,Female,9,14,75.0,77.9,1,4200,0.6,Higher Secondary,0,0,1,0,0,1,5.8,Low,42.3,48.8,1,0
1960,Female,6,13,86.7,37.8,0,3500,0.1,No Schooling,0,0,0,0,0,0,2.8,Low,54.3,22.6,0,0
1961,Female,8,15,73.1,95.7,0,16600,1.6,Secondary,0,0,0,1,0,1,6.7,Medium,47.2,43.9,0,0
1962,Male,6,13,55.9,56.2,0,4500,6.2,Higher Secondary,0,0,1,0,1,1,3.1,Medium,44.2,23.9,1,0
1963,Female,9,13,64.0,32.7,0,11700,1.3,No Schooling,0,1,0,0,0,1,4.0,Low,20.4,38.5,0,0
1964,Male,7,13,67.3,100.0,2,10800,0.1,Secondary,0,0,1,0,1,1,5.7,High,40.3,39.6,0,0
1965,Female,7,13,87.5,74.8,1,6800,0.5,Higher Secondary,0,0,1,0,0,0,6.2,Medium,57.9,33.2,0,0
1966,Male,6,13,58.3,78.9,0,17800,1.7,Graduate,0,0,0,0,0,1,5.6,Low,22.3,30.1,0,0
1967,Female,9,14,87.5,71.3,4,8700,1.5,Secondary,1,0,0,0,0,1,3.9,Low,35.9,27.0,0,1
1968,Female,7,13,90.4,84.0,0,3000,0.1,Primary,0,0,0,0,0,1,2.5,Low,15.5,31.9,0,0
1969,Male,8,13,84.8,78.6,1,5200,0.1,Primary,0,0,0,0,1,1,2.6,Low,35.2,32.9,0,1
1970,Male,7,12,77.6,75.9,1,50000,2.8,Secondary,0,0,1,1,0,0,5.6,Medium,42.6,31.4,0,0
1971,Male,9,13,72.5,93.0,2,8400,2.0,Secondary,0,0,1,0,1,1,5.8,Low,36.1,16.1,1,0
1972,Female,7,13,88.3,12.2,1,7600,4.2,Secondary,0,0,0,0,0,0,5.8,Medium,43.1,49.1,0,0
1973,Female,10,14,90.6,66.1,1,16600,1.8,Higher Secondary,0,1,1,0,0,1,3.5,Medium,55.3,38.4,1,0
1974,Male,7,13,87.3,72.7,0,22500,1.1,Primary,0,0,1,1,0,1,6.6,High,45.4,30.9,0,0
1975,Male,6,13,90.4,56.8,0,4200,0.2,Secondary,0,0,0,0,1,1,3.6,Low,47.8,18.7,0,0
1976,Male,7,11,99.0,56.4,0,8200,0.9,No Schooling,1,1,0,0,0,1,5.0,Low,38.4,13.7,0,0
1977,Male,6,10,77.6,64.0,0,8100,6.9,No Schooling,0,0,0,0,1,1,2.7,Low,32.4,43.8,1,0
1978,Female,8,14,68.6,81.9,3,3000,3.3,No Schooling,0,0,0,0,0,1,7.8,Low,29.0,48.8,1,0
1979,Female,7,14,92.1,79.0,0,7000,2.4,Higher Secondary,0,1,0,1,0,1,4.6,High,42.2,41.3,1,0
1980,Male,10,14,78.6,66.1,3,9500,1.7,Graduate,1,0,0,0,0,1,5.6,Medium,32.9,34.8,0,0
1981,Female,8,13,69.0,46.4,0,7000,14.4,Graduate,0,1,0,0,0,0,4.9,High,23.9,33.4,1,0
1982,Male,7,11,80.9,49.3,2,33800,1.2,Higher Secondary,0,0,0,1,0,1,3.6,Low,41.8,21.2,1,0
1983,Female,8,15,85.0,47.1,0,14100,1.4,Higher Secondary,0,0,0,0,0,1,5.4,Medium,20.7,29.5,0,0
1984,Male,6,13,88.1,70.4,0,10300,1.4,Secondary,0,0,0,1,1,1,4.3,Low,58.1,46.8,1,0
1985,Female,6,10,58.6,55.3,1,8300,0.4,Primary,0,0,1,0,1,1,4.3,Medium,33.1,35.6,0,0
1986,Female,7,11,83.5,90.6,2,13900,2.1,Higher Secondary,0,0,1,1,0,1,6.8,Low,59.6,30.4,1,0
1987,Male,6,10,91.3,44.3,0,6900,3.3,No Schooling,0,0,0,0,1,1,1.7,Medium,28.6,21.8,0,0
1988,Female,6,13,72.7,60.0,2,3000,0.1,No Schooling,0,0,1,0,0,1,4.6,Low,52.5,43.6,1,1
1989,Female,10,17,82.4,45.8,5,3400,0.4,Primary,1,0,1,0,0,1,2.0,Low,40.0,13.6,1,1
1990,Male,9,14,87.3,54.5,0,9700,3.0,Secondary,0,0,1,1,0,1,3.3,Low,48.2,22.2,0,0
1991,Male,10,14,75.6,63.7,0,20100,5.9,Secondary,0,0,0,0,0,1,0.5,Medium,43.6,25.9,0,0
1992,Female,7,13,72.2,62.1,1,6000,0.8,Secondary,1,0,0,0,1,1,1.1,Low,50.7,43.6,0,0
1993,Male,10,17,76.2,83.8,0,15400,2.0,Secondary,1,1,1,0,0,1,5.9,Medium,58.5,55.0,0,0
1994,Male,7,14,75.1,100.0,0,11200,1.0,Primary,0,0,0,1,0,1,3.2,Low,51.9,39.5,0,0
1995,Male,6,11,69.6,80.0,1,18600,3.6,Primary,0,0,1,0,0,1,6.1,Medium,41.2,32.3,0,0
1996,Female,9,16,94.9,100.0,0,3700,0.1,Primary,1,1,1,0,0,1,7.5,Medium,49.1,37.9,0,0
1997,Male,6,13,90.9,100.0,0,3600,0.2,Secondary,0,0,0,0,1,1,3.9,High,49.2,38.3,0,0
1998,Male,7,14,86.7,52.0,3,28600,0.4,No Schooling,1,0,0,0,1,1,4.1,Low,46.1,50.2,0,0
1999,Female,9,14,83.9,100.0,0,3000,1.0,Graduate,1,0,1,0,1,1,6.4,Low,50.3,43.1,0,0
2000,Female,8,13,66.7,100.0,0,10600,1.1,Primary,0,0,1,0,0,1,7.3,Low,46.1,43.6,0,0
2001,Female,8,13,73.8,50.0,1,25000,2.6,Secondary,0,0,1,0,0,1,5.9,Medium,28.8,11.9,0,0
2002,Male,7,12,52.8,39.1,1,10900,3.7,Secondary,0,0,0,0,0,1,4.7,Medium,30.5,20.7,0,0
2003,Female,6,13,71.8,79.1,1,22300,0.7,Primary,0,0,1,0,0,1,5.9,Low,31.9,22.5,1,0
2004,Female,10,16,70.1,68.2,2,21000,3.7,Secondary,1,0,1,0,0,1,4.7,Low,30.9,18.9,1,0
2005,Male,6,13,89.1,35.2,0,14600,2.6,Graduate,0,0,0,0,0,1,3.2,Medium,29.6,46.8,1,0
2006,Female,7,14,76.9,46.4,0,10500,0.5,Primary,0,0,1,0,0,1,3.4,High,23.4,38.3,0,0
2007,Male,7,12,88.0,59.4,0,3600,5.1,Graduate,0,1,0,0,0,1,5.5,High,55.0,27.6,0,0
2008,Male,10,17,71.1,53.5,0,3000,1.0,Primary,0,0,0,1,0,1,1.8,Low,4.6,16.8,0,0
2009,Male,9,15,82.8,73.6,0,6900,2.1,No Schooling,0,0,1,0,0,0,8.0,High,45.5,38.9,0,0
2010,Female,8,14,73.0,100.0,0,3000,0.4,No Schooling,0,0,0,0,0,1,4.6,Medium,60.0,35.7,0,0
2011,Male,10,15,79.5,42.4,0,12400,2.2,Secondary,0,0,0,0,1,1,3.6,Low,33.4,46.5,1,0
2012,Male,6,10,84.6,100.0,2,44900,5.3,Primary,0,1,1,1,0,0,6.5,Low,40.8,46.4,2,0
2013,Male,10,14,96.8,100.0,0,8400,1.5,Secondary,0,0,1,0,0,0,8.0,Low,62.0,42.2,0,0
2014,Male,6,11,91.0,20.9,0,10500,1.0,Higher Secondary,0,0,1,0,0,1,0.4,Medium,30.6,4.3,2,0
2015,Male,7,14,93.5,38.3,0,3500,1.3,No Schooling,0,0,1,0,0,1,2.9,Low,65.2,24.8,0,0
2016,Female,6,13,82.2,70.7,0,7400,0.5,Graduate,0,0,0,0,0,1,6.0,Low,28.2,41.2,1,0
2017,Male,10,14,89.0,56.8,0,8500,1.7,Primary,0,0,0,0,0,1,5.0,Low,21.7,11.9,1,0
2018,Male,10,16,71.1,56.4,2,6800,0.4,Higher Secondary,0,0,0,0,0,0,3.8,High,39.3,36.1,1,0
2019,Female,8,15,90.6,85.2,0,10800,1.7,Primary,0,0,1,0,0,1,5.3,Low,40.4,41.7,1,0
2020,Male,6,13,82.7,56.5,0,5100,0.1,Primary,0,0,0,1,1,1,1.5,Medium,40.2,41.2,1,0
2021,Female,7,13,87.7,72.1,0,8800,3.2,Primary,1,1,0,1,0,1,6.2,High,62.2,51.2,1,1
2022,Male,8,14,80.5,67.2,1,11400,0.1,No Schooling,0,0,1,0,0,1,4.9,Medium,45.6,22.3,0,0
2023,Male,7,12,83.3,74.2,0,21700,1.3,Higher Secondary,0,1,0,0,0,0,3.2,Low,52.3,35.2,1,0
2024,Male,6,13,74.7,99.9,0,8600,3.5,Primary,0,0,0,0,0,1,3.9,Low,34.5,47.7,0,0
2025,Male,9,13,75.5,6.8,0,5300,3.2,Primary,0,0,1,0,0,1,1.9,Low,38.8,24.0,1,0
2026,Male,8,15,71.5,72.6,0,7300,4.5,No Schooling,0,1,0,1,1,0,5.7,High,45.7,29.1,0,0
2027,Female,10,17,82.7,80.6,0,11200,0.9,No Schooling,0,1,0,0,0,1,3.6,High,39.9,34.9,0,0
2028,Male,8,13,80.7,55.3,0,4200,1.1,Primary,0,0,0,0,0,1,2.7,High,58.8,25.2,0,0
2029,Female,7,13,91.8,78.4,0,4800,0.7,Secondary,0,0,0,0,1,1,3.8,Low,39.9,54.7,0,0
2030,Female,8,15,58.5,75.1,0,8800,2.9,Secondary,0,0,0,0,0,0,3.9,Low,36.4,20.6,0,0
2031,Male,6,11,94.3,56.3,0,3000,0.1,No Schooling,0,0,0,0,1,1,4.9,Low,45.6,35.2,0,0
2032,Male,8,13,52.4,96.8,0,7300,4.8,Higher Secondary,0,0,1,0,1,1,7.0,Medium,46.7,20.3,1,0
2033,Male,9,13,58.2,41.1,0,5900,5.6,Primary,1,0,0,0,1,1,2.5,High,8.2,15.7,1,0
2034,Male,6,11,54.0,55.7,0,12200,1.9,Secondary,1,0,1,1,0,1,3.7,Low,41.0,30.9,0,1
2035,Male,7,12,86.5,73.6,0,4300,0.9,No Schooling,1,0,0,0,0,1,3.2,Low,41.1,36.1,0,0
2036,Female,10,17,45.6,61.6,2,5900,5.4,Secondary,0,1,1,0,1,1,4.6,Low,45.8,36.9,0,0
2037,Female,8,15,73.0,81.6,0,7800,4.6,Higher Secondary,0,0,1,0,0,0,5.2,Medium,48.8,56.2,0,0
2038,Male,8,13,85.7,64.6,1,4900,5.5,Secondary,0,0,1,0,0,0,3.1,Medium,39.8,12.7,1,1
2039,Female,9,13,90.8,91.8,0,4000,3.3,Primary,0,0,0,1,1,1,7.8,Medium,57.7,31.2,0,0
2040,Female,8,13,64.3,100.0,4,5000,1.0,Secondary,0,0,0,0,0,1,7.6,High,51.3,45.1,0,0
2041,Male,6,11,96.6,68.7,1,3000,0.4,Primary,0,1,0,0,0,0,3.5,Low,32.5,30.9,1,0
2042,Female,9,15,73.6,38.6,2,4000,10.1,No Schooling,1,0,1,1,0,1,3.7,Low,47.5,29.1,0,0
2043,Female,10,14,58.3,69.0,0,12200,2.6,Secondary,0,0,0,0,1,1,7.1,Low,41.2,39.2,1,0
2044,Female,6,13,84.5,97.4,1,3000,3.8,Secondary,0,0,0,0,1,1,7.3,Low,49.7,50.1,0,0
2045,Female,6,12,88.9,33.5,0,3700,4.5,No Schooling,0,0,0,0,1,0,3.0,Low,37.9,6.8,0,0
2046,Male,9,13,75.2,70.4,0,6500,3.2,Primary,1,0,1,0,0,1,5.1,Low,34.9,32.1,0,0
2047,Male,8,13,68.0,82.2,5,13000,2.7,No Schooling,0,0,1,0,1,1,5.6,Low,52.5,44.7,0,0
2048,Female,7,13,80.9,63.1,0,3300,3.4,Secondary,0,0,1,0,0,0,5.3,Low,32.7,33.8,0,0
2049,Male,8,14,93.9,100.0,1,5000,0.7,Secondary,0,0,1,0,0,1,6.9,Medium,54.2,59.3,0,0
2050,Male,9,15,80.7,32.2,0,20600,2.1,Higher Secondary,0,0,1,0,0,1,0.4,Low,14.6,18.6,0,0
2051,Female,8,12,83.2,13.3,0,8900,2.1,Secondary,1,1,1,0,0,1,4.1,Medium,46.5,46.6,0,0
2052,Male,6,11,89.7,100.0,0,12700,2.8,Secondary,0,0,0,0,0,1,4.9,High,69.3,40.8,0,0
2053,Male,6,12,85.4,43.2,2,3800,2.6,Secondary,0,0,0,0,0,0,1.5,Low,28.9,33.3,0,0
2054,Female,8,14,78.9,76.4,1,5100,2.0,Primary,0,0,0,0,0,1,5.6,Medium,49.2,39.1,1,0
2055,Male,10,15,84.4,50.3,4,16200,2.0,Higher Secondary,0,0,1,0,0,1,2.3,High,38.1,21.2,0,0
2056,Male,8,14,77.5,75.6,1,10200,5.6,Primary,0,0,0,0,0,1,4.8,Low,43.9,17.3,0,0
2057,Female,7,11,89.9,82.7,0,12000,5.0,Secondary,0,1,0,0,0,1,4.4,Low,57.2,65.5,0,0
2058,Male,10,17,84.3,59.9,0,13000,1.0,Higher Secondary,0,0,0,0,0,1,6.0,Low,11.2,37.4,0,0
2059,Male,7,13,69.8,27.6,0,14500,3.8,Higher Secondary,0,0,0,1,1,0,0.8,Low,20.2,20.8,0,0
2060,Male,8,14,80.6,64.2,3,6100,7.4,Primary,0,0,1,1,1,1,4.8,High,34.0,42.3,2,1
2061,Female,6,12,93.0,86.0,0,3700,4.0,Higher Secondary,0,0,0,0,1,1,4.9,Low,66.2,56.0,2,0
2062,Male,9,16,71.3,52.8,0,4900,3.4,Secondary,0,0,0,0,0,1,2.6,Low,31.0,18.8,1,0
2063,Male,9,16,94.4,54.9,3,6000,0.2,Primary,1,0,0,0,0,1,6.8,Low,27.1,38.3,0,0
2064,Male,9,16,80.7,52.1,0,3000,8.9,Graduate,1,0,0,0,0,1,2.6,Medium,27.8,21.5,1,0
2065,Male,7,12,85.6,79.5,1,11200,0.6,Secondary,0,0,1,0,0,1,2.6,Low,57.7,69.5,0,0
2066,Female,8,12,85.3,65.2,1,14800,0.5,Primary,0,0,1,0,0,1,4.6,Low,31.5,32.5,1,0
2067,Male,6,10,91.4,93.2,0,8600,1.4,Primary,0,0,1,0,0,1,4.5,Medium,58.6,39.2,0,0
2068,Female,10,17,85.4,65.6,0,5000,3.2,Graduate,0,0,0,0,0,1,5.2,Medium,29.2,31.7,0,0
2069,Male,6,13,88.9,96.8,2,8600,3.7,Primary,1,0,0,1,0,1,5.3,Low,41.5,45.6,1,0
2070,Male,9,15,77.4,46.8,0,3000,2.4,Secondary,1,0,1,0,0,1,3.6,Medium,47.4,38.8,2,0
2071,Female,9,15,81.0,83.3,2,3000,1.3,Primary,0,0,0,1,0,1,3.5,Low,37.8,47.6,0,0
2072,Male,6,10,73.9,68.7,1,26200,7.4,Secondary,0,0,0,0,0,1,3.4,Low,46.5,45.2,0,0
2073,Male,7,13,86.5,100.0,0,3000,1.3,Secondary,0,0,1,0,1,0,5.9,Low,42.1,29.9,0,0
2074,Female,6,12,91.4,61.7,1,14200,2.4,Primary,0,0,1,0,0,0,4.0,Low,27.3,30.6,0,0
2075,Male,8,12,73.0,41.7,1,21000,0.5,Higher Secondary,1,0,0,0,0,1,2.8,Low,13.8,39.8,0,0
2076,Female,10,17,58.8,42.8,0,7800,4.0,No Schooling,0,0,1,0,1,1,0.3,Low,41.5,32.4,0,0
2077,Female,7,12,82.7,72.8,2,7500,1.2,Higher Secondary,0,0,0,0,0,1,4.8,High,65.1,31.6,0,0
2078,Male,10,14,92.2,85.9,4,8900,0.1,No Schooling,1,0,1,0,1,1,5.3,Medium,47.8,52.6,1,1
2079,Male,6,12,96.5,59.9,1,3000,0.1,No Schooling,0,0,1,1,1,0,4.0,Medium,57.1,47.5,0,0
2080,Male,7,12,74.7,58.4,0,5100,4.0,Secondary,0,0,0,0,0,1,4.9,Low,46.5,32.3,1,0
2081,Male,10,16,90.3,61.1,0,21400,0.2,Secondary,1,0,0,0,1,1,4.5,Low,20.0,32.1,1,0
2082,Male,10,16,79.6,75.3,3,8600,9.0,Primary,0,1,0,0,0,1,4.5,Low,55.0,56.8,0,1
2083,Female,7,13,83.3,79.2,0,7100,9.3,Graduate,0,0,0,0,0,1,6.8,Low,39.6,24.0,0,0
2084,Male,9,14,64.7,72.5,0,8300,1.5,Primary,0,0,0,0,1,1,3.9,Low,54.4,45.3,0,0
2085,Female,10,17,73.2,74.1,0,4800,3.0,Secondary,1,0,0,0,0,1,3.3,Low,39.2,22.2,0,0
2086,Male,9,16,71.5,100.0,2,3300,6.2,Secondary,0,0,1,0,0,1,6.0,Medium,23.5,41.3,0,0
2087,Male,8,13,72.0,30.3,0,15200,0.3,Primary,0,1,0,1,0,1,3.7,Low,32.9,20.7,0,1
2088,Male,6,10,57.0,29.2,0,4100,1.0,Secondary,0,0,0,0,0,1,4.3,Low,47.3,26.6,0,0
2089,Female,6,11,87.1,68.9,0,37600,2.1,Graduate,0,0,1,0,0,1,3.6,Medium,54.7,30.7,0,0
2090,Male,8,15,88.1,81.6,4,6400,0.8,No Schooling,1,0,0,0,1,0,5.1,Low,35.6,31.0,0,1
2091,Male,8,13,92.8,57.3,1,10200,0.5,No Schooling,0,0,0,0,0,1,4.7,Medium,51.8,30.7,0,0
2092,Female,7,14,89.3,80.4,4,25500,3.0,Primary,0,0,1,0,0,0,5.4,High,60.4,53.3,0,1
2093,Female,7,13,69.6,43.3,0,11000,1.2,Secondary,0,0,1,0,0,1,2.4,Medium,7.3,24.2,0,0
2094,Male,7,12,82.8,67.1,2,3000,4.1,Primary,0,0,0,0,1,0,4.0,Medium,43.9,31.6,0,0
2095,Female,8,12,72.1,69.3,0,5200,5.6,Secondary,0,0,0,1,0,0,3.2,Medium,18.8,19.6,0,0
2096,Male,7,13,93.8,83.8,0,3000,1.6,Graduate,0,0,0,0,0,1,3.9,Low,60.0,57.1,0,0
2097,Male,7,13,94.4,68.8,4,6800,0.2,Secondary,0,0,1,0,1,1,4.1,Low,32.7,39.3,0,0
2098,Male,6,10,65.0,79.5,0,3800,2.0,Secondary,0,0,0,0,1,1,5.7,High,33.3,59.9,0,0
2099,Male,10,17,65.3,81.1,0,6700,0.2,No Schooling,0,0,0,0,0,1,5.6,Low,32.6,40.8,0,0
2100,Male,8,12,78.0,90.2,1,20700,1.3,Primary,0,0,1,0,0,1,4.3,Low,67.2,47.9,0,0
2101,Female,6,11,94.3,100.0,2,25900,3.4,Higher Secondary,1,0,0,0,1,1,4.6,Low,48.9,50.5,0,0
2102,Male,7,13,86.8,95.1,0,3000,1.2,Secondary,0,0,0,0,0,1,4.7,Low,34.1,26.0,1,0
2103,Female,7,13,91.8,76.3,2,3000,5.0,No Schooling,0,1,1,1,0,1,1.6,Low,42.6,19.3,0,1
2104,Female,8,12,78.7,63.1,1,8300,2.7,Secondary,0,0,0,0,1,0,5.5,Low,44.8,43.5,0,0
2105,Female,8,13,72.7,40.1,2,6800,0.3,Primary,1,0,1,0,1,1,2.0,Medium,31.4,32.3,0,0
2106,Female,9,16,88.0,89.6,3,3000,0.3,Higher Secondary,0,0,0,0,1,1,7.6,Medium,39.4,60.7,0,0
2107,Female,9,14,77.4,23.9,1,6600,2.0,Primary,0,0,0,0,0,1,3.1,High,27.7,31.2,0,0
2108,Female,6,12,59.1,83.0,1,7600,1.3,Primary,0,0,0,0,0,0,6.9,Low,39.1,51.6,1,1
2109,Male,7,12,87.6,44.2,0,6100,2.1,Secondary,1,1,0,0,0,1,5.5,Low,47.4,34.9,1,0
2110,Male,6,10,64.2,29.8,2,48025,5.9,Secondary,0,0,0,0,0,1,0.6,Low,40.8,28.5,1,0
2111,Male,8,14,85.6,77.2,4,16400,1.5,Graduate,0,0,1,0,0,1,1.8,Medium,32.7,38.0,0,0
2112,Female,7,12,57.2,66.0,0,7000,1.7,Primary,0,0,0,0,1,1,4.7,Low,45.9,18.4,0,0
2113,Male,9,14,87.2,62.1,0,18700,1.6,Higher Secondary,0,0,0,1,0,1,3.6,Medium,49.2,28.2,1,0
2114,Female,6,13,94.1,40.3,1,14500,6.6,Higher Secondary,0,0,0,0,1,1,2.6,Low,34.4,10.9,1,0
2115,Male,9,16,76.6,43.0,0,8300,0.8,Higher Secondary,0,0,0,0,0,1,3.3,Low,41.2,40.4,0,0
2116,Female,7,12,73.2,20.5,0,3000,6.1,No Schooling,1,0,0,0,0,1,0.4,Medium,33.1,32.5,1,0
2117,Male,7,13,82.1,100.0,3,3000,2.8,Primary,0,0,0,0,0,1,4.4,Medium,38.1,25.9,0,0
2118,Male,9,15,75.8,55.2,0,5700,10.8,Secondary,0,0,1,0,0,1,2.3,Low,34.5,40.7,1,0
2119,Male,6,10,84.9,31.7,1,10800,1.4,Primary,0,0,1,0,0,1,3.0,Low,25.7,13.4,0,0
2120,Male,7,11,96.4,100.0,0,3000,7.2,Secondary,0,1,1,0,1,1,6.8,Low,24.7,40.8,0,0
2121,Male,7,13,79.6,47.5,0,16600,2.6,Graduate,0,0,1,0,1,0,1.8,Low,37.0,46.9,0,0
2122,Male,9,16,57.6,48.5,0,21400,1.0,Secondary,0,0,1,0,0,1,3.5,Low,26.8,12.6,1,0
2123,Male,6,13,82.5,86.2,2,10700,5.4,Higher Secondary,0,0,1,1,0,1,5.3,Medium,58.6,53.9,0,0
2124,Male,10,15,64.8,73.2,0,11000,4.7,Secondary,0,0,1,1,1,0,4.0,High,53.4,24.6,0,0
2125,Male,10,16,69.8,47.3,0,12900,2.0,No Schooling,0,1,1,1,1,1,3.8,Low,30.5,42.8,2,0
2126,Male,9,14,74.0,42.6,1,10200,2.4,Secondary,0,0,0,0,1,1,2.1,Low,18.0,46.7,0,0
2127,Male,7,14,94.7,91.8,5,8100,0.7,Secondary,0,0,0,0,0,1,7.1,Medium,42.2,27.2,0,0
2128,Male,9,15,82.6,86.6,1,7000,6.6,Secondary,1,0,0,0,0,0,5.1,High,66.6,46.0,0,0
2129,Male,6,13,84.3,84.2,0,14800,0.4,Secondary,1,0,0,0,0,0,7.8,Low,36.3,43.8,0,0
2130,Male,10,15,89.3,98.8,0,14400,0.7,Secondary,0,0,1,0,0,0,5.8,Medium,38.5,51.9,0,0
2131,Male,8,15,74.9,44.9,1,3000,1.6,Higher Secondary,0,1,1,0,0,0,2.8,Medium,32.5,31.7,0,0
2132,Female,6,12,76.8,67.8,0,7500,2.3,Graduate,0,0,1,0,0,1,4.2,Low,61.4,26.2,0,0
2133,Female,7,14,62.9,76.7,0,10900,5.4,Secondary,0,0,1,1,0,0,4.1,Low,51.0,32.2,0,0
2134,Female,9,13,83.7,58.4,1,3000,1.1,Primary,0,0,0,0,0,1,2.4,Low,42.2,27.2,0,0
2135,Male,10,17,87.7,88.9,3,12100,0.6,Secondary,1,0,0,0,1,0,2.4,Medium,39.6,59.3,1,0
2136,Female,8,12,62.2,92.5,2,6800,0.4,Secondary,0,0,0,1,0,0,3.7,Low,44.9,39.7,1,0
2137,Male,8,15,86.3,59.0,0,30700,1.2,Primary,0,0,0,0,0,1,5.0,Low,41.6,50.0,1,0
2138,Female,9,13,74.5,66.9,3,13000,1.1,Secondary,0,0,0,1,0,1,6.7,High,44.9,33.6,0,0
2139,Female,10,17,63.9,38.8,0,8400,2.0,Higher Secondary,0,1,0,0,0,1,4.1,Low,33.0,11.6,2,0
2140,Female,9,15,80.1,49.7,0,10700,1.2,No Schooling,0,0,1,1,0,0,3.4,Low,83.6,53.1,1,0
2141,Female,7,12,81.4,93.5,0,8500,0.1,No Schooling,0,0,0,0,1,1,4.1,Medium,36.4,44.6,0,0
2142,Male,9,16,80.5,56.3,1,3000,1.1,Secondary,0,0,0,0,0,1,3.3,Medium,38.0,24.5,1,0
2143,Female,10,15,95.2,100.0,0,7500,3.8,Graduate,0,0,0,0,0,1,8.0,Low,70.0,52.1,0,0
2144,Female,6,10,97.5,4.0,1,3000,3.7,Secondary,0,0,0,1,1,0,2.2,Medium,34.2,2.7,1,0
2145,Male,7,11,62.1,35.1,0,6300,0.5,Primary,0,0,0,0,0,1,1.8,Low,26.0,18.1,1,0
2146,Female,6,13,68.3,78.6,3,8700,1.1,Secondary,0,0,0,0,1,0,7.4,Low,27.4,25.8,0,0
2147,Male,7,12,91.9,87.3,1,3300,2.2,Higher Secondary,0,1,0,0,0,1,3.1,Medium,52.7,19.8,0,0
2148,Female,9,16,96.2,78.1,3,7400,0.3,No Schooling,0,0,1,1,1,0,5.0,Medium,69.1,54.4,1,0
2149,Female,6,10,56.7,50.1,1,22100,6.7,Primary,0,1,1,0,0,1,5.9,Medium,36.6,33.5,0,0
2150,Male,8,12,89.9,56.5,2,5300,4.4,Secondary,0,0,1,0,0,0,2.2,Low,47.0,49.9,0,0
2151,Female,6,13,75.7,71.4,4,4000,4.0,Secondary,0,0,0,0,1,1,4.0,Low,46.8,36.4,0,0
2152,Male,10,14,63.9,48.0,0,16900,2.6,Higher Secondary,0,0,1,0,0,0,3.2,Medium,28.0,26.3,1,0
2153,Female,10,16,95.6,100.0,0,9100,2.0,Primary,0,0,0,1,0,1,6.6,Low,45.4,27.8,0,0
2154,Female,8,13,87.4,43.9,0,7700,2.2,Graduate,0,0,0,0,0,1,3.5,Low,67.7,24.6,0,0
2155,Female,9,15,89.7,60.2,0,11400,0.5,Secondary,1,0,1,1,0,1,4.3,Low,45.3,51.7,2,0
2156,Female,6,10,87.8,61.5,0,8800,0.1,Primary,0,0,1,0,0,0,3.7,Low,23.7,35.5,1,0
2157,Male,10,15,93.3,16.5,3,4600,2.9,Secondary,0,0,0,0,0,1,3.1,High,43.9,35.9,0,1
2158,Male,9,16,69.3,38.1,0,3500,1.6,Secondary,0,0,0,0,0,1,5.6,Low,33.7,17.6,0,0
2159,Male,6,12,82.8,48.8,1,27600,0.4,Primary,0,0,1,0,0,1,4.6,Low,41.7,51.6,0,0
2160,Male,10,16,68.5,46.9,0,10900,2.4,Secondary,1,0,0,0,0,1,1.5,Low,51.2,14.6,0,0
2161,Male,6,13,71.3,54.8,2,23500,0.3,Secondary,0,0,0,0,1,1,4.2,Medium,14.9,32.2,0,0
2162,Male,8,13,78.6,85.2,0,6600,0.1,Graduate,0,0,0,0,1,1,7.8,Low,39.2,41.3,0,0
2163,Male,6,13,70.9,32.1,0,18700,7.6,Secondary,1,0,0,0,0,0,1.4,Low,18.0,3.2,0,0
2164,Male,9,15,71.8,39.5,2,4500,1.8,Primary,0,0,0,1,0,1,2.9,Low,18.0,21.6,0,0
2165,Female,6,11,50.7,69.4,0,3000,0.6,Graduate,0,0,1,0,0,1,0.6,Medium,37.2,32.5,0,0
2166,Male,6,11,57.5,6.4,2,10900,4.7,Higher Secondary,0,0,1,1,0,1,1.3,Medium,18.5,6.9,1,0
2167,Female,8,13,64.8,62.0,1,15200,3.0,Primary,1,0,1,1,0,1,4.2,Low,12.3,19.4,0,0
2168,Male,10,17,54.0,19.9,0,16400,9.3,No Schooling,0,0,0,1,0,1,1.2,Medium,38.1,12.5,1,0
2169,Male,7,12,63.1,51.2,0,10600,0.1,Higher Secondary,0,0,0,1,0,1,2.8,Medium,23.9,32.6,0,1
2170,Male,8,14,84.4,61.9,1,4900,0.8,No Schooling,0,0,0,0,1,1,3.8,Low,38.1,51.9,0,1
2171,Male,8,12,91.9,85.1,3,10300,1.2,Primary,0,0,1,0,0,1,6.1,Low,43.9,38.2,0,0
2172,Male,10,15,90.8,57.4,0,10200,2.1,Graduate,1,0,1,0,0,0,2.2,High,50.3,23.9,0,0
2173,Male,7,14,80.1,69.0,0,7500,5.0,No Schooling,0,0,1,1,0,1,4.6,Low,47.9,33.9,1,0
2174,Male,8,14,68.2,20.8,0,5700,0.1,Secondary,0,1,1,1,1,1,3.8,High,39.4,25.8,0,0
2175,Male,10,17,87.3,86.3,5,3600,0.3,Primary,0,0,1,0,1,1,4.0,Medium,41.7,47.7,0,1
2176,Female,7,12,78.9,79.1,1,9100,0.5,Secondary,0,0,0,0,1,1,5.7,Medium,48.4,33.2,0,0
2177,Male,8,15,92.9,41.8,0,9300,0.1,Primary,0,1,0,0,0,1,2.9,Low,37.5,25.0,0,0
2178,Female,10,17,70.7,97.4,0,3000,0.5,Higher Secondary,0,0,0,0,1,1,6.7,High,42.5,35.4,0,0
2179,Male,7,14,78.2,67.3,0,30700,6.7,Higher Secondary,0,0,0,0,0,1,2.5,Medium,30.7,31.3,0,0
2180,Female,7,12,84.4,42.2,1,3000,1.0,No Schooling,0,0,0,0,1,1,2.5,Medium,49.8,38.4,2,1
2181,Female,7,13,84.0,100.0,0,4900,0.6,Graduate,0,0,0,0,0,1,6.4,Low,26.6,47.4,1,0
2182,Female,9,16,91.5,97.8,0,9400,0.3,Secondary,0,0,1,0,0,1,3.3,Low,58.0,55.7,0,0
2183,Female,10,17,81.8,64.6,0,10300,0.7,Primary,0,0,1,0,0,1,3.9,Medium,64.3,39.3,1,0
2184,Male,9,16,82.5,73.6,1,4400,5.3,No Schooling,0,0,0,0,1,1,7.5,Low,36.6,21.5,0,0
2185,Female,8,12,66.1,66.2,0,4100,0.7,Secondary,1,0,0,0,0,1,1.4,Medium,59.2,10.3,0,0
2186,Male,7,13,90.3,86.1,4,7300,5.8,Primary,0,0,0,1,0,1,3.5,High,48.3,37.6,0,1
2187,Female,6,13,73.7,84.0,4,7700,2.1,Higher Secondary,0,0,1,0,0,1,5.0,Low,28.5,22.4,0,1
2188,Female,6,12,95.3,87.3,0,21300,1.6,Secondary,0,0,0,0,0,1,4.5,Low,41.4,52.4,0,0
2189,Male,6,10,84.4,24.6,0,3700,4.2,Primary,0,0,0,1,1,1,6.3,Medium,24.5,30.2,0,1
2190,Female,6,12,71.4,49.4,0,8200,1.3,Higher Secondary,0,0,0,0,0,1,5.2,Medium,31.0,9.9,0,0
2191,Male,9,13,58.3,79.7,1,7000,1.6,No Schooling,0,0,0,0,0,1,2.9,Medium,32.1,36.9,0,0
2192,Female,6,10,84.5,57.1,1,10200,3.1,Primary,1,1,1,0,0,1,1.5,Low,33.9,44.0,0,1
2193,Female,6,10,84.5,82.0,1,6500,0.1,Primary,1,0,1,0,0,1,4.8,High,48.9,24.2,0,0
2194,Male,7,14,88.3,42.4,1,16400,3.5,Primary,0,0,0,0,0,1,3.2,Low,51.7,37.8,1,0
2195,Female,7,12,78.7,64.6,0,12600,1.0,Primary,0,0,0,0,0,1,6.3,Medium,38.5,37.9,0,0
2196,Female,6,11,97.4,69.7,0,19600,0.1,Primary,0,1,1,1,1,1,2.5,Medium,63.7,30.3,0,0
2197,Male,6,11,91.2,76.2,3,8600,2.2,Primary,1,1,1,1,1,1,5.9,Medium,40.9,44.2,0,1
2198,Male,7,14,95.8,71.4,0,7800,3.3,Secondary,1,0,0,0,0,1,5.1,High,48.3,26.5,0,0
2199,Male,8,15,74.1,31.9,0,5900,0.8,Secondary,0,0,1,0,0,1,3.3,Low,37.8,18.1,0,0
2200,Female,9,15,86.6,97.4,0,3000,4.5,No Schooling,0,0,0,1,0,1,3.8,Medium,38.6,34.7,1,0
2201,Male,10,17,80.1,33.3,1,10200,2.3,Higher Secondary,1,0,1,0,0,1,2.9,Medium,28.1,19.6,0,0
2202,Female,9,13,69.0,99.5,5,10700,1.3,Higher Secondary,0,0,0,0,0,1,4.4,High,40.9,30.7,0,0
2203,Female,8,15,67.2,3.7,0,11600,1.3,No Schooling,0,0,0,0,1,1,5.5,Medium,16.1,31.0,1,1
2204,Male,10,15,69.1,48.6,0,5900,1.1,Graduate,0,0,0,0,0,1,3.3,High,29.8,0.0,2,0
2205,Male,8,13,87.6,30.9,2,3500,2.6,Secondary,1,0,1,0,0,1,3.0,Low,11.6,28.6,0,1
2206,Female,9,13,68.1,96.5,1,4400,10.4,Primary,0,0,0,0,0,0,5.0,Medium,49.8,42.7,0,1
2207,Female,7,14,73.0,38.4,0,9200,0.4,Higher Secondary,0,1,1,0,0,0,2.4,Low,30.9,29.1,2,1
2208,Male,7,11,89.0,48.7,1,17000,1.9,Primary,0,0,1,1,0,1,3.2,Low,39.5,28.5,0,0
2209,Male,7,14,95.1,71.2,0,3000,1.1,No Schooling,0,0,1,0,0,1,5.1,Low,18.7,39.6,0,0
2210,Male,6,12,57.9,88.9,1,24300,2.7,No Schooling,1,1,1,1,0,1,6.7,Low,54.2,48.7,0,0
2211,Female,9,16,90.5,99.9,0,3000,3.6,Secondary,0,1,0,0,1,1,7.8,Low,59.8,43.9,0,0
2212,Male,6,10,84.0,67.9,1,28400,0.8,Higher Secondary,0,0,0,0,0,1,4.3,Low,40.2,53.2,1,0
2213,Female,9,15,77.4,55.4,0,3800,0.2,No Schooling,0,1,0,0,1,1,3.1,Medium,64.6,21.2,0,0
2214,Male,10,17,75.9,73.0,0,21800,1.3,Primary,1,0,1,0,0,1,4.8,High,53.1,49.3,0,0
2215,Female,8,13,72.4,48.2,0,5700,5.4,Secondary,0,0,0,1,0,1,4.3,Medium,30.7,13.6,0,0
2216,Male,6,11,96.9,68.0,5,21100,5.9,Primary,0,1,0,0,1,1,3.5,Low,21.3,4.0,0,1
2217,Male,7,11,71.6,65.3,0,3000,2.6,Primary,0,0,0,1,0,1,2.0,Low,35.9,30.2,0,0
2218,Female,7,12,69.4,66.4,0,11800,5.8,No Schooling,0,0,0,0,0,1,3.4,Medium,26.4,41.9,0,0
2219,Female,10,16,61.9,62.4,0,16100,8.5,Primary,0,0,0,0,0,1,6.2,Medium,42.6,23.7,0,0
2220,Male,9,14,95.0,100.0,0,9800,0.3,No Schooling,1,0,1,1,1,1,5.9,Low,39.7,43.5,0,0
2221,Male,9,15,87.8,58.5,1,11900,2.3,Graduate,0,1,1,0,1,0,3.8,Low,47.8,44.9,0,0
2222,Male,8,12,84.9,54.6,0,16400,1.9,Secondary,0,0,1,1,0,1,2.7,Low,45.9,28.2,0,0
2223,Male,9,15,76.7,59.0,0,9100,1.8,Secondary,0,0,1,0,0,1,4.6,Low,50.4,30.3,0,0
2224,Male,9,15,64.3,61.2,4,5800,4.8,No Schooling,0,0,1,0,0,1,2.3,Low,27.0,17.5,2,1
2225,Female,6,10,86.1,78.6,1,3200,1.8,Secondary,0,0,0,0,0,1,3.3,Low,36.5,45.1,0,0
2226,Male,7,12,82.5,48.3,0,15300,8.6,Secondary,0,0,1,0,1,0,3.0,Medium,35.7,23.6,1,0
2227,Female,6,10,92.2,93.6,1,17200,4.2,No Schooling,0,1,1,1,1,0,5.4,High,58.3,37.5,1,0
2228,Male,8,14,90.3,69.8,0,44468,0.4,Secondary,0,0,1,0,0,1,4.2,Low,36.0,23.9,0,0
2229,Male,10,16,67.0,88.3,1,13700,0.6,Higher Secondary,0,1,0,0,0,1,7.2,Low,41.0,23.8,2,0
2230,Female,8,14,94.7,100.0,4,9600,2.1,Secondary,1,0,1,0,0,1,5.7,Low,60.6,38.2,0,1
2231,Male,8,12,83.1,97.5,2,5900,0.4,Primary,1,0,0,0,1,1,4.8,Low,58.8,46.2,0,0
2232,Female,10,14,86.5,87.6,0,17800,10.5,Primary,0,1,0,0,1,1,4.6,Low,42.3,52.9,0,0
2233,Male,6,13,59.2,74.0,0,5700,1.2,Primary,1,0,1,0,1,1,7.5,Medium,63.8,52.8,0,0
2234,Female,6,11,74.1,58.3,0,8700,3.3,Higher Secondary,0,0,0,1,0,1,4.6,Low,40.4,25.6,1,0
2235,Female,10,15,79.7,72.6,0,11800,1.4,Primary,0,1,1,0,0,0,3.5,Medium,72.8,28.2,1,0
2236,Female,10,15,84.8,63.4,0,21200,4.2,Higher Secondary,0,0,0,0,1,1,5.6,Medium,60.2,27.2,0,0
2237,Male,9,16,71.9,34.1,5,3000,8.9,Primary,0,0,0,0,0,1,2.9,Low,28.8,25.3,0,1
2238,Male,7,11,99.8,91.7,0,14800,4.8,Higher Secondary,0,0,1,0,0,1,6.9,Medium,51.3,36.7,0,0
2239,Male,10,17,78.2,50.4,0,5900,0.1,Secondary,0,0,0,0,1,1,5.3,Low,46.2,46.4,0,0
2240,Female,9,16,77.4,76.7,0,11500,13.1,Graduate,0,1,1,0,1,1,3.7,Low,49.9,60.2,0,0
2241,Male,9,13,93.3,78.6,0,3000,2.0,Primary,0,0,1,0,0,1,2.0,High,59.4,46.6,1,0
2242,Male,7,11,88.3,61.5,0,4800,0.3,No Schooling,0,0,0,1,0,1,0.6,Low,41.1,36.6,0,0
2243,Male,8,12,73.5,86.0,0,18300,0.6,Primary,0,0,0,0,0,1,4.9,Medium,50.5,40.4,0,0
2244,Male,10,15,86.8,44.2,1,18300,4.4,Primary,0,1,1,0,0,1,3.1,Medium,12.2,3.9,1,0
2245,Male,10,16,72.0,58.0,0,7000,0.2,Primary,0,0,0,0,0,0,4.1,Low,35.1,48.2,0,0
2246,Male,8,14,93.9,84.3,1,26600,1.6,Secondary,0,0,1,0,0,0,6.5,Low,45.6,26.8,0,0
2247,Male,8,13,80.7,72.9,0,8000,1.3,No Schooling,0,0,0,0,0,1,7.7,Low,49.9,28.4,0,0
2248,Female,9,14,84.9,77.2,0,10100,5.7,Primary,0,0,0,1,0,1,5.7,Low,30.1,36.2,1,0
2249,Male,8,15,60.1,31.4,0,4500,1.9,No Schooling,1,0,0,0,1,1,0.3,Low,19.8,22.8,0,0
2250,Male,7,14,88.3,61.4,2,5800,3.1,Graduate,0,0,1,0,1,1,5.3,Medium,48.7,22.6,0,0
2251,Female,6,10,72.7,100.0,0,10800,3.7,No Schooling,1,0,0,0,0,1,6.1,Medium,38.6,51.2,1,0
2252,Female,6,13,81.4,79.8,0,3000,0.2,Higher Secondary,0,0,0,0,0,1,6.5,High,59.5,42.4,0,0
2253,Male,9,14,84.3,62.9,0,8600,0.9,Secondary,0,0,0,1,1,1,6.2,High,50.6,46.9,0,0
2254,Female,6,13,96.1,69.7,0,11000,1.0,Secondary,0,0,0,0,0,1,3.6,High,40.3,22.0,1,0
2255,Female,6,13,87.7,86.5,0,8100,4.1,No Schooling,0,0,1,0,0,1,4.2,Low,41.9,21.1,0,0
2256,Female,10,16,82.8,48.0,1,22100,0.6,Secondary,0,0,0,1,0,0,4.8,Low,36.1,11.5,0,0
2257,Female,9,15,94.6,77.8,0,5800,1.4,Primary,0,0,1,0,0,1,5.7,Medium,41.7,35.7,0,0
2258,Female,6,11,55.6,69.6,0,6800,1.6,Secondary,0,0,0,0,0,1,3.5,Low,46.9,26.8,2,0
2259,Male,7,11,58.9,33.5,0,6100,1.6,Primary,1,0,1,0,0,1,2.2,Medium,31.9,19.6,0,0
2260,Male,9,13,54.0,0.0,1,6500,1.9,Primary,0,0,0,1,0,1,0.0,Medium,27.0,0.0,0,0
2261,Female,7,12,89.2,58.5,2,7200,5.1,No Schooling,0,0,0,0,0,1,5.2,Low,45.3,31.5,0,0
2262,Female,8,15,86.5,52.9,0,5500,1.6,Secondary,0,0,0,0,0,1,3.3,Medium,26.2,28.2,1,0
2263,Male,8,13,99.1,73.1,0,17700,1.3,Primary,0,0,1,0,0,1,6.9,Low,65.9,18.6,0,0
2264,Male,6,11,69.8,61.8,1,21400,4.1,No Schooling,0,0,1,0,1,1,5.6,High,34.2,31.7,0,1
2265,Female,9,15,91.6,94.7,0,18000,9.7,Secondary,0,0,0,0,0,1,6.6,Low,32.4,48.4,0,0
2266,Male,6,11,92.1,68.4,2,13300,0.2,Graduate,0,0,0,0,0,1,0.7,Low,49.6,42.3,1,0
2267,Female,8,13,86.4,34.7,0,4100,0.9,Higher Secondary,0,1,1,0,0,1,2.7,Low,4.3,19.1,2,0
2268,Male,6,12,64.8,34.0,0,7600,4.6,Graduate,1,0,0,0,0,1,0.7,Medium,23.3,13.4,0,1
2269,Female,6,13,73.9,45.7,5,34700,4.4,Secondary,0,0,1,0,0,1,4.8,Medium,53.5,22.2,0,1
2270,Female,6,13,85.1,73.6,1,6900,0.7,Primary,0,0,0,0,0,1,5.6,Low,17.0,27.4,0,0
2271,Female,10,17,95.0,79.8,0,10600,0.1,Secondary,0,0,0,0,0,1,2.6,Low,34.4,58.6,1,0
2272,Female,6,12,96.3,88.5,1,3000,6.8,Primary,1,0,1,1,0,1,6.0,Low,34.0,47.1,0,0
2273,Female,7,13,72.3,83.2,0,11800,10.4,Secondary,0,1,1,1,0,1,5.1,Low,67.8,35.9,1,0
2274,Female,6,10,78.6,65.2,0,5000,2.8,Primary,0,1,0,1,1,0,4.4,Low,56.5,23.2,0,0
2275,Female,9,13,98.6,54.2,1,6700,7.7,Higher Secondary,0,0,0,0,0,1,5.5,Medium,39.3,19.5,0,1
2276,Male,8,15,65.1,40.1,0,3000,1.2,No Schooling,0,0,0,0,0,1,1.9,Low,16.6,0.5,0,1
2277,Female,10,16,78.0,84.7,0,7800,5.0,Secondary,0,0,1,0,1,1,6.0,Low,33.4,39.6,2,0
2278,Male,9,13,69.4,88.7,0,15100,0.9,Secondary,0,0,0,0,0,1,5.3,Low,71.1,46.8,0,0
2279,Female,8,13,66.5,47.5,2,15600,1.2,Graduate,1,0,1,0,0,1,2.8,High,41.3,22.6,1,0
2280,Female,9,16,88.9,71.6,0,6100,0.1,Primary,0,1,0,0,0,1,2.8,Low,35.8,23.7,1,0
2281,Male,6,10,73.0,86.7,1,13800,0.3,No Schooling,0,0,1,0,0,1,4.6,Low,42.5,48.2,0,0
2282,Male,10,15,86.4,52.3,0,15800,1.3,No Schooling,0,0,0,1,0,1,4.4,Low,45.8,31.1,0,0
2283,Male,10,17,79.8,77.1,1,4700,2.5,Secondary,0,0,0,0,0,1,5.8,Low,50.7,35.7,0,0
2284,Female,7,14,72.2,71.9,0,15900,0.1,No Schooling,0,0,1,0,0,1,3.8,Low,36.9,33.6,2,0
2285,Male,8,13,89.2,100.0,4,6400,8.5,Secondary,0,0,1,0,1,1,8.0,Low,38.3,39.6,0,0
2286,Male,6,13,79.0,58.7,4,3200,3.2,Secondary,0,0,1,1,0,1,5.9,Low,36.3,35.1,0,1
2287,Female,8,14,66.0,61.1,0,5000,2.6,Primary,0,0,1,0,0,0,2.2,Medium,32.2,38.7,0,0
2288,Female,9,14,94.7,87.6,3,9400,5.0,No Schooling,0,0,1,0,0,1,5.8,Medium,58.8,32.1,0,0
2289,Male,10,17,92.3,97.6,0,3000,0.9,Secondary,1,0,0,0,0,1,3.4,High,73.6,51.0,0,0
2290,Male,7,14,92.8,76.1,0,3000,6.9,Graduate,0,0,0,0,0,1,5.5,High,37.9,45.0,2,0
2291,Female,9,14,78.5,79.9,1,10600,2.3,Graduate,1,1,0,0,0,1,6.6,Medium,61.4,24.2,0,0
2292,Female,9,13,90.6,72.8,0,10300,3.8,Higher Secondary,0,0,0,0,0,1,3.8,Low,36.9,37.8,0,0
2293,Female,7,14,94.0,84.9,1,6700,1.6,No Schooling,0,0,0,0,1,1,5.4,Medium,40.7,61.6,2,0
2294,Male,8,12,77.5,62.1,0,8600,6.3,Primary,0,0,0,0,1,0,3.9,Low,22.9,23.3,2,0
2295,Male,9,16,85.2,83.9,1,12800,2.5,Graduate,0,0,0,0,0,1,4.8,High,49.0,42.6,0,0
2296,Male,9,14,84.6,79.2,0,3000,1.3,Higher Secondary,0,1,0,0,0,1,3.6,Medium,53.3,35.5,0,1
2297,Female,10,16,81.7,44.2,0,3000,4.5,Primary,0,0,1,0,0,1,3.0,Low,22.6,30.2,0,0
2298,Male,6,12,77.8,89.8,1,14200,0.6,Secondary,0,0,0,1,0,1,7.2,Low,32.7,36.9,1,0
2299,Male,6,10,54.1,46.0,1,10400,2.3,Primary,0,0,1,0,0,0,4.0,Low,39.1,39.7,0,0
2300,Female,6,10,93.1,74.4,0,11600,5.2,Secondary,1,0,1,0,0,1,5.5,Low,56.2,27.6,0,0
2301,Female,6,12,81.2,69.5,1,4500,1.3,Secondary,0,0,1,0,0,1,3.6,Low,60.8,47.8,0,0
2302,Female,8,14,89.7,93.4,5,9200,2.5,Graduate,0,0,0,1,0,1,7.5,Low,19.4,28.5,0,0
2303,Male,10,14,75.7,82.7,0,16900,0.6,No Schooling,0,0,1,1,1,1,5.9,Low,34.4,41.1,0,0
2304,Male,8,15,65.2,88.6,0,9300,14.5,Primary,0,0,1,0,0,1,5.4,Low,45.9,48.3,0,0
2305,Male,9,13,55.5,11.0,0,5600,1.7,Primary,0,1,1,0,1,1,3.0,Low,19.2,0.0,0,0
2306,Male,7,14,76.7,78.1,0,9400,0.2,Secondary,0,1,0,0,0,0,3.9,Low,48.5,58.6,0,0
2307,Female,7,11,92.6,46.8,0,20500,2.2,Higher Secondary,0,0,1,1,1,1,4.5,Low,40.2,40.3,0,0
2308,Male,10,14,89.0,82.8,0,9000,4.8,No Schooling,0,0,1,1,1,1,4.6,Low,39.2,28.8,0,0
2309,Female,9,15,89.0,71.5,0,3600,0.7,Secondary,0,0,0,1,0,1,3.3,Low,43.6,18.9,0,0
2310,Female,7,13,78.1,53.8,0,26700,1.8,Higher Secondary,0,1,1,1,0,0,4.2,Medium,32.2,35.5,1,1
2311,Female,10,16,67.4,32.9,2,6500,0.1,No Schooling,0,0,0,1,0,1,6.4,Low,28.5,14.9,0,0
2312,Male,8,12,76.9,16.4,0,4900,1.8,Primary,0,0,1,0,0,1,0.1,Medium,0.9,0.8,1,1
2313,Male,6,11,83.0,21.0,0,5200,4.8,Primary,0,0,0,0,1,1,2.4,Medium,0.0,5.9,2,0
2314,Male,8,13,83.8,50.8,1,11400,2.8,Primary,0,0,0,0,0,1,4.7,Medium,53.9,26.8,0,0
2315,Male,9,14,83.0,57.7,4,5200,1.5,Primary,0,1,0,0,0,1,2.3,Low,55.4,25.8,1,1
2316,Male,7,14,70.4,68.5,0,3000,1.3,No Schooling,0,0,1,0,0,1,4.0,Medium,26.5,38.1,1,0
2317,Male,10,15,87.9,81.9,4,11000,1.4,No Schooling,0,0,0,0,1,1,5.2,Low,61.6,32.4,1,1
2318,Female,8,15,81.3,81.4,1,9300,7.1,Graduate,1,0,0,0,0,0,4.8,Low,32.4,23.7,0,0
2319,Male,8,13,57.8,77.8,0,8600,3.5,Higher Secondary,0,0,1,0,1,1,5.1,Low,35.5,29.8,0,0
2320,Female,10,14,83.2,50.1,2,3900,6.3,No Schooling,0,0,1,0,1,1,6.4,Medium,35.4,28.6,0,0
2321,Male,8,12,78.0,88.7,4,6000,0.1,Secondary,0,0,0,0,0,1,5.8,Medium,36.1,25.6,0,0
2322,Male,7,11,89.7,52.5,3,10900,1.0,Secondary,0,0,0,0,0,1,5.1,Medium,26.8,20.0,1,1
2323,Male,6,11,51.8,20.4,0,8600,1.9,Primary,0,0,0,0,0,1,0.0,Medium,11.6,21.2,0,1
2324,Male,7,12,69.4,94.1,3,10000,2.2,No Schooling,0,0,1,1,1,1,5.5,Medium,38.0,49.3,1,0
2325,Male,7,13,96.9,77.3,1,23300,0.5,Secondary,0,0,1,0,0,1,5.2,Medium,18.6,37.7,0,0
2326,Female,6,11,58.9,42.0,0,9600,1.8,Higher Secondary,0,0,1,1,0,0,4.2,Low,45.0,20.1,0,0
2327,Male,8,14,72.8,93.0,0,11300,4.4,Primary,0,0,0,0,0,1,3.1,Low,20.9,36.2,0,0
2328,Male,6,10,91.8,67.5,0,4200,1.3,Secondary,0,0,1,0,1,1,4.3,Low,43.1,29.4,0,1
2329,Female,7,14,76.8,55.2,1,3600,1.7,No Schooling,0,0,1,0,0,0,1.0,Low,41.6,27.9,1,1
2330,Male,8,12,83.2,54.5,3,12900,0.8,No Schooling,0,0,0,0,0,1,2.4,High,29.6,26.8,0,0
2331,Female,7,11,89.6,88.6,0,5800,0.1,Secondary,1,0,0,0,1,1,6.6,Medium,51.1,32.2,0,0
2332,Male,9,14,84.9,55.1,0,3000,0.4,Primary,0,0,1,0,0,0,4.2,Medium,28.0,36.3,0,0
2333,Female,9,15,84.5,33.8,1,11300,0.1,Primary,1,0,1,0,0,0,5.0,High,28.0,13.0,1,0
2334,Male,7,11,75.9,59.6,0,16600,1.8,Graduate,0,1,0,0,0,0,4.9,Medium,39.4,40.7,0,0
2335,Male,6,10,93.2,100.0,1,3800,0.9,Secondary,0,0,0,0,0,1,4.0,Medium,64.6,47.4,0,0
2336,Female,8,15,92.2,47.6,0,3000,1.5,Primary,0,0,0,0,1,0,2.2,Low,37.7,25.5,0,0
2337,Female,6,13,68.9,47.5,0,21900,3.9,Secondary,0,0,1,1,1,0,3.8,Low,35.5,17.9,0,0
2338,Male,8,15,90.2,63.9,0,20000,1.0,Primary,0,0,1,1,1,1,3.3,Low,40.1,44.4,1,0
2339,Female,9,13,90.4,77.3,0,16500,0.6,Primary,0,0,1,0,1,0,5.9,Medium,42.9,40.7,1,0
2340,Male,8,14,83.5,69.7,0,4500,3.3,Secondary,0,0,0,0,0,1,4.4,Low,36.2,2.6,0,0
2341,Male,8,14,82.7,71.5,0,6600,1.2,Secondary,0,0,0,0,1,1,7.4,High,58.8,43.1,0,0
2342,Male,10,15,85.7,69.0,0,10700,11.7,Secondary,0,0,0,0,1,0,0.3,Medium,41.7,18.0,0,0
2343,Female,6,10,90.2,74.1,3,15100,4.4,Secondary,0,0,0,0,0,1,7.1,Low,55.6,32.7,2,1
2344,Male,10,17,82.1,33.7,1,7400,6.0,Primary,0,0,1,0,1,1,0.5,Medium,55.7,29.0,1,0
2345,Female,9,16,88.7,68.6,0,50000,1.7,Secondary,0,0,1,0,0,1,3.5,Low,24.2,21.4,0,0
2346,Male,7,11,79.3,56.2,1,12300,11.6,Secondary,0,0,0,0,0,1,3.3,Low,41.3,35.5,0,0
2347,Female,6,12,64.4,78.3,2,8900,1.5,Primary,1,0,0,1,1,1,2.0,Medium,58.2,62.3,1,1
2348,Female,6,13,70.8,75.7,2,7300,3.0,Primary,1,0,1,0,0,1,5.9,Low,36.6,23.1,1,0
2349,Male,10,16,59.3,79.6,5,37177,0.2,Graduate,0,1,0,0,1,1,5.3,Low,65.8,36.6,2,1
2350,Male,7,11,85.1,55.1,1,10600,2.1,Higher Secondary,0,0,0,0,1,1,3.1,Low,29.1,30.8,1,0
2351,Male,10,16,67.4,67.0,0,3700,1.6,Secondary,1,0,0,0,0,0,6.5,Low,46.9,14.1,0,0
2352,Female,8,15,78.0,41.3,1,3500,0.4,Secondary,0,1,1,0,0,1,0.9,Medium,38.0,37.7,0,0
2353,Male,8,13,66.9,78.9,0,4800,0.2,Graduate,1,0,0,0,0,1,4.5,Low,25.5,26.3,0,1
2354,Female,8,12,88.6,91.6,1,6500,3.7,No Schooling,0,1,0,0,0,1,7.5,Low,47.8,41.9,0,0
2355,Male,6,11,87.3,16.1,0,9100,8.4,No Schooling,0,0,1,1,0,1,1.5,High,43.5,35.1,0,0
2356,Female,7,14,73.8,70.0,1,5900,4.9,Higher Secondary,0,0,0,0,0,1,3.9,Low,46.6,30.8,1,0
2357,Male,10,16,90.0,64.1,0,8000,2.1,Higher Secondary,0,0,1,1,0,0,4.9,Low,43.9,42.7,0,0
2358,Male,7,11,70.8,81.6,0,3000,1.4,Higher Secondary,0,0,0,0,0,0,4.3,Medium,32.6,36.8,0,0
2359,Female,10,16,70.9,56.6,1,18900,2.3,Higher Secondary,0,1,0,0,0,1,7.3,Low,40.2,19.2,0,0
2360,Male,10,17,69.2,37.1,2,3100,8.3,No Schooling,0,0,0,0,0,1,2.5,Low,30.4,21.8,0,0
2361,Female,6,10,79.3,60.1,1,10000,0.1,No Schooling,0,0,1,0,0,1,2.6,Low,33.1,24.1,0,0
2362,Male,8,14,84.2,65.3,2,4000,7.7,Primary,0,0,1,0,0,0,4.9,Low,22.8,42.9,2,0
2363,Male,6,10,81.3,66.7,2,10700,1.1,Primary,0,0,0,0,0,1,5.4,Low,48.7,31.7,1,0
2364,Female,8,12,87.4,97.3,0,24100,0.7,No Schooling,1,0,1,1,0,1,5.4,High,25.8,35.3,0,0
2365,Female,10,15,87.7,82.8,1,14400,1.0,Primary,0,0,1,0,0,1,6.2,Low,42.9,33.8,1,0
2366,Female,10,17,92.3,75.3,5,4400,2.3,Secondary,0,0,0,0,0,1,4.3,High,36.9,33.0,0,1
2367,Male,10,16,88.1,73.2,0,9500,4.4,Secondary,0,0,1,0,0,0,4.1,Low,46.6,65.1,0,0
2368,Male,6,10,91.9,76.7,1,6300,0.9,Higher Secondary,0,0,1,0,1,1,7.8,Low,37.2,20.3,1,0
2369,Male,8,12,84.6,45.1,0,3200,0.6,No Schooling,1,0,0,1,1,1,2.7,Low,34.7,13.9,0,0
2370,Female,7,13,71.8,63.6,0,16200,1.6,No Schooling,0,0,0,0,0,1,3.5,Low,62.1,39.3,0,0
2371,Male,10,15,85.3,46.7,0,41400,3.2,Graduate,0,0,0,0,0,1,6.1,Low,36.6,21.0,0,0
2372,Male,6,11,79.8,87.1,0,20000,0.9,Primary,0,0,1,0,0,0,7.2,Low,46.5,41.8,0,0
2373,Male,6,11,88.9,100.0,2,3500,5.9,No Schooling,1,0,1,0,0,1,5.5,Medium,63.1,40.2,0,1
2374,Male,6,13,94.7,54.8,0,34700,2.1,Primary,0,0,1,0,1,1,5.6,Low,51.0,39.2,0,0
2375,Male,6,12,89.7,56.6,0,5300,2.0,Primary,0,0,1,0,0,1,4.3,Medium,61.2,46.5,0,0
2376,Male,6,13,87.5,95.1,5,6100,5.7,Secondary,0,0,1,0,0,1,5.6,Medium,40.0,24.6,0,1
2377,Female,6,10,66.9,23.1,0,4800,0.3,Primary,0,0,0,0,1,1,1.9,Low,35.3,15.3,1,0
2378,Female,10,15,69.2,63.4,1,9100,4.4,Secondary,0,0,0,1,0,1,4.0,Low,33.8,34.8,0,1
2379,Male,9,15,71.1,75.0,5,3000,1.0,No Schooling,1,0,1,0,0,1,7.1,Medium,39.6,0.0,0,1
2380,Female,7,14,70.9,53.9,2,4100,0.8,Secondary,0,0,0,0,1,0,4.2,Low,59.8,35.0,0,0
2381,Female,9,15,95.5,61.8,2,18400,4.4,Primary,0,0,1,0,0,1,2.2,High,63.4,36.8,1,1
2382,Male,7,14,91.7,99.8,5,49700,1.4,Primary,1,0,1,0,0,1,4.0,Low,55.5,39.8,0,0
2383,Male,9,16,74.2,61.2,0,3000,0.4,Secondary,0,0,1,1,0,1,2.1,Low,30.2,34.3,0,0
2384,Male,7,13,90.2,62.4,4,17000,0.5,Secondary,0,0,1,0,0,0,5.2,Medium,48.6,12.8,0,0
2385,Male,8,13,86.4,50.4,0,3500,0.1,Secondary,0,0,0,0,0,1,4.1,Low,32.5,30.7,0,0
2386,Female,7,12,74.9,82.9,0,5900,3.1,Primary,0,0,1,0,0,1,6.0,Low,60.2,45.7,0,0
2387,Female,6,12,84.3,71.0,2,3300,9.1,Higher Secondary,0,0,0,0,1,1,3.2,Low,64.0,32.1,0,0
2388,Male,8,13,76.2,84.9,0,16300,1.0,Primary,0,0,0,0,1,1,4.1,Medium,44.8,34.5,1,0
2389,Female,9,13,80.9,98.7,0,12100,0.1,Graduate,0,1,0,0,0,0,6.4,Low,49.2,51.1,0,0
2390,Male,9,13,94.9,44.2,0,8800,1.5,No Schooling,0,0,0,0,1,1,6.4,High,47.4,17.9,0,0
2391,Female,7,14,54.7,54.3,0,14000,0.5,No Schooling,0,0,1,1,0,0,2.0,Medium,53.3,29.1,0,0
2392,Female,8,13,94.7,78.7,0,12600,0.1,Graduate,0,0,0,0,0,0,5.5,Medium,41.8,5.9,0,0
2393,Male,9,16,76.7,56.4,0,3700,3.1,Higher Secondary,0,0,0,0,1,1,2.0,Low,43.2,32.2,1,0
2394,Male,6,10,84.8,62.8,2,10200,0.3,Secondary,0,0,0,0,0,1,1.7,Medium,34.3,35.7,0,0
2395,Female,6,13,89.5,91.4,2,5200,0.3,Secondary,0,1,1,0,0,1,6.7,Low,56.4,37.8,0,0
2396,Female,7,14,79.4,95.7,0,4800,1.3,Primary,0,0,1,1,0,0,6.9,Medium,42.0,37.1,0,0
2397,Male,7,12,80.7,40.6,0,11600,6.1,No Schooling,1,0,0,1,0,1,0.3,Low,28.4,29.9,0,0
2398,Male,7,13,83.5,88.7,3,20600,2.1,Secondary,1,0,1,0,0,0,6.4,Medium,46.4,23.7,1,0
2399,Male,6,13,82.1,60.3,0,7700,0.7,Graduate,0,0,0,0,0,1,3.8,Low,35.6,19.0,0,1
2400,Female,8,14,85.1,67.0,0,25800,0.7,Primary,0,0,1,1,0,1,4.8,Low,51.4,50.4,2,0
2401,Female,9,16,83.2,65.7,0,6500,0.2,Higher Secondary,0,1,0,0,0,1,5.8,Medium,41.3,20.7,0,0
2402,Female,9,13,64.6,45.7,0,3000,3.2,Higher Secondary,0,1,0,0,0,1,3.0,Medium,41.1,24.3,0,0
2403,Female,9,13,83.3,50.6,0,3200,0.5,Primary,0,0,0,0,0,1,3.6,Low,36.8,6.8,0,0
2404,Female,7,11,92.0,73.8,3,3000,3.2,Primary,0,0,1,0,0,1,6.6,Low,35.1,5.6,0,0
2405,Female,10,15,84.5,68.8,0,10800,2.3,Primary,0,1,0,1,0,1,1.1,Medium,48.0,40.7,0,0
2406,Male,9,16,57.4,83.9,0,31300,1.7,No Schooling,0,0,1,1,0,1,2.6,Low,58.6,37.5,0,0
2407,Female,8,15,82.2,100.0,0,18400,3.9,Secondary,0,0,1,0,1,1,4.8,High,34.4,52.8,0,0
2408,Male,6,12,63.4,70.6,0,15400,3.3,Higher Secondary,0,0,0,1,0,0,3.9,Low,26.7,46.1,0,0
2409,Male,9,14,88.4,40.4,0,25600,2.0,No Schooling,0,1,0,1,0,0,4.8,Low,20.5,7.5,0,0
2410,Female,8,15,73.1,86.3,0,13100,0.8,Primary,0,0,0,0,0,1,3.2,Low,38.8,36.3,0,0
2411,Female,9,15,85.7,63.2,1,18100,5.4,Graduate,0,0,0,0,1,1,2.8,Medium,46.3,9.2,0,0
2412,Female,9,15,73.1,60.6,0,8700,2.6,Secondary,0,0,0,0,0,1,3.5,Low,56.1,23.1,0,1
2413,Male,10,14,63.9,56.8,0,4400,0.6,No Schooling,0,0,1,0,0,1,2.3,Low,47.2,40.2,0,1
2414,Female,10,14,70.3,65.9,4,3400,0.3,Primary,0,0,1,0,0,1,5.8,Low,33.3,16.6,1,1
2415,Male,9,15,78.6,73.7,4,6200,0.8,Secondary,0,1,1,0,1,1,2.0,Low,53.4,59.8,0,0
2416,Male,10,16,83.8,82.1,1,3000,12.2,Primary,0,0,0,1,0,1,3.0,Medium,40.6,46.4,0,0
2417,Male,10,15,97.4,100.0,0,6400,2.7,Secondary,0,0,1,0,0,0,5.3,Medium,40.5,42.8,0,0
2418,Female,6,12,91.0,100.0,3,6500,2.0,Primary,1,1,0,1,0,1,4.9,Low,41.3,39.4,1,1
2419,Male,9,15,95.1,71.1,0,15100,3.9,No Schooling,0,0,0,0,0,0,3.9,Low,58.3,21.5,0,0
2420,Female,6,10,60.1,17.2,0,7300,0.4,Primary,0,0,1,0,0,1,2.1,Low,39.0,38.5,1,0
2421,Male,7,14,83.5,52.2,1,19800,5.5,No Schooling,0,0,1,0,0,0,4.2,Low,27.8,22.0,0,1
2422,Male,7,13,71.8,24.1,1,5900,0.5,No Schooling,0,0,1,0,0,0,2.8,Medium,22.7,33.0,1,0
2423,Female,8,12,94.3,86.5,0,4000,2.0,Secondary,0,0,0,0,0,1,4.2,High,46.7,41.1,1,0
2424,Male,6,10,69.7,71.3,0,28700,5.7,Higher Secondary,0,0,1,0,1,0,5.5,Low,38.5,23.4,0,0
2425,Female,7,14,70.7,60.4,4,46391,0.8,No Schooling,0,0,0,0,0,1,3.7,Low,47.8,20.1,1,1
2426,Female,6,11,57.8,34.4,0,9000,4.5,Primary,0,0,1,0,1,1,5.0,Low,33.5,26.7,0,0
2427,Male,9,13,89.2,99.8,1,5400,0.3,Primary,0,0,0,0,1,0,7.0,Low,59.1,18.5,1,0
2428,Female,10,14,69.9,49.5,0,40300,3.3,Primary,0,0,1,0,1,1,4.5,Low,35.1,19.0,0,0
2429,Female,10,14,92.1,47.6,1,8400,6.1,No Schooling,0,0,1,0,1,1,4.6,Medium,53.4,32.6,1,0
2430,Female,8,14,89.3,35.8,0,15100,6.0,Higher Secondary,1,0,0,0,0,0,1.8,Low,38.8,36.2,0,0
2431,Female,7,12,75.6,67.4,0,23400,1.6,Secondary,1,0,0,0,0,1,3.1,Low,56.2,7.9,2,0
2432,Female,10,16,87.9,73.3,0,11200,2.5,Secondary,0,0,0,0,0,1,4.4,Low,42.8,33.2,0,0
2433,Female,6,10,78.5,77.2,1,3600,4.9,No Schooling,0,0,0,0,0,1,6.9,Low,18.2,33.7,1,0
2434,Male,10,14,92.3,55.5,0,7200,0.8,Secondary,0,0,0,0,0,1,2.2,High,33.5,26.6,0,0
2435,Female,9,14,95.4,43.0,0,5700,1.7,No Schooling,0,0,0,0,0,1,4.6,Medium,55.5,25.7,0,0
2436,Female,8,15,74.1,51.0,0,8000,0.9,Secondary,0,0,0,0,1,0,2.8,High,25.7,19.8,0,0
2437,Female,6,12,52.7,15.1,0,10300,3.7,Secondary,0,0,1,0,0,1,1.6,Low,9.1,8.8,1,1
2438,Female,6,13,63.0,59.7,0,6200,1.2,No Schooling,0,0,0,0,0,1,4.0,Low,40.3,26.4,0,0
2439,Male,8,12,72.4,71.4,1,6300,4.8,No Schooling,0,0,1,0,0,1,2.3,Low,32.3,32.9,0,0
2440,Female,7,12,84.6,51.5,2,9100,4.1,Secondary,0,0,1,0,0,1,2.0,Low,56.6,16.9,0,0
2441,Female,10,15,87.7,65.2,0,3000,0.7,Secondary,0,0,0,0,1,1,5.4,Low,66.2,44.9,0,0
2442,Male,9,13,86.7,92.7,1,6500,5.1,Primary,0,0,0,0,1,1,6.3,High,46.5,49.4,0,0
2443,Male,8,13,76.0,81.7,0,9900,1.3,Primary,0,1,0,0,0,1,4.4,Low,39.2,14.6,0,0
2444,Female,7,12,74.3,58.7,0,9200,6.8,Graduate,0,0,1,0,0,0,3.6,Low,46.3,40.4,0,0
2445,Male,8,13,82.3,78.0,1,4800,4.2,Secondary,0,0,0,0,0,1,6.1,Low,40.5,37.9,0,0
2446,Female,6,10,86.3,34.4,1,5700,7.3,Primary,0,0,0,0,0,1,5.2,Low,51.1,5.1,0,0
2447,Male,9,14,53.0,27.3,2,3000,4.4,No Schooling,0,0,1,0,0,1,3.8,Low,26.5,20.5,0,1
2448,Male,8,15,82.3,58.5,0,4700,0.3,Secondary,0,0,0,0,1,1,3.9,Low,43.7,42.7,0,0
2449,Female,9,13,76.4,51.3,0,3000,0.4,Secondary,0,0,0,1,0,1,5.7,Low,30.3,27.3,0,0
2450,Female,8,15,96.2,100.0,3,6800,2.7,Secondary,0,1,0,1,1,1,7.2,Low,55.4,59.5,0,0
2451,Female,7,13,89.6,48.4,3,11200,2.0,No Schooling,0,0,0,0,0,1,2.9,Low,35.8,27.7,0,0
2452,Female,10,14,96.7,60.4,0,4900,1.0,Primary,0,0,1,0,0,1,2.3,Low,66.0,44.7,0,0
2453,Female,9,14,93.5,79.8,0,3000,5.7,Primary,0,0,0,0,1,1,1.6,High,63.2,36.0,0,1
2454,Female,9,15,93.4,97.7,1,14800,3.5,Primary,0,0,0,0,0,1,6.0,Low,49.3,51.6,0,0
2455,Female,8,13,60.5,55.3,0,9400,4.8,Secondary,0,0,0,0,0,1,2.2,Medium,28.2,31.4,0,0
2456,Female,10,15,83.4,84.4,1,4400,3.5,Primary,0,0,0,0,0,1,4.5,High,46.9,37.7,0,1
2457,Female,7,13,66.9,98.0,0,4300,0.2,Primary,0,0,1,0,0,1,4.1,Medium,46.7,50.5,0,0
2458,Male,7,11,71.6,82.3,0,15200,0.2,Secondary,1,0,1,0,1,1,4.0,Medium,24.1,53.2,0,0
2459,Male,9,16,79.1,42.5,0,11000,1.3,No Schooling,1,1,1,0,0,1,4.8,Low,26.4,18.7,0,0
2460,Female,6,11,87.7,89.4,1,13300,5.0,Secondary,0,0,0,1,0,1,6.4,Low,61.6,20.8,0,0
2461,Female,9,14,89.4,4.8,1,3000,0.6,Higher Secondary,0,0,0,0,1,1,8.0,Medium,47.3,30.4,0,0
2462,Female,7,11,82.2,70.9,3,11900,3.2,Higher Secondary,1,0,1,0,1,0,1.5,Low,47.9,34.6,2,0
2463,Male,6,13,84.8,74.6,0,3900,3.6,Primary,1,0,0,0,0,0,4.6,Low,38.6,51.0,1,0
2464,Female,6,10,79.2,75.5,0,3000,3.8,No Schooling,0,0,0,1,0,1,5.5,Low,52.9,40.6,0,0
2465,Male,10,17,94.6,53.6,4,7900,0.1,No Schooling,0,0,1,0,0,0,5.3,Medium,28.3,18.2,1,1
2466,Female,9,14,90.8,73.2,1,11400,1.2,No Schooling,0,0,0,0,1,1,4.4,Low,33.0,28.0,0,0
2467,Female,7,11,67.9,81.6,3,8300,1.1,Primary,0,0,1,0,1,1,4.9,Low,34.4,24.9,1,0
2468,Female,6,11,78.2,75.5,2,8600,5.4,Graduate,0,0,1,0,0,0,5.7,Medium,44.6,41.4,1,1
2469,Female,7,13,73.8,27.3,0,3600,3.8,Secondary,0,0,0,0,0,1,1.6,Low,53.1,26.8,0,1
2470,Male,6,11,68.1,99.6,0,3000,1.3,Secondary,0,1,0,0,0,1,5.0,Low,51.6,27.7,0,0
2471,Male,9,16,72.2,60.9,0,11100,0.8,No Schooling,0,0,0,0,1,1,4.7,Low,45.0,17.0,0,0
2472,Female,6,12,83.0,100.0,1,9600,0.2,Primary,0,0,1,0,1,1,4.8,High,39.6,51.3,1,0
2473,Female,6,13,88.8,67.8,1,5700,1.0,Higher Secondary,0,0,0,0,0,1,5.4,Medium,60.6,38.3,0,0
2474,Male,6,11,85.4,82.1,0,5900,2.3,Primary,1,1,1,0,1,1,3.1,Medium,51.7,31.2,0,0
2475,Male,8,12,85.9,84.5,1,8700,0.6,Primary,1,0,0,0,1,1,4.5,Medium,52.3,37.9,1,0
2476,Male,9,14,76.1,30.4,0,6000,3.2,Primary,0,0,0,1,0,0,2.0,Low,42.3,16.5,0,0
2477,Male,9,15,87.2,89.9,0,13300,2.7,No Schooling,0,0,1,0,0,1,6.8,Low,37.6,30.2,0,0
2478,Male,8,13,86.9,36.0,0,13700,1.2,No Schooling,0,0,0,0,0,1,3.4,Medium,32.7,0.0,0,0
2479,Male,10,17,84.0,78.4,0,7600,2.2,Primary,0,1,0,0,0,1,7.1,Low,25.4,39.0,0,0
2480,Female,8,15,88.3,100.0,0,6900,0.1,Primary,0,1,1,1,0,1,8.0,Low,44.4,29.6,1,0
2481,Male,10,14,97.5,72.1,1,9800,2.2,Primary,0,0,0,0,1,0,7.0,Low,63.3,48.5,0,0
2482,Male,9,13,58.8,46.2,3,3000,1.5,Higher Secondary,0,0,0,0,1,1,3.2,Low,26.5,32.6,0,0
2483,Male,6,11,87.1,44.8,4,7700,0.9,Graduate,0,0,0,0,0,1,3.1,Low,35.2,41.9,0,0
2484,Male,9,15,93.4,66.7,0,3000,5.8,Primary,0,0,1,0,0,1,2.5,Medium,49.0,58.2,0,0
2485,Female,8,12,92.6,74.8,2,10900,0.7,Primary,0,0,0,0,0,0,3.8,Low,56.7,45.3,0,0
2486,Male,9,13,52.4,13.8,0,15200,3.5,Primary,0,0,0,0,0,0,0.3,Medium,17.6,3.4,0,1
2487,Female,6,11,90.9,45.8,1,3000,0.9,Primary,1,0,1,0,0,1,1.1,Medium,23.5,14.5,0,0
2488,Female,8,13,72.4,85.0,1,13000,0.1,Primary,0,0,1,0,0,0,5.5,Low,46.0,14.2,1,0
2489,Male,10,17,78.9,83.4,0,7500,2.1,Graduate,1,0,0,0,1,0,8.0,Low,36.9,36.9,0,0
2490,Female,6,12,85.2,67.4,0,11500,1.0,No Schooling,0,0,0,0,0,1,6.1,Low,43.6,33.1,0,0
2491,Female,6,13,82.0,83.4,0,16300,3.4,Primary,0,1,0,0,0,0,6.7,Low,51.3,33.3,1,0
2492,Male,7,14,77.3,52.7,0,9500,5.8,No Schooling,0,0,1,0,0,1,1.7,Low,37.5,29.7,0,0
2493,Male,8,13,71.3,43.3,2,8900,0.8,Graduate,0,0,0,0,0,1,5.8,Low,36.0,19.8,2,0
2494,Female,10,17,93.0,100.0,5,3600,0.2,Secondary,0,0,0,0,1,1,3.5,Low,56.7,62.8,1,1
2495,Female,9,16,87.4,36.0,0,4400,2.0,Secondary,0,1,1,1,0,1,1.5,Low,24.6,11.6,0,1
2496,Female,10,15,67.0,50.8,2,32900,1.1,No Schooling,1,0,1,0,1,1,1.5,Low,23.4,27.2,0,1
2497,Female,8,15,78.8,42.2,3,16300,0.2,Graduate,0,0,0,0,0,1,5.4,Low,30.2,35.8,0,0
2498,Male,7,12,67.9,46.6,0,11200,2.1,Secondary,0,0,1,1,0,1,4.7,Low,39.3,23.5,1,1
2499,Female,7,11,90.4,100.0,1,4100,0.8,Graduate,0,0,0,0,0,1,5.0,Low,47.2,32.2,1,0
2500,Male,6,13,89.2,62.0,0,10400,2.0,Secondary,0,0,1,0,0,1,5.8,Low,43.4,37.6,0,0
2501,Male,9,16,69.8,42.0,0,6000,4.8,Graduate,0,0,1,0,1,1,2.5,Low,29.9,23.9,1,0
2502,Female,6,10,58.5,40.6,1,38500,0.4,Primary,0,0,1,0,0,1,2.1,Low,30.6,26.0,0,0
2503,Female,7,14,82.0,97.3,0,21400,8.2,Graduate,0,0,0,1,0,1,6.7,Medium,23.5,34.2,1,0
2504,Female,10,16,85.4,33.2,2,4500,0.5,Primary,0,0,1,1,1,1,0.0,Low,22.0,4.0,0,0
2505,Male,8,14,84.6,77.3,4,4800,10.0,No Schooling,1,0,0,0,1,0,5.4,Low,45.5,46.4,0,0
2506,Male,6,13,61.9,57.9,0,6900,3.1,Primary,0,0,1,1,0,1,3.2,Low,41.1,29.1,0,1
2507,Female,9,13,92.6,77.7,0,20000,1.1,Secondary,0,0,0,0,0,1,4.7,High,63.4,57.5,0,0
2508,Female,8,13,86.2,43.5,0,17500,4.5,Secondary,1,0,1,0,0,1,4.1,Low,33.7,9.4,0,0
2509,Female,10,15,96.3,75.4,0,3000,8.7,No Schooling,1,0,0,0,0,1,5.1,Low,27.4,32.2,0,0
2510,Female,9,15,81.1,59.6,0,10900,3.1,No Schooling,0,0,1,0,0,1,3.1,Medium,31.2,12.7,0,0
2511,Male,6,10,77.4,68.9,1,18300,1.1,Secondary,1,1,0,0,0,1,4.3,Low,52.1,42.9,0,0
2512,Male,6,10,77.9,28.7,0,7000,0.6,Primary,0,0,0,0,0,0,2.0,Medium,23.8,6.7,0,0
2513,Male,7,13,88.5,55.9,0,11900,1.3,Primary,0,0,0,1,0,0,2.9,High,36.5,34.2,1,0
2514,Male,9,13,68.4,100.0,1,30600,5.9,No Schooling,1,0,0,0,1,0,3.7,Low,27.4,47.5,0,0
2515,Male,8,13,89.8,7.4,0,21500,11.0,No Schooling,0,0,0,0,0,1,3.8,Medium,31.7,20.7,0,0
2516,Female,9,16,92.8,100.0,1,11400,1.7,Secondary,0,0,1,0,0,1,8.0,Low,34.8,48.9,0,0
2517,Male,8,15,78.0,69.9,2,10300,0.7,Secondary,0,0,1,0,1,1,6.8,Medium,40.6,40.7,1,0
2518,Male,7,11,80.4,63.3,0,7900,3.9,Primary,0,0,0,0,0,1,4.3,Low,55.0,40.6,0,0
2519,Female,6,13,92.4,74.0,1,12000,3.2,Primary,0,0,0,0,0,1,4.0,Medium,29.9,23.5,1,0
2520,Male,6,11,89.6,60.3,3,7100,0.3,No Schooling,0,0,1,1,0,0,1.2,High,45.2,35.9,1,0
2521,Male,7,11,53.1,84.0,0,16900,0.9,Secondary,0,0,0,1,1,1,1.3,Low,67.0,31.5,0,0
2522,Female,8,14,67.1,77.9,1,4000,0.7,Secondary,0,0,0,0,0,1,6.9,Low,16.3,13.5,0,0
2523,Male,10,15,65.7,50.7,0,5300,3.0,No Schooling,0,0,1,0,0,1,4.8,High,28.1,25.2,0,0
2524,Female,7,12,91.9,91.8,0,6100,4.6,Graduate,0,0,1,1,1,1,2.0,Medium,30.7,24.7,0,0
2525,Female,9,14,97.4,72.9,1,19200,1.3,No Schooling,0,0,0,1,0,1,3.8,Medium,31.6,18.2,1,0
2526,Male,6,10,72.8,44.3,2,14200,2.2,Graduate,0,0,1,0,0,1,0.4,Medium,32.1,36.3,1,0
2527,Female,9,14,89.6,65.2,3,10000,0.1,Secondary,0,1,0,1,1,1,5.0,Low,43.5,32.7,0,0
2528,Female,6,10,68.8,79.8,2,10400,0.2,Secondary,0,0,1,0,0,1,5.6,Low,42.8,11.3,1,0
2529,Female,9,16,83.3,62.7,2,3000,0.7,Secondary,0,0,0,0,0,0,5.3,Low,50.5,34.4,1,0
2530,Female,6,11,89.7,58.1,0,12800,0.3,Secondary,0,0,0,0,0,0,4.8,Medium,37.9,15.8,0,0
2531,Female,6,12,79.2,100.0,1,3700,1.2,Graduate,0,0,1,0,0,1,3.2,Medium,40.4,37.7,0,0
2532,Female,8,13,91.8,82.5,1,5000,1.2,No Schooling,1,1,1,0,0,0,4.3,Medium,67.0,49.9,0,0
2533,Female,7,14,80.1,47.0,0,50000,1.5,Secondary,0,0,0,0,0,0,4.3,Medium,45.9,29.6,0,0
2534,Male,8,15,84.6,95.9,0,11300,1.3,Primary,0,0,1,0,0,1,5.2,Low,43.3,41.4,0,0
2535,Female,7,13,85.8,55.0,0,8800,3.0,Graduate,1,0,0,0,1,1,3.1,Medium,55.2,31.1,0,0
2536,Female,10,15,88.6,36.6,1,6800,0.1,Primary,1,0,1,0,0,1,3.3,Low,31.0,28.3,0,0
2537,Female,7,12,73.4,68.0,0,19100,0.5,No Schooling,0,0,0,0,0,1,5.1,Low,35.8,69.8,0,0
2538,Male,8,15,76.2,69.1,3,3700,0.5,Secondary,0,0,1,0,1,1,3.8,Low,40.3,36.5,0,1
2539,Male,10,17,75.7,71.1,0,5400,1.3,Graduate,0,1,1,0,1,0,6.0,Low,49.3,37.6,0,0
2540,Male,9,14,87.6,73.3,1,17900,0.7,Secondary,0,0,1,1,0,1,5.4,Low,61.8,56.9,0,0
2541,Male,7,12,81.5,92.9,0,8000,5.8,No Schooling,0,1,0,0,0,1,6.0,High,35.8,50.4,0,0
2542,Male,8,13,94.6,74.4,2,10500,5.6,Primary,1,0,1,0,1,1,5.6,Medium,50.3,42.8,0,0
2543,Male,6,13,96.4,76.0,0,5200,1.1,Graduate,1,0,0,0,0,0,4.1,Medium,34.2,34.9,1,0
2544,Male,8,15,88.2,100.0,0,12000,1.0,Secondary,0,0,0,0,0,1,5.5,Medium,59.8,47.3,0,0
2545,Female,8,15,75.0,59.8,0,5500,4.5,No Schooling,0,0,0,0,1,0,2.7,Low,35.2,21.3,0,0
2546,Male,9,16,73.0,100.0,0,3000,1.6,Graduate,0,0,0,0,0,0,6.1,Low,51.9,49.3,1,0
2547,Female,10,15,91.1,100.0,0,15900,1.9,Secondary,0,0,0,0,0,1,3.9,Low,45.2,33.8,1,0
2548,Male,6,11,80.9,61.7,0,4200,2.7,Primary,0,0,1,0,0,0,4.5,High,39.1,28.0,0,0
2549,Male,6,13,91.1,98.2,0,3300,1.4,Primary,0,0,1,0,0,0,5.6,Low,54.6,19.1,0,0
2550,Male,7,12,72.9,70.3,0,4000,0.2,Primary,0,0,1,1,0,1,4.9,Low,40.6,11.0,1,0
2551,Female,8,12,76.2,40.0,0,8300,1.0,Higher Secondary,0,0,1,0,0,1,1.7,Low,31.8,14.3,0,0
2552,Male,7,14,62.0,77.4,1,4700,0.4,Higher Secondary,0,0,0,0,1,1,5.7,Low,43.3,37.7,1,0
2553,Female,8,13,72.2,58.3,0,29000,7.9,Primary,0,1,1,0,0,1,3.5,Low,45.5,36.4,0,0
2554,Female,8,12,88.6,71.8,0,17300,0.4,Secondary,0,0,0,0,1,0,5.0,High,47.4,40.1,0,0
2555,Male,10,17,77.3,72.2,2,8600,9.0,Primary,0,0,0,0,0,1,6.8,Low,11.0,26.6,0,0
2556,Female,7,12,49.0,5.7,5,4200,0.8,Secondary,0,0,0,0,0,1,3.9,Low,18.9,31.3,0,1
2557,Male,6,11,75.2,100.0,0,15600,0.1,Secondary,0,0,0,0,0,1,4.5,Low,37.9,39.6,0,0
2558,Male,7,13,84.9,47.0,0,9900,0.1,No Schooling,0,0,0,0,0,1,3.2,Low,62.6,43.8,0,0
2559,Male,8,13,81.1,85.7,0,4900,2.1,Graduate,1,1,0,0,0,1,5.5,Low,48.7,42.3,0,0
2560,Male,7,14,63.3,22.3,0,9400,2.4,Higher Secondary,1,0,1,0,0,0,2.5,Low,12.9,9.3,2,1
2561,Female,7,13,66.2,40.4,0,9300,2.4,Primary,0,0,0,0,0,1,1.2,Medium,42.3,6.9,0,1
2562,Female,7,13,95.6,93.9,1,4700,1.3,Primary,0,1,0,1,1,0,6.3,Medium,33.4,46.4,0,0
2563,Female,9,13,49.7,42.7,0,3000,0.7,Primary,0,0,0,0,0,1,2.6,Low,6.7,21.2,0,1
2564,Male,10,15,69.5,67.8,0,18600,0.1,Primary,0,0,1,0,1,1,5.1,Low,36.1,18.7,1,0
2565,Female,7,12,58.5,56.5,0,13300,1.2,Primary,0,0,0,1,0,0,2.1,Low,18.5,20.9,0,0
2566,Male,6,13,87.9,65.0,1,7300,3.1,Higher Secondary,0,0,0,0,0,1,6.5,Low,23.6,6.6,0,0
2567,Male,7,14,62.7,86.9,2,11600,1.4,Primary,1,0,1,0,1,1,6.5,Low,41.9,10.4,0,0
2568,Male,7,11,80.0,64.2,0,15000,1.0,No Schooling,1,1,0,0,0,0,4.0,High,44.2,24.3,1,0
2569,Female,10,16,55.6,31.0,1,6000,3.2,Secondary,0,1,0,1,0,1,3.6,Low,9.6,19.4,0,1
2570,Female,8,15,69.5,59.3,0,6400,0.3,Higher Secondary,0,1,0,1,0,0,4.4,High,44.1,13.4,0,0
2571,Male,9,15,75.6,60.8,0,27300,0.7,Primary,0,0,1,0,0,1,3.7,Low,31.4,14.4,0,0
2572,Female,10,14,54.8,38.7,0,5100,0.7,Secondary,0,0,0,1,0,1,2.3,Low,25.4,41.5,0,1
2573,Female,8,12,75.5,74.6,0,30000,1.3,Primary,0,1,1,0,0,1,4.3,Low,51.7,37.6,0,0
2574,Female,7,13,92.2,95.0,3,50000,6.3,Secondary,1,0,1,0,0,0,7.0,Low,38.3,37.0,2,1
2575,Female,8,14,74.9,37.5,1,9700,1.9,Primary,0,0,1,0,0,1,5.0,Low,34.0,21.5,0,0
2576,Female,7,13,76.9,52.8,1,3000,6.1,Primary,0,0,1,0,0,1,2.2,Low,40.5,36.4,0,0
2577,Female,7,12,73.7,60.2,0,7600,0.4,No Schooling,0,1,0,1,1,1,1.4,Low,30.3,53.0,0,0
2578,Female,10,15,96.8,94.1,2,8500,0.4,Higher Secondary,0,1,0,1,0,1,7.6,Low,38.9,63.2,0,1
2579,Male,7,12,86.9,32.8,0,7600,0.1,Secondary,0,0,1,0,0,1,2.2,Low,55.9,14.1,0,0
2580,Female,8,14,73.4,100.0,0,20200,3.3,Primary,0,0,0,0,0,1,5.7,Medium,52.7,37.6,1,0
2581,Male,6,11,89.7,60.7,3,5800,2.0,Secondary,0,0,0,0,1,1,1.6,Low,63.1,38.7,0,0
2582,Female,6,13,91.6,72.4,1,11100,0.6,No Schooling,0,0,0,0,1,1,5.0,Low,31.2,35.0,1,0
2583,Male,8,12,73.5,100.0,1,10700,4.4,No Schooling,0,0,1,1,0,1,3.2,Medium,32.3,32.6,2,0
2584,Male,9,14,83.3,78.4,4,11000,0.1,Primary,0,0,0,0,0,1,7.2,Medium,48.2,36.3,0,0
2585,Male,9,13,87.6,81.5,0,4200,2.2,Secondary,1,0,0,0,0,1,3.8,Low,49.5,65.9,0,0
2586,Male,7,11,77.3,60.5,0,15500,1.3,Primary,0,0,0,0,1,1,4.9,Low,32.5,35.0,2,0
2587,Male,6,11,86.1,56.8,0,4000,1.4,Secondary,0,1,1,0,0,1,4.0,Medium,11.2,27.8,0,0
2588,Male,8,12,69.6,55.8,0,10700,1.4,Primary,1,0,1,0,1,0,5.3,Low,34.3,10.9,0,0
2589,Male,8,13,83.4,49.1,2,11500,6.9,Secondary,0,0,1,0,0,1,2.6,Low,65.2,42.4,0,0
2590,Male,9,15,88.5,100.0,0,4000,10.0,Higher Secondary,0,0,1,1,0,1,4.6,Low,49.3,15.7,0,0
2591,Female,9,14,74.3,79.3,0,3800,4.3,Primary,0,0,0,0,0,1,8.0,Low,42.7,45.9,0,0
2592,Female,10,16,62.4,53.4,2,6300,0.6,Primary,1,0,1,1,1,1,1.6,Low,33.9,19.6,1,0
2593,Female,9,14,88.4,55.7,4,17700,1.6,Secondary,0,0,1,0,0,1,4.6,Medium,42.4,34.5,0,0
2594,Male,7,12,61.2,24.3,1,10900,3.2,Primary,0,0,1,1,0,1,1.0,Low,37.6,15.7,0,0
2595,Male,9,16,74.7,81.4,0,16800,0.4,Higher Secondary,0,1,0,0,0,1,2.9,Low,47.1,63.3,0,0
2596,Female,9,13,91.2,52.1,0,17800,1.6,Primary,0,0,0,0,1,1,3.5,High,24.5,27.6,0,0
2597,Male,10,16,67.4,45.6,2,13700,2.4,No Schooling,1,0,0,0,0,1,4.0,Low,32.2,6.6,0,1
2598,Male,7,13,58.1,95.7,1,7900,0.2,Primary,0,1,0,0,1,1,4.1,Medium,30.1,37.3,1,0
2599,Female,9,14,88.6,50.9,0,3000,0.8,No Schooling,0,0,0,0,0,0,3.7,Low,43.3,18.3,1,0
2600,Female,7,12,71.5,57.5,3,13100,1.7,Primary,0,0,0,0,0,1,2.8,Low,30.1,24.2,0,0
2601,Male,9,15,79.1,48.2,1,41800,2.0,Graduate,0,0,1,1,0,1,3.5,Medium,19.6,38.9,2,0
2602,Female,10,14,95.8,44.5,1,4800,11.9,Primary,0,0,0,0,1,1,5.8,Low,25.3,34.7,0,1
2603,Male,10,15,64.6,66.3,0,7900,13.4,Secondary,1,0,1,0,1,1,4.2,Medium,36.4,51.8,1,0
2604,Female,6,11,73.6,43.5,0,28100,4.5,Graduate,0,0,0,0,0,1,5.3,Low,25.5,45.9,0,0
2605,Male,6,10,86.8,85.5,1,11700,0.5,No Schooling,0,0,0,0,0,0,3.4,Low,31.1,53.6,0,0
2606,Male,9,15,62.2,69.5,0,11300,0.2,Primary,0,0,0,0,0,0,4.4,Low,20.3,40.2,0,0
2607,Female,9,15,72.5,68.2,0,6100,7.6,No Schooling,0,0,0,0,0,1,4.3,Low,19.2,47.7,0,0
2608,Male,10,17,90.6,78.9,0,9900,2.3,No Schooling,0,0,1,0,0,1,7.0,Low,35.1,45.0,1,0
2609,Female,7,13,73.8,82.7,2,9300,15.0,Primary,0,0,1,0,0,1,6.6,Low,58.3,60.8,0,0
2610,Male,10,16,88.0,62.3,3,10800,2.0,Secondary,0,0,1,0,0,1,3.7,High,35.0,33.3,0,0
2611,Female,9,15,83.8,9.0,0,3600,0.9,No Schooling,0,0,1,0,1,0,2.7,Medium,49.5,4.2,0,0
2612,Female,6,10,90.6,62.4,0,43900,2.0,No Schooling,0,0,1,0,0,1,4.9,High,44.3,31.8,0,0
2613,Male,6,11,88.7,27.2,1,8200,15.0,Secondary,0,0,1,0,1,0,1.4,Medium,32.9,30.0,0,1
2614,Female,9,16,68.1,38.5,1,4000,3.2,Secondary,1,1,1,0,0,0,2.0,Medium,43.4,15.4,0,1
2615,Male,6,10,82.0,34.5,0,5000,2.9,Secondary,0,0,0,1,0,1,2.0,High,56.6,18.7,0,0
2616,Male,9,14,83.8,84.4,0,3700,1.8,No Schooling,0,0,1,0,0,1,6.8,Medium,56.3,34.7,0,0
2617,Male,8,12,59.1,37.3,5,6800,0.3,Secondary,0,0,1,0,0,1,3.7,Medium,38.3,32.4,1,1
2618,Female,8,15,77.5,62.6,0,6500,2.4,Secondary,0,0,0,0,1,1,4.8,Low,57.9,32.2,0,0
2619,Female,7,12,64.2,74.8,2,16100,0.9,Higher Secondary,0,0,1,0,0,1,7.2,Medium,44.8,38.8,0,0
2620,Female,10,15,88.8,42.4,0,3300,3.1,Primary,0,0,0,1,0,1,2.7,Low,39.9,45.3,0,1
2621,Female,9,16,91.8,58.4,0,3100,2.4,Secondary,0,0,1,0,1,1,2.0,Low,51.1,43.5,0,0
2622,Female,9,16,83.1,17.9,2,3000,0.8,Secondary,0,0,1,1,1,1,3.9,Medium,31.1,0.0,1,1
2623,Male,9,13,83.4,43.3,4,10400,1.3,No Schooling,0,0,0,0,0,1,4.3,Low,33.1,0.7,0,1
2624,Female,8,15,59.9,78.4,2,13000,0.6,Higher Secondary,1,0,0,1,0,0,2.3,Low,35.4,12.4,1,0
2625,Female,10,16,72.1,42.1,1,3000,0.1,Secondary,0,0,0,0,0,1,4.2,Low,51.1,15.1,2,1
2626,Male,8,15,95.0,57.8,1,10900,11.0,Higher Secondary,0,1,0,0,1,1,1.6,Low,56.9,38.3,1,0
2627,Female,8,12,79.5,63.9,0,4900,1.3,No Schooling,0,0,1,0,0,1,2.4,Low,43.9,21.2,0,0
2628,Male,7,11,64.7,25.7,0,16700,2.3,No Schooling,0,1,0,0,0,0,3.2,Medium,62.4,36.2,0,0
2629,Male,7,12,86.7,46.4,2,31100,2.4,No Schooling,0,0,1,1,0,1,5.8,Low,55.3,31.6,1,0
2630,Male,9,16,62.4,65.8,1,3000,3.2,Secondary,0,0,1,1,1,1,7.0,Low,46.6,37.4,0,0
2631,Male,7,12,87.2,71.5,0,5400,2.0,Primary,0,0,0,0,0,1,3.6,Low,53.4,52.5,0,0
2632,Male,9,15,91.3,96.6,1,16700,0.3,Primary,0,1,0,0,1,0,6.1,Low,43.3,38.2,0,0
2633,Female,10,14,92.2,68.4,0,16700,3.0,Secondary,0,0,0,0,1,1,5.4,Low,54.1,39.8,0,0
2634,Female,8,13,73.8,67.2,3,7300,4.6,No Schooling,0,0,0,0,0,1,4.3,Low,57.8,18.9,1,1
2635,Female,6,13,82.0,55.6,0,15500,1.5,Secondary,0,0,1,0,0,1,2.3,Medium,29.1,22.0,0,1
2636,Male,9,14,90.8,99.0,0,11300,7.6,Higher Secondary,0,1,0,0,0,1,3.4,Low,32.0,43.8,1,0
2637,Male,6,13,86.9,30.4,0,16100,1.0,Primary,0,0,0,0,0,1,1.7,Low,14.3,0.0,0,0
2638,Male,9,15,93.3,71.7,3,16900,1.9,Secondary,0,0,1,0,1,1,5.0,Low,39.1,25.6,0,0
2639,Female,8,12,96.3,86.2,0,7400,0.1,No Schooling,0,0,0,0,0,1,4.6,Low,57.2,40.4,0,0
2640,Male,8,15,75.7,39.6,4,14600,3.1,Secondary,0,0,0,0,0,0,6.0,Medium,60.6,22.2,0,0
2641,Female,8,15,68.4,65.4,0,7500,4.4,Secondary,0,0,0,0,0,1,5.0,Low,34.3,39.8,0,0
2642,Female,8,15,80.2,75.3,0,14900,1.7,Secondary,0,0,0,1,0,1,5.9,Low,49.6,17.6,2,0
2643,Female,7,12,84.9,74.3,2,4800,1.0,Secondary,0,0,0,0,0,1,4.4,Medium,58.0,45.1,0,0
2644,Female,7,12,78.5,40.1,0,11100,0.7,Higher Secondary,0,0,1,0,0,1,4.5,Low,64.7,34.6,0,0
2645,Male,7,12,76.8,48.1,1,10900,0.1,No Schooling,0,0,1,0,1,1,4.5,Medium,53.5,38.9,0,0
2646,Female,10,16,88.3,100.0,1,15700,1.6,Graduate,1,0,0,0,1,1,5.7,Medium,44.9,43.8,1,0
2647,Female,6,11,92.5,64.8,1,7500,0.8,Primary,0,0,0,1,0,1,1.8,High,61.7,12.5,0,0
2648,Female,7,11,89.2,52.4,0,4200,2.7,Secondary,0,1,0,0,0,1,4.6,Low,44.1,37.5,0,0
2649,Female,6,10,90.9,39.0,1,7700,1.4,Primary,0,0,1,0,1,1,4.1,Low,55.8,57.9,0,0
2650,Female,7,12,85.8,56.9,1,3000,1.8,Secondary,0,0,0,0,1,0,0.0,High,34.3,24.5,0,0
2651,Female,6,13,61.2,65.2,0,6000,3.6,Secondary,0,1,0,0,0,1,6.0,Low,37.6,29.5,0,0
2652,Male,9,16,71.8,53.4,1,3000,1.5,Secondary,0,0,0,0,0,0,2.0,Low,35.6,14.0,0,0
2653,Female,6,13,52.0,66.6,0,8600,0.8,Secondary,0,1,1,0,0,1,4.3,Low,32.5,21.2,1,0
2654,Female,9,15,78.6,87.7,0,17500,2.6,Secondary,0,1,1,1,1,1,8.0,Medium,37.2,46.9,0,0
2655,Male,7,14,83.9,60.6,0,15700,0.2,Primary,1,1,0,0,0,0,5.4,Low,62.4,45.6,0,0
2656,Female,8,15,60.9,45.1,2,3000,2.3,Secondary,1,0,0,0,1,1,4.8,Low,30.4,15.4,0,0
2657,Male,6,13,61.4,89.8,1,9700,0.4,Secondary,0,0,0,1,1,1,5.3,Low,33.8,39.4,1,0
2658,Female,9,15,90.0,86.9,0,46900,0.1,Primary,0,1,1,1,1,1,7.2,Medium,47.6,38.3,0,0
2659,Male,10,14,83.1,58.2,2,5500,1.2,Secondary,0,0,0,0,1,1,2.7,Low,20.1,24.1,1,0
2660,Male,7,12,72.5,56.7,0,11300,0.8,Secondary,1,0,0,0,0,1,3.1,Low,51.6,31.2,0,0
2661,Female,10,17,95.9,78.4,0,19000,2.3,Secondary,0,1,1,0,1,1,3.4,Low,65.2,32.6,2,0
2662,Male,7,13,77.8,51.8,0,3000,0.7,Secondary,0,0,0,0,0,1,2.1,Low,29.2,34.8,1,0
2663,Male,8,12,71.3,70.9,1,10500,0.9,Primary,1,0,1,0,0,0,6.9,Low,59.3,53.9,0,1
2664,Male,9,13,75.5,65.0,0,15800,1.7,Secondary,0,0,1,1,1,1,4.9,Low,23.7,7.2,0,0
2665,Male,6,12,50.3,69.6,1,6400,8.5,Secondary,0,0,0,0,1,1,5.4,High,46.2,19.7,0,0
2666,Female,8,15,60.5,32.7,2,3000,7.3,Graduate,0,0,0,1,0,1,4.5,Low,49.5,8.1,1,1
2667,Female,6,12,99.0,78.1,0,19600,3.2,Secondary,0,0,1,0,0,1,8.0,High,60.7,32.6,0,0
2668,Male,9,16,85.7,59.5,2,3000,0.7,Secondary,0,0,0,0,1,1,1.9,High,26.4,44.8,0,1
2669,Female,7,11,96.7,95.7,0,3000,7.8,No Schooling,0,0,1,0,1,0,3.7,Medium,43.3,15.6,0,0
2670,Male,10,17,95.5,32.5,1,3000,0.2,Secondary,0,0,1,1,0,0,1.9,Low,69.3,25.3,0,0
2671,Female,7,11,97.3,83.2,3,6000,1.2,Secondary,0,0,1,0,0,1,6.3,Low,48.8,38.4,1,0
2672,Male,10,17,98.6,68.6,0,3000,0.4,Primary,0,0,0,0,0,0,3.4,Low,57.9,25.8,0,0
2673,Male,6,13,84.3,53.4,2,3500,5.9,Secondary,0,0,1,0,0,1,8.0,Low,57.7,34.8,0,0
2674,Male,8,14,75.2,56.8,1,4900,0.2,No Schooling,0,0,1,0,0,1,4.5,High,51.6,45.0,0,1
2675,Female,7,13,70.9,63.2,0,20500,1.5,Primary,0,0,0,0,0,0,4.2,Low,36.7,22.8,0,0
2676,Male,6,11,91.6,63.9,3,11200,2.3,Secondary,0,0,0,0,1,0,3.6,Low,38.8,5.8,0,0
2677,Male,6,12,89.9,70.9,0,9500,1.8,Graduate,0,0,1,1,0,1,4.8,Low,72.9,40.7,0,0
2678,Female,9,16,65.4,78.7,2,25900,2.7,Secondary,1,0,0,0,0,1,5.4,Medium,45.3,37.8,0,1
2679,Female,7,12,74.7,54.1,0,26900,1.5,No Schooling,1,0,1,0,0,1,3.5,Low,39.3,25.1,0,0
2680,Male,8,13,82.8,50.0,0,4200,1.5,Primary,0,0,1,0,0,1,3.8,High,28.0,33.3,0,0
2681,Female,10,17,89.9,65.7,1,4000,0.6,Graduate,0,0,0,0,0,1,7.0,Low,47.8,23.9,0,1
2682,Female,7,14,82.3,72.4,1,5200,2.6,Primary,0,0,1,0,0,1,3.8,Low,32.5,47.3,1,0
2683,Male,6,12,87.9,38.1,1,9700,2.0,Higher Secondary,0,0,0,0,0,1,4.2,Low,55.9,30.0,0,0
2684,Female,6,10,98.1,47.4,0,21800,1.5,Secondary,0,0,1,0,1,1,3.7,Low,43.8,26.3,0,0
2685,Male,6,13,85.2,94.7,0,47503,0.8,Graduate,1,0,0,0,1,0,3.6,Low,60.7,48.9,0,0
2686,Female,8,15,72.9,60.6,1,7700,10.7,Secondary,0,0,1,0,0,1,3.5,Medium,26.8,22.9,0,0
2687,Male,9,14,73.1,81.9,0,7400,4.4,Higher Secondary,1,0,1,1,0,1,3.8,Medium,39.5,39.2,1,0
2688,Female,7,13,92.2,95.7,0,22700,6.2,Secondary,0,1,1,0,0,1,6.4,Low,33.3,20.1,0,0
2689,Male,6,11,87.4,35.7,0,15300,0.6,No Schooling,0,0,1,0,0,1,3.5,Medium,55.2,26.2,0,0
2690,Male,9,16,94.4,60.2,1,3800,2.0,Secondary,0,0,0,0,0,0,4.8,Medium,46.4,52.1,0,0
2691,Female,7,13,89.8,72.1,0,14500,1.5,Secondary,0,0,1,1,1,1,4.9,High,48.3,31.9,0,0
2692,Male,8,13,94.0,59.2,0,6600,9.6,Higher Secondary,0,0,0,0,1,1,3.7,Medium,43.6,30.7,1,0
2693,Female,10,17,73.6,42.8,0,9900,1.7,Graduate,0,0,0,0,0,1,2.5,Low,21.6,0.0,1,0
2694,Female,7,13,81.1,97.4,0,3300,1.5,Secondary,0,0,1,0,0,1,6.7,High,71.4,55.6,0,0
2695,Female,8,13,90.3,59.8,1,3000,4.6,Primary,0,0,0,0,0,1,6.3,Medium,42.9,37.6,1,0
2696,Male,9,16,92.1,61.3,0,6500,1.2,Primary,1,0,1,0,1,1,5.1,Low,32.7,12.3,3,0
2697,Female,9,14,96.1,75.6,0,4000,0.7,Primary,1,1,0,0,0,1,5.2,Low,35.2,45.2,0,0
2698,Male,9,14,87.4,95.2,0,7100,0.4,No Schooling,0,0,0,0,1,1,7.0,Low,79.3,53.2,0,0
2699,Male,9,14,62.5,77.4,3,5000,0.1,No Schooling,0,0,1,0,0,0,3.7,Low,29.3,36.9,0,0
2700,Female,8,12,77.2,52.7,0,8400,5.5,No Schooling,0,1,0,0,0,1,4.7,Low,36.0,9.0,3,1
2701,Female,8,13,92.7,45.7,0,9600,3.5,Secondary,0,0,0,0,0,1,2.9,Medium,42.6,0.0,0,0
2702,Female,9,13,71.8,90.4,2,13600,1.4,Graduate,0,0,1,0,1,1,4.7,Low,26.0,37.2,1,0
2703,Male,9,15,76.8,100.0,1,13500,5.9,Secondary,0,0,1,0,0,1,3.9,Low,37.1,53.7,0,0
2704,Female,9,15,68.6,100.0,0,20600,0.7,Graduate,0,0,0,1,1,1,7.7,Low,41.4,40.0,0,0
2705,Female,7,14,93.5,100.0,2,8700,1.7,Secondary,0,0,1,0,0,1,5.8,Low,41.4,36.0,0,0
2706,Male,10,16,88.2,59.9,1,3400,1.7,Secondary,0,0,0,0,0,0,4.6,Low,39.2,3.9,0,1
2707,Female,7,11,88.0,65.9,0,16500,4.3,No Schooling,0,0,0,0,0,1,5.3,Low,39.2,36.8,1,0
2708,Male,6,12,68.0,17.4,1,9900,1.0,No Schooling,1,0,1,0,0,1,1.6,Low,18.0,14.8,0,0
2709,Male,7,11,94.5,50.0,0,14100,0.6,No Schooling,0,0,1,0,0,1,3.1,Low,52.3,20.6,0,0
2710,Female,7,11,97.1,66.7,0,14600,0.6,Primary,0,0,0,0,0,1,4.7,Medium,44.2,45.0,0,0
2711,Female,9,15,87.6,98.6,0,6700,2.9,Graduate,1,0,0,0,1,0,5.3,Medium,58.4,45.2,1,0
2712,Male,7,11,89.3,89.1,0,6600,1.0,Primary,0,0,0,0,1,1,4.4,Medium,56.8,51.6,0,0
2713,Male,9,14,77.4,100.0,4,34000,8.3,No Schooling,0,0,0,1,1,1,7.9,Medium,35.2,43.6,0,0
2714,Male,8,15,82.6,100.0,2,3200,1.8,No Schooling,0,0,0,0,0,1,5.4,Medium,65.3,56.8,0,0
2715,Female,6,11,72.6,66.8,1,5800,1.0,Primary,0,0,0,0,1,1,3.0,Low,19.2,23.3,1,0
2716,Male,7,13,79.9,54.3,0,15000,2.5,Secondary,1,0,0,0,0,1,5.6,Low,23.1,40.7,0,0
2717,Male,8,13,84.1,71.0,0,7100,0.1,Higher Secondary,0,0,0,0,0,1,4.3,Low,24.6,32.9,1,0
2718,Female,9,13,67.4,34.2,1,5400,0.2,Higher Secondary,0,0,1,0,0,1,0.0,Medium,33.2,20.9,0,0
2719,Male,7,11,81.8,100.0,3,14400,0.5,Primary,0,1,0,1,0,0,5.3,Low,71.8,51.3,0,0
2720,Female,7,11,84.3,21.1,0,21500,0.2,Secondary,1,0,1,0,0,1,2.2,Low,28.7,0.0,0,0
2721,Male,7,11,89.5,100.0,5,9200,3.6,Primary,0,0,0,0,0,1,7.7,Low,33.7,29.0,1,0
2722,Female,6,10,85.4,62.0,0,3000,0.3,Secondary,0,0,0,0,1,1,3.3,Low,41.7,33.5,2,0
2723,Male,6,13,71.9,54.2,0,8800,2.9,Secondary,0,0,1,0,1,1,2.8,Low,36.8,31.7,0,0
2724,Male,10,17,81.3,18.0,1,10900,0.9,No Schooling,0,0,1,0,1,1,3.5,Medium,28.4,4.3,2,1
2725,Male,6,11,73.2,81.0,5,3900,0.1,Primary,0,0,0,0,1,1,4.3,Medium,23.5,26.4,0,1
2726,Female,6,12,64.9,87.2,0,24000,14.4,Primary,0,0,1,1,0,0,4.3,Low,36.5,33.7,1,0
2727,Female,10,14,89.6,57.0,4,12000,1.8,Primary,0,0,0,0,0,0,1.8,Low,54.0,48.0,1,0
2728,Male,9,15,67.2,69.9,0,4000,0.9,Higher Secondary,0,0,0,0,0,1,3.2,Medium,37.7,27.8,0,0
2729,Male,8,12,78.0,88.9,2,12100,8.2,Graduate,0,1,0,0,1,1,7.0,Low,54.6,48.0,0,0
2730,Female,9,15,83.0,66.7,1,12000,2.3,Primary,0,0,0,0,1,1,4.0,Low,51.0,6.8,0,0
2731,Male,10,15,68.7,18.4,0,5200,0.8,No Schooling,1,0,1,1,0,1,1.9,Low,38.9,19.4,2,0
2732,Male,6,13,83.2,69.6,0,3300,0.4,Secondary,0,0,1,0,1,1,6.3,Low,40.8,39.8,0,0
2733,Female,7,14,81.2,99.9,4,6600,7.7,Primary,1,1,0,0,1,0,5.5,Medium,53.3,32.3,0,0
2734,Male,10,15,71.8,42.0,1,5200,0.4,Primary,0,0,0,0,1,0,1.6,Low,28.7,18.5,0,0
2735,Male,9,13,84.8,92.9,5,9800,0.2,Primary,0,0,0,0,0,1,7.8,Low,41.0,44.1,0,0
2736,Male,10,15,91.9,49.4,0,6600,1.9,No Schooling,1,1,0,0,0,1,2.1,Medium,36.3,25.0,0,0
2737,Male,7,12,80.8,69.4,0,11600,0.1,Higher Secondary,0,0,1,1,0,1,6.4,Low,43.9,29.0,1,0
2738,Female,10,15,89.8,46.2,0,9600,0.1,Higher Secondary,0,1,0,0,0,1,2.3,Low,12.9,22.8,1,0
2739,Female,7,13,77.0,73.8,0,13900,5.6,Secondary,1,0,0,0,0,1,4.6,Low,41.3,30.8,1,0
2740,Female,9,16,94.8,100.0,4,12400,0.7,Secondary,0,0,0,0,1,0,6.2,Low,60.5,62.0,1,0
2741,Male,10,14,78.5,88.5,1,16600,2.3,No Schooling,0,0,0,0,1,1,3.3,Low,52.1,37.5,0,0
2742,Female,6,12,95.9,91.0,2,4400,1.8,Higher Secondary,0,0,1,0,0,1,4.9,High,84.0,49.5,0,0
2743,Male,6,10,97.5,42.9,0,17300,3.6,Secondary,0,0,1,0,0,1,3.2,Low,41.7,40.2,0,0
2744,Female,8,14,76.6,70.2,0,32600,2.2,Higher Secondary,0,0,0,0,0,1,3.3,Low,60.8,32.7,0,0
2745,Male,10,16,95.9,65.6,4,19500,6.6,Primary,0,1,1,0,0,1,4.4,Low,42.2,35.0,0,0
2746,Female,6,13,66.8,53.1,0,3000,2.9,Graduate,0,1,0,1,0,1,3.4,Low,24.8,20.7,1,0
2747,Male,10,16,78.2,63.0,0,26400,0.3,Higher Secondary,0,0,0,0,0,1,3.1,Low,37.1,17.8,0,0
2748,Male,7,11,69.7,83.2,0,14100,0.2,Primary,0,0,1,0,0,1,4.7,Medium,49.2,44.7,0,0
2749,Male,7,14,71.2,50.4,1,16800,0.4,Secondary,0,0,0,1,0,1,5.1,Low,37.1,3.4,0,0
2750,Male,7,12,79.3,80.2,0,4600,4.4,Secondary,0,0,0,1,0,1,4.5,Low,37.2,47.2,1,0
2751,Male,10,15,95.6,100.0,1,3000,12.8,Secondary,0,0,0,1,1,1,4.9,Low,48.9,56.3,1,0
2752,Female,6,12,94.4,82.9,0,23200,4.0,No Schooling,0,0,1,1,0,1,6.5,Low,48.8,30.5,0,0
2753,Female,8,13,56.6,66.8,0,5800,1.6,Secondary,0,1,1,0,1,1,5.3,Low,49.6,33.4,1,0
2754,Male,6,13,80.4,18.1,0,4500,1.0,Primary,1,0,1,0,1,1,2.5,Medium,22.3,18.6,3,0
2755,Female,10,14,60.3,59.2,0,3000,2.1,No Schooling,0,0,1,0,0,1,2.6,Low,20.5,29.8,0,0
2756,Female,9,13,83.3,63.4,0,3000,1.4,Secondary,0,0,0,0,0,1,3.6,Low,30.5,26.3,1,0
2757,Female,7,14,69.0,57.9,1,8100,2.1,No Schooling,0,0,1,0,1,1,3.1,Medium,39.2,18.6,1,0
2758,Female,7,12,78.8,40.8,0,15500,0.2,No Schooling,0,0,0,0,0,1,1.8,Low,25.9,11.4,1,0
2759,Female,7,14,83.5,51.4,0,10000,1.5,Secondary,0,0,1,0,0,1,1.9,Low,48.5,32.0,1,0
2760,Female,7,14,81.3,86.4,0,7300,6.0,Graduate,0,0,1,0,0,1,3.4,Low,22.6,24.9,0,0
2761,Female,9,16,89.2,64.9,0,21100,3.7,No Schooling,1,0,0,1,0,1,6.2,High,55.9,40.5,0,1
2762,Female,8,14,82.2,49.6,1,23300,1.2,Secondary,1,0,1,1,0,0,5.5,Low,49.5,31.9,1,1
2763,Male,7,13,81.8,41.4,5,4200,4.5,Secondary,0,0,1,0,0,1,4.0,Medium,23.3,30.9,0,1
2764,Male,9,15,88.5,83.0,5,9300,2.5,Primary,0,0,1,0,0,1,3.9,Low,60.3,35.2,1,1
2765,Male,8,14,89.4,83.3,0,8900,5.0,Primary,0,0,0,0,0,1,1.1,Low,44.6,45.5,0,0
2766,Female,6,11,82.2,86.5,1,6500,1.5,Primary,0,0,0,0,1,1,5.7,Low,28.9,21.6,0,0
2767,Male,6,13,62.9,41.5,3,11200,1.2,Higher Secondary,0,0,0,0,0,0,1.9,High,52.7,20.6,0,1
2768,Female,7,11,68.4,100.0,0,23000,2.8,Graduate,0,0,0,0,1,1,5.6,Low,37.9,53.9,0,0
2769,Female,8,13,80.8,84.0,2,3000,1.1,No Schooling,0,1,0,0,0,1,8.0,Medium,49.2,50.6,1,0
2770,Female,6,11,88.3,62.8,0,9500,1.8,No Schooling,0,0,0,0,0,1,1.4,Low,39.2,30.1,0,0
2771,Male,8,15,63.3,100.0,5,9000,3.9,Primary,0,0,0,0,0,1,5.2,Low,47.8,44.9,0,0
2772,Female,7,12,90.8,95.0,1,6800,0.2,Secondary,0,0,0,0,1,1,4.1,Low,55.1,55.1,0,0
2773,Female,9,13,88.4,47.9,1,13900,2.1,Secondary,0,0,1,0,0,0,3.4,Low,34.7,9.5,0,0
2774,Male,6,13,83.4,77.1,1,6700,5.6,Higher Secondary,0,0,1,1,0,1,6.2,Medium,38.2,21.6,0,0
2775,Female,8,13,77.2,98.4,3,4900,8.3,Higher Secondary,1,0,0,0,0,1,5.3,Medium,33.2,31.1,0,0
2776,Male,6,12,87.2,68.5,0,14200,3.9,Primary,1,0,1,0,0,1,3.2,High,30.0,28.7,2,0
2777,Female,7,14,59.0,25.9,0,3300,1.2,Higher Secondary,1,0,0,0,0,1,1.4,Low,43.8,30.4,0,0
2778,Male,6,13,89.0,63.3,0,5000,4.2,Primary,0,0,1,0,0,1,3.9,Low,35.1,29.5,0,0
2779,Male,8,13,62.2,78.0,5,4500,1.4,Graduate,1,0,0,0,1,1,5.8,Low,34.9,41.9,0,1
2780,Male,9,13,62.7,42.9,5,26600,3.5,Primary,0,0,1,0,0,1,2.4,High,32.4,3.4,1,1
2781,Male,6,13,82.4,56.1,0,9000,0.8,Primary,0,0,1,1,0,1,4.3,Low,29.6,20.5,1,0
2782,Male,9,14,52.3,51.0,0,3100,0.9,Secondary,0,1,1,0,0,1,5.3,Low,40.8,25.9,0,0
2783,Female,8,15,64.8,77.5,2,9700,0.6,No Schooling,0,0,1,0,0,1,4.8,Medium,31.3,39.3,1,0
2784,Male,8,15,85.2,92.9,1,3700,0.5,Higher Secondary,0,0,0,0,0,0,4.6,Low,23.4,37.0,1,0
2785,Male,8,13,62.7,45.5,1,9900,1.6,Higher Secondary,1,0,0,0,1,0,3.2,Low,50.5,23.2,0,0
2786,Female,7,11,85.0,47.0,1,3200,0.8,Secondary,0,0,1,1,1,1,1.7,Low,40.3,27.9,0,1
2787,Female,9,14,56.9,62.2,0,3000,3.6,Primary,0,0,1,0,0,1,6.1,Low,35.4,13.8,0,0
2788,Female,9,13,81.8,47.1,0,13400,1.5,Secondary,0,0,0,0,0,1,3.2,Low,28.0,14.0,1,0
2789,Female,9,14,72.3,55.8,0,5200,0.9,Graduate,0,1,1,0,1,1,3.0,Medium,24.1,18.2,0,1
2790,Male,7,12,76.2,74.0,1,19500,5.0,No Schooling,1,0,0,1,1,0,3.0,Medium,50.6,19.8,0,0
2791,Female,9,15,69.7,91.9,1,3000,1.7,Primary,0,0,1,0,1,1,8.0,Low,47.5,36.8,0,0
2792,Male,6,10,81.1,23.6,1,12100,0.6,Higher Secondary,0,0,1,0,0,0,2.5,Medium,44.5,29.0,0,0
2793,Female,8,15,72.6,40.1,0,5700,0.6,Secondary,1,0,1,1,0,0,1.7,Low,34.4,48.9,0,0
2794,Female,6,10,73.1,32.5,1,13500,2.1,No Schooling,1,0,1,0,0,1,1.2,Low,26.8,32.5,0,0
2795,Female,6,13,67.8,25.3,0,6000,0.3,Secondary,0,0,1,0,0,1,4.1,Low,31.9,8.7,0,1
2796,Female,9,14,68.6,55.4,1,12400,2.2,Primary,0,0,0,0,1,1,4.4,High,26.4,7.1,0,1
2797,Female,10,15,70.2,68.8,0,6700,4.9,Higher Secondary,0,0,0,0,0,1,4.8,Low,35.6,30.2,0,0
2798,Male,6,13,86.4,87.5,0,8700,7.1,Secondary,0,0,1,0,1,1,6.3,Medium,49.4,43.3,3,0
2799,Female,8,14,76.1,35.0,1,20300,0.4,Secondary,0,0,1,0,1,0,2.3,Low,50.4,16.1,0,0
2800,Female,9,13,85.4,76.0,0,8400,0.3,Primary,0,0,0,0,0,1,4.9,Medium,46.4,39.6,0,0
2801,Female,10,16,98.6,71.1,1,5200,2.9,Secondary,0,0,1,0,1,1,5.7,Medium,37.8,35.0,1,0
2802,Male,9,15,80.1,26.9,2,4200,6.4,Graduate,0,0,1,1,1,1,3.9,Low,49.3,21.9,1,0
2803,Male,6,13,82.5,67.3,0,11400,0.6,Primary,0,0,0,1,0,1,4.0,Medium,25.2,34.6,0,0
2804,Female,6,12,75.3,66.3,0,17800,4.4,Primary,1,0,1,0,0,1,4.2,High,50.4,29.6,0,0
2805,Male,9,16,82.5,65.9,2,12900,10.2,Primary,1,0,1,1,1,1,5.0,Medium,55.8,41.2,0,1
2806,Male,6,12,56.4,30.0,0,27400,13.4,Graduate,0,0,0,0,0,0,3.9,Low,51.4,36.2,0,0
2807,Male,10,14,96.1,65.8,0,10000,0.1,Primary,1,0,0,1,0,1,3.6,Low,35.4,18.6,1,0
2808,Female,10,16,82.4,29.9,2,5500,4.2,Primary,0,0,1,0,1,0,2.0,Low,44.8,12.7,0,0
2809,Male,10,17,87.9,76.7,0,21100,2.0,Graduate,0,1,0,0,1,0,5.5,Low,32.0,15.8,0,0
2810,Male,7,11,94.2,87.4,0,3200,1.3,Secondary,0,0,0,0,0,0,4.6,Low,55.6,55.4,1,0
2811,Male,9,14,81.9,46.6,0,4600,1.0,Higher Secondary,0,1,0,0,0,1,4.9,Medium,37.3,25.2,0,0
2812,Female,9,13,76.5,93.7,4,8600,3.8,Graduate,0,0,0,0,1,0,5.6,Low,61.6,53.7,0,0
2813,Female,6,13,52.3,43.4,0,4000,1.1,No Schooling,0,1,0,1,1,1,3.0,High,29.0,12.8,0,0
2814,Male,7,13,85.5,61.0,0,11800,3.7,Higher Secondary,0,0,1,0,0,1,4.2,Low,45.5,31.5,0,0
2815,Male,6,12,63.3,52.8,0,6000,0.3,Higher Secondary,0,0,0,0,0,1,5.1,Low,20.0,18.2,0,1
2816,Female,7,14,71.7,100.0,4,17000,2.5,No Schooling,1,0,1,0,0,0,4.2,High,35.8,59.1,0,1
2817,Male,10,17,82.6,65.6,0,11400,0.6,Secondary,0,0,1,0,1,1,3.8,Low,43.7,47.0,1,0
2818,Female,10,15,79.9,100.0,3,30500,1.2,Secondary,0,0,0,0,0,1,6.8,Medium,38.5,18.6,0,1
2819,Male,7,14,80.4,64.0,0,3000,1.6,Primary,0,0,0,0,1,1,3.4,Medium,49.6,35.9,1,0
2820,Female,8,13,91.6,49.1,0,11300,0.1,Primary,0,0,1,0,0,0,3.6,Low,31.5,38.5,1,1
2821,Male,6,13,89.6,99.1,1,8900,1.1,Primary,0,0,1,1,0,1,5.7,Low,39.5,28.2,1,0
2822,Female,7,14,93.5,82.6,0,8800,0.2,Higher Secondary,0,0,1,1,0,1,7.3,Low,53.5,29.8,0,0
2823,Male,6,10,51.9,42.6,0,6100,6.2,No Schooling,0,0,0,0,0,0,3.8,Medium,48.4,24.6,0,0
2824,Female,9,16,62.5,80.5,2,10200,6.5,Higher Secondary,0,0,1,0,0,1,4.1,Low,31.8,18.9,1,0
2825,Female,9,15,90.6,100.0,0,3000,0.4,Primary,1,0,0,1,0,1,8.0,High,49.6,63.6,0,0
2826,Female,10,17,80.2,64.0,2,3000,1.3,Secondary,0,0,0,0,1,1,2.4,Medium,42.1,43.2,0,0
2827,Male,10,14,90.7,78.9,4,4500,4.9,Higher Secondary,0,0,1,0,0,0,3.9,High,71.2,36.0,0,1
2828,Male,6,12,82.0,55.9,0,3000,0.1,Higher Secondary,0,0,1,0,0,1,3.1,Medium,36.8,18.7,0,1
2829,Female,9,13,64.4,43.4,0,10600,1.5,Primary,1,0,0,0,0,1,0.0,Low,30.8,32.5,0,1
2830,Female,6,13,81.3,55.8,0,4000,1.6,No Schooling,1,0,0,0,1,1,1.3,Medium,44.8,27.1,0,0
2831,Male,7,14,52.3,41.1,2,7700,0.7,Higher Secondary,0,0,0,0,0,1,3.0,Low,26.9,26.5,0,0
2832,Male,8,14,83.0,64.7,0,9800,2.1,Primary,0,1,0,0,0,1,5.1,Low,50.5,58.3,0,0
2833,Male,6,10,94.8,61.7,0,7200,4.7,Higher Secondary,0,0,0,1,0,1,4.1,Medium,31.3,31.0,0,0
2834,Female,6,12,84.5,80.9,2,12700,1.1,No Schooling,0,0,0,0,1,1,6.3,Medium,46.1,41.4,1,0
2835,Female,7,12,85.2,97.0,0,5700,5.0,Primary,0,0,0,0,0,1,6.2,Low,35.8,67.5,0,0
2836,Female,6,13,60.1,48.7,0,7600,1.4,Secondary,1,0,1,0,0,1,2.9,Low,28.1,42.4,0,1
2837,Female,10,14,63.4,61.3,1,5600,2.6,Secondary,0,1,0,0,0,1,4.2,Low,49.7,34.9,1,1
2838,Male,7,12,43.1,30.3,1,15300,1.7,Secondary,0,1,0,0,1,1,3.5,Low,19.1,25.0,0,0
2839,Male,8,13,93.0,66.5,0,3100,0.9,Secondary,0,0,1,0,0,1,4.6,High,41.2,26.9,1,0
2840,Male,10,17,98.9,76.7,0,10300,1.1,Primary,1,0,0,0,1,0,5.3,Low,53.7,25.4,1,0
2841,Female,8,13,66.3,46.0,0,23300,2.5,Graduate,0,0,1,1,0,1,5.0,Low,22.6,8.2,0,0
2842,Male,7,14,85.5,100.0,1,11100,1.8,Secondary,0,1,0,0,0,0,7.7,Low,61.6,37.3,1,0
2843,Male,10,17,78.7,100.0,0,5200,4.5,No Schooling,0,0,0,0,1,1,4.3,Low,50.2,40.5,0,0
2844,Male,7,13,72.8,26.4,0,10100,3.2,Graduate,0,0,0,0,0,1,0.0,Low,24.2,10.0,0,0
2845,Male,6,10,67.4,65.0,0,5000,2.2,No Schooling,0,1,0,0,0,0,2.6,Low,35.2,18.8,0,0
2846,Female,8,12,59.4,67.7,0,17000,0.8,Graduate,1,0,0,0,0,1,3.7,Low,19.1,30.1,0,0
2847,Male,7,11,55.3,37.1,0,10900,5.0,No Schooling,0,0,1,1,0,1,3.6,High,41.8,0.0,0,0
2848,Male,9,16,86.3,95.2,0,8900,3.6,Primary,0,0,0,0,1,1,5.0,High,48.8,51.6,0,0
2849,Female,6,12,74.5,54.9,0,21300,0.2,Secondary,0,1,0,0,0,0,1.1,Medium,44.7,34.4,1,0
2850,Male,8,13,84.8,82.5,0,8400,0.2,Primary,0,0,0,0,0,1,5.4,Low,43.3,14.8,1,0
2851,Male,9,15,90.0,65.6,4,3000,4.3,Primary,0,0,0,0,0,1,4.6,Low,51.4,25.8,1,0
2852,Male,10,16,67.3,27.4,0,8300,2.6,Primary,0,0,1,0,1,0,1.6,Medium,34.8,10.7,0,0
2853,Female,6,13,73.3,44.0,0,6500,2.6,Primary,0,1,1,0,1,1,6.1,Low,52.0,22.8,0,1
2854,Male,7,11,92.5,100.0,1,7800,2.1,Primary,0,0,1,0,1,1,5.9,Medium,58.7,51.1,0,0
2855,Female,10,14,95.5,100.0,3,11300,0.8,Primary,0,0,0,0,0,0,4.6,Low,48.8,31.6,0,1
2856,Female,9,16,81.9,37.4,0,13000,0.4,Secondary,0,0,0,0,0,1,3.9,Medium,63.9,26.1,0,0
2857,Female,6,11,92.9,71.1,0,3700,3.5,Primary,0,0,0,0,0,1,5.2,Low,39.9,27.2,0,0
2858,Male,6,13,83.3,68.8,1,8100,0.4,Graduate,0,0,1,0,0,0,4.7,Low,30.7,39.1,0,0
2859,Female,9,16,66.6,49.2,0,6900,5.0,Higher Secondary,0,0,1,1,1,1,4.7,Low,45.1,28.6,0,1
2860,Male,8,12,78.4,89.3,0,9200,5.7,Graduate,0,0,1,0,1,1,5.0,Low,39.1,44.8,1,0
2861,Male,8,13,65.6,33.6,0,10600,3.5,No Schooling,0,1,0,0,0,1,3.0,Low,30.3,0.9,1,0
2862,Female,10,16,75.3,52.1,2,7600,0.2,Graduate,0,0,0,0,1,1,4.0,Medium,52.9,43.3,1,0
2863,Male,7,11,86.5,59.7,0,3400,0.2,Primary,0,0,0,1,0,1,4.6,Low,55.9,40.5,0,0
2864,Male,6,13,65.4,54.1,1,7400,0.2,Primary,0,0,1,0,0,0,6.1,Medium,23.7,23.2,0,0
2865,Male,8,12,85.0,69.8,2,18000,4.5,Primary,0,1,1,0,1,1,6.7,Low,44.7,18.5,0,0
2866,Male,10,14,81.8,76.5,0,3600,2.7,Secondary,0,0,0,0,0,1,2.8,Low,52.3,25.9,0,0
2867,Male,7,13,83.4,75.0,1,20600,0.2,No Schooling,1,0,0,0,0,1,5.5,Medium,42.3,41.1,0,0
2868,Female,9,13,95.5,100.0,1,3000,2.6,Graduate,0,0,1,1,1,1,4.7,Low,92.6,52.9,0,0
2869,Female,6,12,80.5,53.1,0,9100,2.5,No Schooling,0,0,0,0,1,0,3.3,Medium,50.5,37.0,0,0
2870,Male,6,11,92.0,72.9,0,5200,2.2,No Schooling,0,0,1,0,0,0,3.9,Medium,42.3,49.7,0,0
2871,Female,10,15,67.0,60.8,3,7800,3.4,Secondary,1,0,0,0,1,1,5.9,Low,39.9,17.9,0,0
2872,Male,6,13,63.8,54.2,3,13200,2.4,Primary,0,0,1,0,0,1,5.3,Low,61.5,26.3,0,0
2873,Male,6,10,82.0,54.8,0,15300,3.1,Primary,0,0,0,0,1,0,3.1,Medium,43.0,16.0,3,0
2874,Male,9,14,87.7,93.0,0,19400,3.3,Secondary,0,0,1,1,1,1,4.3,Medium,60.2,61.3,0,0
2875,Male,7,11,67.0,48.7,0,3000,10.0,Primary,0,0,0,0,1,0,3.4,Low,25.0,52.7,0,0
2876,Male,7,11,79.6,86.0,2,4300,3.1,No Schooling,0,0,0,0,0,0,3.7,Medium,31.8,43.9,1,0
2877,Male,9,13,68.6,47.5,3,5300,12.7,No Schooling,0,0,1,0,0,1,3.6,Low,26.2,21.2,1,1
2878,Male,6,11,86.5,63.6,0,4700,1.6,Primary,1,0,1,1,1,1,2.7,Low,32.2,8.4,1,0
2879,Female,9,14,79.1,80.8,1,10600,0.9,Secondary,0,0,1,1,0,0,5.1,Low,37.7,31.9,0,0
2880,Male,7,12,79.8,78.8,0,13800,3.1,Secondary,1,0,1,0,0,1,4.5,Low,36.0,22.9,0,0
2881,Male,6,10,68.9,33.7,0,3000,0.8,Primary,1,0,1,0,0,1,1.8,Low,7.7,10.0,1,1
2882,Male,9,13,55.4,28.3,0,3700,1.2,Primary,1,0,0,0,0,1,2.7,Low,23.0,30.9,0,0
2883,Female,7,11,75.7,96.5,0,7000,1.4,Primary,0,0,0,0,1,1,5.1,Low,54.0,40.9,2,0
2884,Male,10,16,89.7,34.1,0,7800,1.5,Graduate,0,0,0,0,1,1,0.5,Medium,51.2,25.7,0,0
2885,Female,10,17,69.1,24.2,1,23800,2.6,Secondary,1,0,0,0,0,1,2.2,Low,41.6,31.9,1,0
2886,Male,10,14,97.1,68.9,1,3300,3.7,Higher Secondary,0,0,1,0,0,0,5.1,Medium,62.6,35.0,0,0
2887,Male,7,11,73.3,44.7,4,5400,4.5,Graduate,1,0,0,0,0,1,2.3,Low,25.2,45.9,0,0
2888,Female,7,14,75.1,75.6,1,19600,9.7,Primary,0,0,0,0,0,1,5.2,High,53.2,38.5,0,0
2889,Male,10,16,64.6,27.5,0,5500,0.9,Primary,0,0,1,0,0,0,4.3,Low,22.4,2.7,1,0
2890,Male,8,14,83.5,77.6,1,13100,9.5,Secondary,0,1,0,1,0,1,4.2,Low,26.7,28.4,0,0
2891,Male,9,13,96.8,83.9,0,5600,2.2,Secondary,0,0,1,1,0,0,7.1,Low,26.1,38.4,2,0
2892,Female,10,17,66.7,26.0,0,6500,4.3,Primary,0,0,0,1,0,1,2.5,Low,36.0,12.2,0,0
2893,Female,7,13,89.2,87.1,3,11700,1.8,Secondary,1,1,1,0,1,0,6.6,Medium,43.8,19.5,0,0
2894,Female,6,10,78.6,95.8,0,6500,1.2,Primary,0,0,0,0,1,1,3.6,Low,35.2,57.1,1,0
2895,Female,8,12,64.0,31.9,0,4700,0.1,Higher Secondary,1,0,0,0,1,0,2.4,Medium,43.0,25.2,0,0
2896,Male,8,14,79.2,65.4,3,12800,0.1,Graduate,0,0,0,0,1,1,2.4,Low,41.9,31.1,0,0
2897,Female,7,14,98.5,15.8,1,4200,2.2,No Schooling,0,0,0,1,0,1,5.6,Medium,35.2,35.4,0,0
2898,Male,8,15,77.2,78.8,0,13300,1.1,No Schooling,0,0,1,1,0,1,2.9,Low,34.5,38.4,0,0
2899,Female,9,15,82.6,59.7,0,6100,4.3,Primary,0,0,0,0,0,1,3.6,Low,55.5,27.3,1,1
2900,Male,7,13,92.1,54.9,0,4100,3.2,Higher Secondary,1,0,1,0,0,1,3.1,Low,58.3,11.8,0,0
2901,Male,7,13,62.3,31.4,2,14100,0.8,Graduate,1,0,0,1,1,1,3.4,Medium,33.4,14.7,1,0
2902,Female,9,13,76.9,48.0,2,5700,0.6,Secondary,0,0,1,0,0,1,3.9,Low,47.9,21.7,0,0
2903,Male,9,14,76.9,60.6,3,6800,1.6,Higher Secondary,0,0,1,0,0,1,3.6,Low,54.1,25.9,0,0
2904,Female,10,14,83.5,96.0,2,3000,0.5,Primary,0,0,1,0,1,0,7.3,High,52.8,54.2,0,0
2905,Male,6,13,84.3,24.5,0,3400,0.7,Primary,0,0,1,0,1,1,2.8,Low,16.6,12.8,1,0
2906,Female,10,16,87.6,86.7,0,17600,6.0,No Schooling,0,0,0,0,1,1,5.0,Low,43.1,42.4,2,0
2907,Female,9,16,76.0,100.0,2,8900,0.9,No Schooling,0,0,1,0,1,0,6.2,Medium,42.5,36.3,0,0
2908,Male,9,14,74.4,99.5,0,17500,1.8,Primary,0,0,0,0,1,1,6.6,Medium,40.5,9.8,0,0
2909,Female,7,14,63.3,95.8,0,7300,2.2,No Schooling,0,0,1,0,0,1,5.7,Low,46.0,48.8,0,0
2910,Female,6,13,82.8,62.1,1,8300,0.1,No Schooling,1,0,0,1,0,1,5.2,Low,48.4,39.3,0,0
2911,Female,8,14,86.3,67.4,2,25100,5.2,Graduate,0,0,0,0,0,1,2.7,Low,45.3,36.8,0,0
2912,Male,7,14,78.0,17.6,2,10600,3.3,Secondary,0,0,0,0,0,1,1.3,Low,21.5,9.7,1,0
2913,Female,7,13,76.2,68.9,0,24800,4.5,Primary,0,0,0,0,0,1,2.9,Low,52.5,43.4,0,0
2914,Female,10,16,85.5,94.6,0,5700,3.4,No Schooling,0,0,1,0,0,1,8.0,Low,64.5,23.1,0,0
2915,Male,6,10,97.8,46.8,0,6600,10.9,Primary,0,1,0,0,0,1,3.1,Low,45.4,40.0,0,0
2916,Male,10,17,82.8,51.0,2,4600,0.6,No Schooling,0,0,1,0,1,0,4.0,Low,34.2,27.6,1,1
2917,Male,8,12,72.2,75.4,0,11600,7.2,No Schooling,0,0,1,1,1,1,5.4,Medium,37.5,27.0,0,0
2918,Female,10,16,62.3,43.2,0,4200,2.4,Higher Secondary,1,0,0,1,1,1,1.9,Medium,51.6,19.0,0,0
2919,Male,7,13,96.4,100.0,0,25600,3.2,Graduate,1,1,1,0,1,1,5.5,Low,81.1,48.0,0,0
2920,Female,9,13,70.7,72.9,1,3000,0.7,Primary,0,1,1,0,0,1,4.7,Low,29.3,35.6,0,0
2921,Female,8,15,82.3,77.0,1,7800,4.9,Higher Secondary,1,0,1,0,0,1,3.5,Low,31.6,38.7,0,0
2922,Male,10,14,74.1,92.8,1,5200,0.5,Primary,0,0,0,0,0,0,5.8,Low,51.4,47.9,0,0
2923,Male,6,12,73.5,62.7,0,9400,0.4,Graduate,0,0,0,0,0,1,5.0,Low,35.9,39.1,0,0
2924,Female,6,13,73.2,71.2,1,4600,3.3,Higher Secondary,0,0,0,0,0,0,7.1,Low,35.6,21.7,0,1
2925,Male,10,14,76.1,51.2,0,9200,5.8,Higher Secondary,0,0,1,0,1,0,3.8,Low,37.3,0.0,2,0
2926,Female,6,11,87.1,26.4,0,10500,0.5,No Schooling,0,0,0,0,0,1,3.1,High,15.6,0.2,0,1
2927,Female,9,15,61.2,41.0,2,11600,0.5,Secondary,0,0,1,0,1,1,2.4,Medium,41.7,18.6,2,1
2928,Female,6,13,84.6,100.0,0,27200,0.6,Graduate,0,0,1,1,1,1,4.5,High,52.9,50.7,0,0
2929,Male,6,11,89.3,1.3,3,7600,3.4,Higher Secondary,0,0,1,0,1,0,6.6,Low,48.3,26.4,0,0
2930,Female,8,12,80.3,60.5,2,6500,9.7,Graduate,1,0,0,1,0,1,4.6,Low,49.1,25.0,0,0
2931,Female,8,12,71.3,47.4,0,6900,1.1,Graduate,1,0,0,1,1,1,2.9,Medium,4.4,20.4,0,0
2932,Male,8,12,87.7,35.1,0,3000,0.7,Primary,0,0,1,0,1,1,0.8,Low,24.4,34.0,1,0
2933,Female,8,15,79.3,88.3,1,15500,1.1,No Schooling,0,0,0,0,0,1,5.5,Low,43.0,39.6,0,0
2934,Female,9,16,84.2,89.2,1,4000,1.4,Primary,1,0,0,0,0,1,6.2,Low,44.5,45.0,0,0
2935,Female,10,15,87.4,60.7,0,16600,1.1,Secondary,0,0,0,0,0,1,3.9,High,41.4,29.6,0,0
2936,Male,7,14,94.0,47.2,0,4300,3.1,Secondary,0,0,0,0,1,1,5.4,Medium,32.8,18.2,0,0
2937,Male,7,14,73.0,9.4,0,3000,1.6,Primary,0,0,1,0,0,1,0.0,Low,0.1,0.0,0,0
2938,Male,7,14,80.5,55.5,0,3000,0.9,No Schooling,0,0,0,0,1,1,1.8,Low,29.9,20.2,0,0
2939,Male,9,13,88.0,29.7,3,14700,3.7,No Schooling,0,0,1,0,0,0,2.9,Low,33.8,13.4,0,0
2940,Male,7,11,69.1,78.0,2,19600,0.9,Primary,1,0,0,0,0,1,4.4,Medium,50.3,38.1,1,0
2941,Female,9,15,79.2,67.0,2,10300,1.0,Primary,0,0,0,0,0,1,3.7,Low,46.4,12.2,0,0
2942,Male,8,13,96.4,34.4,0,3900,2.5,Graduate,0,0,1,0,1,1,1.5,Low,50.5,12.7,0,0
2943,Female,8,12,95.2,91.5,0,3500,1.9,Higher Secondary,0,0,0,0,1,0,5.5,Medium,60.4,23.2,0,0
2944,Male,10,16,78.5,44.1,4,5800,4.8,Primary,0,0,0,0,1,1,5.8,Medium,35.1,13.3,1,0
2945,Male,8,13,98.0,100.0,0,15100,0.1,Primary,1,0,0,0,0,1,5.6,Low,54.2,48.6,0,0
2946,Male,8,15,87.3,100.0,1,6600,4.4,Primary,0,0,0,0,0,1,5.7,Low,38.6,22.9,1,0
2947,Male,7,13,83.0,72.2,1,3000,2.5,Primary,0,0,0,0,0,0,5.3,Low,59.5,40.4,0,0
2948,Female,8,12,90.5,100.0,0,4300,0.1,Primary,0,0,0,0,0,1,4.8,Low,69.2,33.8,0,0
2949,Female,7,14,68.7,77.2,0,9100,4.1,Primary,0,0,1,0,0,0,3.7,High,35.6,42.8,1,0
2950,Female,10,16,81.8,52.8,0,18600,8.5,No Schooling,0,0,0,0,1,1,4.6,Low,60.4,17.2,0,0
2951,Male,7,12,87.1,84.4,3,12400,3.0,Higher Secondary,0,0,1,0,1,1,5.9,Low,62.5,55.9,0,0
2952,Female,6,10,84.4,38.4,1,4400,1.4,No Schooling,0,0,0,0,0,1,3.0,Low,64.5,36.2,0,0
2953,Male,7,13,92.5,80.0,4,7800,1.9,Higher Secondary,1,0,0,0,1,1,4.3,Low,43.9,38.6,0,1
2954,Female,8,14,84.5,70.3,0,44963,0.1,Graduate,0,0,1,0,1,1,3.7,Low,39.2,23.2,1,0
2955,Male,10,17,74.3,81.3,0,7700,1.0,Secondary,0,0,0,1,0,1,3.5,Low,38.5,46.5,0,0
2956,Male,7,11,75.6,44.4,1,3000,6.4,Secondary,1,0,0,0,1,1,2.5,Low,43.9,34.5,2,0
2957,Male,7,12,63.0,34.5,0,4900,1.5,No Schooling,0,0,0,0,0,1,2.0,Low,22.6,35.0,0,0
2958,Male,7,14,87.3,61.0,1,3000,2.5,Primary,0,1,0,0,1,1,5.3,Low,25.5,20.1,0,0
2959,Male,10,16,62.7,65.6,0,9900,2.6,Primary,0,0,0,0,0,1,1.3,Low,41.0,25.9,1,0
2960,Female,10,14,86.6,83.0,0,20100,0.7,Higher Secondary,0,0,0,1,0,0,3.3,Low,27.9,29.6,1,0
2961,Female,6,13,81.5,15.6,0,22500,0.1,Primary,0,0,1,1,0,1,3.2,Low,43.0,23.2,0,0
2962,Female,8,14,87.1,100.0,1,7600,5.3,Primary,0,1,0,0,0,1,7.0,Low,14.0,30.9,1,0
2963,Male,9,14,72.1,33.2,0,4300,1.5,Graduate,1,0,1,0,1,1,0.6,Low,42.3,21.2,1,0
2964,Female,9,16,85.0,61.9,1,6900,9.3,Secondary,0,0,1,0,1,1,3.1,Low,18.2,34.7,0,0
2965,Male,8,14,88.1,70.6,0,8900,1.5,Secondary,0,0,0,0,1,1,2.5,Low,62.5,26.6,2,1
2966,Female,9,14,96.9,28.4,0,19100,5.5,Secondary,0,0,0,0,0,1,0.9,Medium,41.0,13.9,0,1
2967,Male,8,15,88.8,32.6,2,10400,0.4,Secondary,0,0,0,0,1,1,0.6,Low,34.1,30.2,0,0
2968,Male,6,11,79.1,79.3,3,3000,1.9,Secondary,0,1,1,1,0,0,5.1,Low,36.3,27.0,0,0
2969,Female,6,10,79.8,90.1,0,14100,15.0,Primary,0,0,1,1,0,1,6.3,Low,52.1,61.4,1,0
2970,Male,7,13,88.6,69.6,4,3000,1.5,Primary,0,0,0,0,0,1,4.1,Low,30.7,52.5,0,0
2971,Male,6,10,71.9,82.5,0,9200,12.3,Higher Secondary,0,0,0,0,0,1,6.6,Low,65.3,40.8,0,0
2972,Female,7,13,69.4,43.9,0,26000,0.2,Secondary,0,0,1,1,1,1,4.4,Medium,26.8,20.0,0,0
2973,Male,10,16,96.5,89.6,0,3000,2.9,Secondary,0,0,1,0,1,1,3.8,Low,56.0,40.6,1,0
2974,Female,10,16,82.3,76.4,0,7400,3.6,Graduate,0,0,0,1,0,1,2.6,Low,43.2,46.0,0,0
2975,Male,6,10,69.4,58.3,0,7700,2.7,Primary,1,0,1,0,0,1,4.1,Medium,46.9,21.6,0,0
2976,Female,6,12,76.9,78.7,2,8100,6.7,Graduate,0,0,1,0,0,1,6.9,Medium,38.4,44.8,0,0
2977,Female,9,14,84.5,84.1,0,14300,2.2,Primary,0,0,1,0,0,1,5.8,Medium,50.7,58.6,0,0
2978,Female,8,12,77.4,75.5,2,5000,1.3,Primary,0,0,0,0,0,1,5.9,High,18.4,8.5,0,0
2979,Female,6,11,92.1,57.9,0,12900,0.1,No Schooling,0,0,0,0,0,1,3.3,Low,26.7,24.6,0,0
2980,Female,9,16,71.2,27.4,4,6700,7.3,Secondary,1,0,0,0,0,1,4.2,High,19.8,22.9,0,1
2981,Female,6,13,95.6,96.0,0,8800,5.9,Secondary,0,0,0,0,0,1,2.4,Medium,47.5,41.9,0,0
2982,Male,6,10,63.3,60.7,0,3000,2.3,Graduate,1,0,0,0,0,1,2.6,Medium,36.0,38.6,0,0
2983,Male,9,16,66.2,53.6,0,17100,0.4,Primary,0,0,0,0,1,1,4.5,Low,30.3,10.7,0,0
2984,Female,8,14,96.6,78.2,0,9000,2.9,Primary,0,0,1,1,0,0,5.3,Medium,24.8,20.9,2,0
2985,Male,7,11,92.0,51.7,0,12200,4.5,No Schooling,0,0,1,0,1,1,4.4,Medium,61.6,35.4,0,0
2986,Male,9,16,70.2,75.3,1,17700,1.0,Primary,0,0,0,1,0,0,4.5,Medium,31.4,41.4,1,0
2987,Male,10,16,75.2,81.9,1,6600,1.6,Primary,0,0,1,0,0,1,4.7,Low,64.8,11.3,0,0
2988,Female,6,13,66.0,41.3,3,6800,1.1,No Schooling,0,0,0,0,0,1,1.8,Low,28.9,23.1,0,0
2989,Male,8,12,85.2,69.8,1,3000,1.2,Primary,0,0,1,1,0,0,2.2,Medium,63.6,68.9,0,0
2990,Female,6,10,69.6,71.0,1,9100,0.7,Higher Secondary,0,1,0,0,0,0,2.5,Low,31.0,28.4,0,0
2991,Female,8,15,67.3,13.9,0,21100,0.8,No Schooling,0,0,1,0,1,1,2.0,Medium,36.7,25.7,0,1
2992,Female,7,11,80.6,100.0,1,7800,0.8,Secondary,0,0,0,0,1,1,6.9,Low,38.8,31.8,1,0
2993,Male,7,13,78.1,59.9,1,4500,2.0,No Schooling,0,0,0,0,0,1,3.3,Low,44.1,16.8,1,0
2994,Female,6,12,76.5,22.7,0,15100,1.9,Secondary,0,0,1,0,0,0,1.2,Low,36.2,31.1,0,0
2995,Female,9,16,94.6,65.8,0,3000,6.6,No Schooling,0,0,1,0,0,0,2.9,Medium,21.2,25.4,0,0
2996,Male,7,12,65.6,39.7,0,5300,2.2,Secondary,0,0,0,0,1,1,4.0,High,25.8,24.9,0,0
2997,Female,10,17,84.8,51.6,1,5100,1.1,Primary,0,1,0,1,1,1,4.4,Low,35.9,24.3,1,0
2998,Male,7,13,98.0,50.2,1,15100,1.1,No Schooling,0,1,0,0,1,1,0.8,Low,44.8,30.6,0,0
2999,Female,10,16,78.9,94.6,0,9500,1.2,Primary,0,1,0,0,0,1,7.3,Low,40.5,32.3,0,0
3000,Male,8,14,66.5,100.0,0,5400,3.8,No Schooling,0,0,0,0,0,1,4.0,Medium,30.3,14.6,0,0
3001,Female,7,11,88.0,93.8,0,5700,0.4,No Schooling,0,1,0,0,0,1,6.6,Medium,26.7,45.5,2,0
3002,Female,9,14,82.0,79.6,0,9100,0.2,Secondary,0,0,1,0,1,1,2.9,Medium,36.7,39.9,0,0
3003,Male,9,15,90.9,69.8,0,9300,0.6,Secondary,1,0,1,0,0,1,1.5,Low,46.8,47.5,1,0
3004,Female,8,13,97.5,95.9,1,9000,2.8,Secondary,1,0,1,1,0,1,7.4,Low,52.9,32.8,0,0
3005,Male,7,11,72.4,59.8,2,5100,2.2,No Schooling,0,0,0,0,0,1,7.9,Medium,43.3,27.5,0,0
3006,Female,8,14,92.8,72.6,1,17200,1.9,Primary,0,0,1,1,0,1,5.7,Low,68.2,22.4,1,0
3007,Female,8,13,77.3,66.7,0,24800,0.8,Secondary,1,0,1,1,0,1,4.2,Medium,31.2,46.5,2,0
3008,Male,7,14,78.0,48.2,0,21800,0.4,Higher Secondary,0,0,0,1,0,1,3.5,Medium,45.3,22.3,0,0
3009,Male,9,15,66.2,60.9,0,19100,0.7,Primary,0,0,1,0,1,0,4.9,Medium,25.4,23.9,1,0
3010,Female,7,12,76.3,43.7,1,42800,0.1,Secondary,1,0,0,0,0,1,3.2,Low,45.8,37.8,0,0
3011,Male,8,12,94.3,95.3,1,5000,1.6,Primary,0,0,0,0,0,1,6.5,Low,58.3,50.3,0,0
3012,Female,8,12,88.5,54.6,0,5200,5.0,Secondary,1,0,1,0,0,1,3.0,Medium,65.6,43.3,0,0
3013,Female,10,16,80.4,47.9,2,3100,4.7,No Schooling,0,0,0,0,0,1,3.1,Low,28.5,32.5,0,1
3014,Female,7,12,66.5,56.1,2,6900,0.5,Higher Secondary,0,0,0,0,0,1,1.3,Low,36.0,33.1,0,1
3015,Male,7,13,80.7,36.3,5,3400,2.3,Graduate,0,0,1,0,0,0,2.8,High,53.9,18.8,0,1
3016,Female,6,12,59.7,64.8,3,20500,2.3,Primary,0,1,1,0,0,1,4.3,Low,22.6,23.0,0,0
3017,Female,9,14,60.3,35.4,0,9500,0.7,Secondary,0,0,0,1,0,1,5.3,Medium,21.3,23.7,0,0
3018,Male,8,15,62.0,92.8,0,6500,3.4,Primary,0,0,1,0,1,0,8.0,Low,40.1,43.5,0,0
3019,Male,7,13,86.7,100.0,0,3800,3.0,Primary,1,0,0,0,0,1,6.5,High,40.7,29.1,1,0
3020,Male,6,13,94.2,67.5,1,3300,4.6,No Schooling,0,0,1,1,1,1,3.5,High,41.3,31.5,0,0
3021,Male,10,17,78.0,81.9,2,5600,3.2,Graduate,0,1,0,0,1,1,6.1,Low,65.3,44.7,0,0
3022,Female,8,15,75.0,48.1,0,25300,0.9,Higher Secondary,0,0,1,0,0,0,3.9,Low,61.0,24.4,0,0
3023,Male,8,12,74.8,28.6,0,18100,6.1,Higher Secondary,1,0,0,0,0,1,2.8,Low,40.6,5.8,0,0
3024,Female,6,12,91.8,42.1,0,13800,4.6,Secondary,0,0,0,0,1,1,1.1,Medium,22.4,38.7,1,1
3025,Male,6,10,92.1,50.7,0,3000,1.3,Secondary,0,0,0,0,1,1,4.5,Low,45.7,36.9,0,0
3026,Male,6,13,76.1,83.9,0,7600,2.6,Higher Secondary,0,0,1,1,0,1,7.5,Low,64.7,31.6,0,0
3027,Male,7,13,93.2,76.8,0,6800,1.4,Primary,0,0,0,0,0,1,4.7,Medium,46.4,32.0,0,0
3028,Female,8,13,94.2,75.2,0,5000,1.1,Graduate,0,0,0,0,1,0,5.0,Low,42.1,38.9,0,0
3029,Female,7,13,81.0,93.5,3,8400,2.7,Secondary,0,1,0,0,1,1,5.8,Low,55.5,41.6,0,1
3030,Male,7,13,88.4,85.4,0,4300,2.1,Secondary,0,0,1,0,1,1,4.0,Low,61.0,60.8,0,0
3031,Female,6,12,75.8,61.3,0,5600,10.4,Higher Secondary,0,0,0,0,0,0,4.5,Medium,41.0,43.0,0,0
3032,Male,7,13,87.7,95.7,0,4400,5.0,No Schooling,0,0,0,0,0,1,7.2,Low,67.3,61.3,1,0
3033,Male,6,13,82.6,81.5,0,5200,3.9,No Schooling,0,0,1,0,0,1,6.4,Medium,25.5,21.0,0,0
3034,Male,6,13,60.0,16.0,0,3000,4.3,Primary,1,0,0,1,1,0,2.0,Low,27.0,24.8,0,1
3035,Female,6,11,73.0,20.6,0,8600,1.1,No Schooling,0,0,0,0,1,0,0.8,Low,34.4,8.5,0,0
3036,Female,9,16,62.2,78.3,3,12600,7.8,No Schooling,0,0,1,1,0,1,3.3,Medium,47.1,49.0,1,1
3037,Female,10,14,94.4,55.7,1,4600,0.8,No Schooling,1,0,1,1,0,1,4.3,Medium,46.2,20.1,0,0
3038,Male,8,13,74.0,60.6,0,17800,1.2,Higher Secondary,0,0,0,0,0,1,3.6,High,38.8,22.2,0,0
3039,Male,6,10,92.5,28.0,0,4400,1.9,Primary,0,1,0,0,0,1,0.7,Low,35.9,8.5,1,0
3040,Female,10,17,80.7,47.1,0,3500,2.1,Primary,0,0,1,1,0,0,3.4,High,38.1,11.2,0,0
3041,Male,10,14,90.5,78.4,0,16900,4.8,Graduate,0,0,1,0,0,0,7.6,Low,28.2,16.3,1,0
3042,Female,8,15,92.3,57.7,0,5600,0.5,Primary,0,0,0,0,0,1,2.4,Low,55.1,32.9,0,0
3043,Female,6,13,81.5,40.4,0,9600,0.4,No Schooling,0,0,0,0,0,1,1.8,Medium,49.1,39.9,0,0
3044,Male,9,16,83.3,65.9,2,3000,0.9,Secondary,0,1,0,0,0,1,4.9,Low,39.4,8.3,1,0
3045,Female,10,17,77.2,73.2,1,7300,1.1,No Schooling,0,0,1,0,0,1,2.8,Low,32.7,46.0,1,0
3046,Female,9,14,75.9,54.1,0,6500,0.3,Higher Secondary,0,0,0,0,0,1,3.6,Low,18.9,34.2,0,0
3047,Male,8,15,64.2,27.3,2,6200,0.7,Secondary,0,0,1,0,0,1,1.8,High,31.3,16.6,0,1
3048,Female,8,15,58.3,71.2,0,6300,0.6,No Schooling,1,0,0,0,0,1,6.2,High,28.2,56.8,0,0
3049,Female,10,17,74.9,48.5,1,9200,0.4,Higher Secondary,0,0,1,0,0,1,4.3,Low,53.1,33.4,0,0
3050,Male,6,13,88.3,77.0,0,8800,1.3,Primary,0,0,0,0,1,1,4.0,Low,57.4,46.2,0,1
3051,Female,6,13,91.2,53.2,2,11600,3.5,No Schooling,1,0,1,1,1,0,4.1,Medium,33.4,39.7,0,0
3052,Male,10,16,94.6,94.0,1,3000,3.9,No Schooling,0,0,0,0,0,1,6.2,High,68.6,40.6,1,0
3053,Female,6,13,94.7,73.9,1,23200,3.7,Primary,0,1,0,0,0,1,4.5,Low,43.7,42.3,0,0
3054,Female,7,12,77.6,47.1,2,7000,1.9,Primary,0,0,0,0,1,1,6.7,Medium,28.9,11.6,1,1
3055,Female,7,13,94.8,88.9,2,5600,1.6,Primary,0,0,1,0,1,1,5.7,Low,74.3,63.2,0,0
3056,Male,7,14,64.3,73.7,0,10300,2.8,Secondary,0,0,1,0,0,1,8.0,Low,21.6,39.3,0,0
3057,Female,6,11,76.5,100.0,1,7100,0.8,Primary,0,0,0,0,0,1,6.8,Low,50.1,37.6,0,0
3058,Male,8,15,69.3,83.1,0,8800,2.6,Primary,0,1,1,0,1,1,6.1,Low,46.3,44.7,0,0
3059,Male,7,11,79.4,59.1,1,6200,0.5,Secondary,0,0,1,0,0,1,8.0,Low,33.5,32.1,0,0
3060,Male,8,14,86.4,51.9,0,12100,2.0,Secondary,0,0,0,1,0,0,6.0,Low,48.9,41.9,0,0
3061,Female,7,11,68.9,48.7,1,3000,3.2,Primary,1,0,1,0,0,1,2.3,Low,39.2,25.1,0,0
3062,Male,10,17,81.8,82.8,2,9600,2.2,Higher Secondary,0,0,1,0,0,1,5.5,Medium,24.3,35.9,0,0
3063,Male,8,15,61.1,68.7,0,5700,0.1,No Schooling,0,0,0,1,1,1,3.5,Medium,52.3,34.9,0,0
3064,Female,10,14,78.1,31.9,1,3000,1.3,Secondary,0,0,0,0,0,1,1.7,Low,25.4,0.0,1,0
3065,Male,7,11,69.4,45.9,0,17600,4.8,Primary,0,0,0,0,0,1,4.3,Low,37.8,24.9,2,0
3066,Male,6,12,88.1,84.8,2,6200,0.4,Higher Secondary,1,0,0,0,0,1,4.3,Low,66.7,64.0,0,0
3067,Male,9,16,72.6,65.5,0,16500,0.1,Graduate,0,0,0,1,0,1,2.8,Low,45.3,32.3,0,0
3068,Male,10,15,95.6,93.0,0,13500,3.7,Secondary,0,0,1,0,0,1,5.3,Low,63.2,46.2,0,0
3069,Female,6,13,86.3,58.1,0,4800,0.1,Primary,0,0,0,0,0,0,4.5,Medium,30.8,21.1,0,0
3070,Male,8,13,96.9,68.6,0,18300,0.7,Secondary,0,0,1,1,0,0,8.0,Low,46.2,45.2,0,0
3071,Male,9,14,91.0,83.0,0,6900,2.5,Primary,0,0,1,0,0,1,6.7,Low,55.0,48.0,0,0
3072,Female,6,11,84.3,84.0,0,5100,0.1,Secondary,0,0,0,0,1,1,3.0,Low,54.8,24.2,0,0
3073,Female,8,13,86.4,56.2,0,4000,0.1,No Schooling,0,0,0,0,0,1,2.7,Low,54.8,21.7,0,0
3074,Female,7,12,56.3,9.2,1,4600,1.7,Higher Secondary,0,0,0,0,0,1,1.2,Medium,25.4,7.5,1,0
3075,Female,6,10,72.4,0.0,0,10500,0.5,Primary,0,0,1,0,0,1,2.4,Low,9.6,0.0,1,1
3076,Female,10,15,78.3,58.8,1,4800,0.7,Primary,0,0,0,1,0,1,4.8,Medium,33.6,18.9,1,0
3077,Male,8,13,87.0,86.5,0,10900,0.2,Higher Secondary,0,0,1,0,0,1,4.2,Low,61.3,38.9,0,0
3078,Female,9,13,79.9,55.2,0,5700,3.1,No Schooling,0,0,1,0,0,1,5.3,Low,62.9,43.4,1,0
3079,Female,9,14,94.4,77.9,0,15800,1.7,Graduate,0,1,0,0,1,1,5.4,Low,30.0,40.7,0,0
3080,Male,10,14,88.4,100.0,0,6200,0.6,No Schooling,0,0,0,0,0,0,3.2,Low,33.3,33.7,0,0
3081,Male,8,12,88.7,53.1,0,7100,0.5,Primary,0,0,0,0,1,1,2.2,Medium,28.6,36.4,0,0
3082,Male,7,13,61.3,67.5,0,7400,0.6,Graduate,0,0,0,0,0,1,7.4,High,51.0,31.9,0,0
3083,Female,7,11,61.4,84.8,1,9200,3.3,Higher Secondary,0,0,0,1,0,1,5.7,Low,57.2,51.7,1,0
3084,Female,8,13,82.5,40.6,1,8300,0.4,Primary,0,0,0,0,1,1,3.9,High,24.2,13.6,0,0
3085,Female,8,14,74.8,92.8,3,4100,12.5,No Schooling,0,0,1,0,1,1,7.2,Medium,42.9,63.9,0,1
3086,Male,9,13,89.8,80.6,1,30700,0.8,Secondary,0,0,0,0,0,1,4.8,Low,90.5,48.9,1,1
3087,Male,7,13,95.4,56.4,0,12800,2.0,Secondary,0,0,1,0,1,0,3.7,Low,48.2,21.1,1,0
3088,Male,6,10,81.4,10.1,0,15500,0.8,Graduate,0,0,0,0,0,1,2.7,Low,16.1,16.3,2,0
3089,Female,10,14,72.0,89.5,0,18500,0.4,No Schooling,0,0,1,0,0,0,4.3,Medium,36.0,34.9,0,0
3090,Female,10,14,94.4,100.0,4,7000,2.0,Primary,1,1,1,0,1,0,4.3,High,49.8,41.3,0,0
3091,Female,7,14,71.7,42.5,3,14400,0.7,Higher Secondary,0,1,0,0,0,1,1.9,Low,38.2,25.8,0,1
3092,Female,9,13,94.1,100.0,1,20900,0.2,Higher Secondary,0,0,1,0,0,0,6.0,Low,57.8,20.0,0,0
3093,Female,8,12,95.5,46.2,0,22000,0.7,Secondary,0,0,1,0,0,0,1.5,Low,57.0,32.9,0,0
3094,Female,9,16,70.9,49.8,0,15600,3.9,No Schooling,0,0,0,1,1,1,3.5,Medium,31.5,24.3,0,0
3095,Male,7,13,61.1,54.5,4,6900,2.5,Secondary,1,0,0,1,0,1,4.4,High,15.4,27.9,2,1
3096,Male,8,14,64.8,33.6,2,20800,0.4,Higher Secondary,0,0,0,0,0,1,4.0,Low,9.3,31.2,1,0
3097,Male,6,10,95.2,14.3,0,3300,0.5,No Schooling,0,0,1,1,1,1,7.1,High,59.2,65.0,0,0
3098,Male,6,11,67.9,61.7,0,5200,1.6,No Schooling,0,0,0,0,0,1,7.7,Low,45.2,27.9,0,0
3099,Male,9,15,81.6,63.1,0,3000,1.9,Higher Secondary,0,0,0,0,0,1,2.8,Medium,36.2,22.2,0,0
3100,Male,7,13,83.2,76.1,0,6800,3.3,Primary,0,0,0,0,0,0,4.4,High,47.6,30.9,0,0
3101,Female,6,12,56.7,31.9,1,6100,6.0,No Schooling,0,1,0,0,1,1,3.8,Low,35.9,18.6,0,0
3102,Male,6,10,92.6,52.5,0,5800,11.0,Secondary,0,0,0,0,0,1,4.7,High,45.0,14.4,0,0
3103,Female,7,14,82.7,100.0,0,7000,0.7,Secondary,0,0,1,0,0,1,4.4,Low,49.4,37.8,0,0
3104,Female,9,15,78.0,41.8,0,3800,0.6,Primary,0,0,0,0,0,1,3.6,Low,42.0,17.2,1,0
3105,Female,7,11,72.8,9.7,2,12600,1.1,Secondary,0,0,1,0,0,0,2.9,High,32.3,0.0,0,0
3106,Female,9,16,84.4,67.3,1,6900,8.1,Secondary,0,0,0,0,0,1,7.0,Medium,58.4,38.4,0,0
3107,Male,10,15,68.7,58.3,3,6500,11.0,Primary,0,1,0,0,1,1,6.1,Medium,31.2,24.8,0,1
3108,Female,7,11,100.0,71.7,0,40018,4.6,Primary,0,1,0,0,0,1,5.8,High,33.8,42.3,0,0
3109,Male,9,16,78.5,68.9,0,4000,1.6,Secondary,0,0,1,1,1,1,6.1,Low,20.6,21.9,1,0
3110,Female,6,10,78.4,48.4,2,4200,0.6,Higher Secondary,0,0,0,0,0,1,2.6,Low,39.4,12.5,2,0
3111,Male,7,11,76.0,63.9,0,11300,3.3,Primary,0,1,1,0,0,1,6.0,Low,34.4,29.5,0,0
3112,Male,6,12,83.4,92.2,1,50000,8.4,No Schooling,1,0,1,0,0,1,8.0,Low,60.7,25.8,0,0
3113,Female,6,11,75.8,69.7,1,9600,4.5,Higher Secondary,1,0,0,0,0,1,4.3,High,26.5,18.2,1,0
3114,Female,6,10,70.7,70.1,1,14000,0.4,Graduate,0,0,0,0,0,1,3.9,Medium,42.0,22.3,0,0
3115,Male,6,10,95.3,60.1,2,14800,1.6,No Schooling,0,0,1,0,0,1,3.5,Low,38.4,31.4,0,0
3116,Female,10,14,85.4,70.8,0,3000,0.6,Graduate,0,0,0,0,0,1,4.3,Low,51.4,31.0,1,0
3117,Male,8,15,68.0,85.4,0,18100,2.8,Secondary,0,0,1,1,1,1,3.2,Low,51.9,25.5,0,1
3118,Female,10,16,91.0,82.4,0,9700,2.6,Graduate,0,0,0,0,0,1,3.4,Low,61.6,25.8,0,0
3119,Male,8,15,89.5,82.1,0,17100,3.6,No Schooling,1,0,1,0,1,1,3.0,Medium,53.5,29.7,0,0
3120,Male,8,14,62.4,48.3,1,3900,1.1,Graduate,0,0,0,0,0,1,5.3,Medium,48.9,45.3,1,0
3121,Male,6,12,80.8,81.8,2,9800,2.4,No Schooling,1,0,0,1,0,0,6.0,Low,32.4,37.5,0,0
3122,Male,8,12,88.9,79.2,1,13200,1.7,No Schooling,0,0,0,1,0,1,3.3,Low,62.9,47.4,0,0
3123,Male,7,14,87.2,19.5,2,7600,0.4,Higher Secondary,0,0,0,0,0,1,3.1,Low,33.1,19.8,0,0
3124,Male,10,17,58.4,72.2,1,3600,9.4,Higher Secondary,0,0,1,0,1,1,4.9,Low,32.3,42.7,1,0
3125,Male,10,16,79.3,64.7,0,3000,0.2,Primary,0,0,0,1,0,1,5.3,High,46.1,18.4,0,0
3126,Male,6,10,83.9,90.8,1,13300,1.5,Higher Secondary,1,0,1,0,0,1,7.4,Medium,53.3,47.9,0,0
3127,Female,8,15,94.4,55.0,1,12100,0.5,Higher Secondary,0,0,0,0,0,0,2.7,Medium,54.8,14.3,0,0
3128,Male,9,14,87.0,100.0,1,5000,8.3,No Schooling,0,1,0,0,0,1,7.0,Low,51.0,47.0,1,0
3129,Female,8,12,91.3,30.9,2,14300,1.0,No Schooling,0,0,0,0,1,1,2.4,High,48.9,21.5,0,0
3130,Female,6,12,83.1,79.7,0,5500,0.4,Secondary,0,1,1,0,0,1,3.2,Low,38.4,24.1,1,0
3131,Male,9,16,61.7,44.4,0,4100,0.5,No Schooling,0,0,0,0,1,1,3.9,Low,21.6,23.9,0,0
3132,Female,9,15,79.6,60.5,1,10900,0.5,Secondary,0,0,0,0,0,1,3.3,Low,36.6,30.3,0,1
3133,Male,7,11,90.1,100.0,0,3000,0.6,Primary,0,0,1,0,0,0,4.9,Low,54.8,49.0,0,0
3134,Male,8,14,74.5,51.8,0,9300,9.1,Secondary,1,0,1,0,1,0,4.8,Low,39.8,31.9,1,0
3135,Female,6,13,82.2,87.8,4,3000,0.6,Higher Secondary,0,1,0,0,0,1,6.6,Low,53.4,44.0,1,0
3136,Female,10,16,90.8,100.0,3,3600,0.9,Secondary,0,1,1,0,0,1,4.4,Low,58.9,51.8,1,0
3137,Female,6,11,77.7,55.0,0,6200,8.1,Primary,0,0,0,0,0,1,1.6,Low,35.6,25.6,0,0
3138,Male,6,12,81.5,79.0,0,13200,0.8,Higher Secondary,0,0,1,0,0,1,4.0,Low,42.1,34.9,0,0
3139,Female,7,11,56.3,86.6,2,3000,1.7,Primary,0,0,0,0,1,1,4.1,Low,47.6,55.8,0,0
3140,Male,10,17,98.9,93.2,2,13500,3.1,Primary,0,0,1,0,0,1,7.7,Medium,65.1,47.6,0,0
3141,Male,9,16,50.5,52.1,0,18500,0.3,Graduate,1,0,0,1,1,1,2.7,Medium,39.0,43.4,0,0
3142,Male,6,12,77.2,59.6,1,9600,15.0,No Schooling,0,0,1,0,0,0,3.9,Medium,55.7,50.7,0,1
3143,Female,6,10,47.9,64.4,0,7100,0.2,Secondary,1,0,1,0,0,1,4.6,Medium,9.5,21.9,0,0
3144,Male,9,14,86.2,77.7,0,7900,8.4,Graduate,0,1,0,1,0,1,6.0,Low,59.4,28.9,1,1
3145,Female,7,11,94.8,54.3,0,3000,1.2,Graduate,0,0,0,1,0,1,2.0,Medium,39.3,51.3,0,0
3146,Female,6,13,88.9,63.6,2,7800,0.2,No Schooling,0,1,0,0,0,1,7.2,Low,58.4,30.2,0,0
3147,Female,10,16,83.3,66.4,0,10000,3.2,Higher Secondary,0,0,1,0,1,0,6.2,Low,23.8,28.4,0,0
3148,Female,6,11,94.4,56.7,0,50000,0.4,Primary,0,0,1,1,0,1,4.6,Low,27.3,24.3,0,0
3149,Female,8,15,90.1,97.0,0,19900,0.7,Higher Secondary,0,0,1,1,0,1,6.7,Low,48.9,32.0,0,0
3150,Male,7,14,73.1,51.3,0,7200,0.7,No Schooling,0,0,0,0,0,1,1.2,Low,33.0,25.5,0,1
3151,Male,9,16,99.3,62.5,0,4000,5.0,No Schooling,1,0,1,0,0,1,4.4,Low,51.4,22.4,0,0
3152,Female,9,14,86.3,52.4,0,10300,3.6,No Schooling,0,0,0,0,0,1,3.7,Medium,47.4,22.9,0,0
3153,Male,7,11,75.7,73.3,0,7800,1.1,Secondary,0,1,1,0,0,1,6.9,Low,42.2,25.8,0,0
3154,Male,9,14,87.5,77.3,1,10400,5.5,Graduate,0,0,0,0,0,1,2.8,Low,23.2,24.1,0,0
3155,Male,10,15,76.7,93.0,0,3900,1.3,Higher Secondary,0,0,1,0,0,1,3.9,Low,41.5,39.2,0,0
3156,Male,9,15,78.1,36.8,2,3000,2.5,No Schooling,0,0,0,0,1,1,3.2,Low,34.2,47.4,0,1
3157,Male,7,12,97.8,32.9,2,10600,2.9,No Schooling,0,0,0,1,1,0,1.9,Low,40.9,42.2,0,1
3158,Male,8,14,67.8,21.0,1,5700,0.4,Higher Secondary,0,1,0,0,1,1,5.8,High,45.9,40.2,1,0
3159,Female,10,14,78.0,68.2,0,8000,0.8,Secondary,0,0,1,0,1,0,3.2,Low,30.2,39.3,0,0
3160,Male,6,10,97.9,81.5,0,3800,2.4,Secondary,1,0,1,0,0,0,7.4,Low,57.3,42.0,0,0
3161,Female,6,13,60.2,71.6,3,17400,3.5,No Schooling,0,0,0,1,0,1,1.3,Medium,44.8,24.0,0,1
3162,Female,6,11,76.1,59.9,1,3300,1.8,No Schooling,0,0,0,0,0,0,5.0,Low,35.6,21.6,0,0
3163,Male,10,14,64.3,71.9,0,14600,0.7,Secondary,0,0,1,0,1,1,6.5,Medium,23.6,12.0,1,0
3164,Female,6,13,90.9,24.6,0,7700,0.3,Higher Secondary,1,0,1,0,0,1,0.0,Medium,23.7,11.1,0,0
3165,Female,7,11,72.2,100.0,0,6800,0.1,Secondary,0,0,1,0,1,1,2.6,Low,47.4,32.9,0,0
3166,Female,8,15,65.6,81.0,2,9100,5.1,Primary,0,0,0,0,0,1,1.2,Low,42.5,45.4,0,0
3167,Male,6,11,75.7,57.1,3,6900,3.2,Graduate,1,1,1,0,1,1,4.1,Low,26.2,19.9,1,0
3168,Male,7,12,68.3,27.6,1,6500,0.9,No Schooling,0,0,1,1,0,1,1.9,Low,39.2,6.8,0,0
3169,Male,8,13,67.9,55.8,5,7900,0.6,No Schooling,1,0,0,0,1,1,3.8,Medium,41.8,29.2,0,1
3170,Female,7,11,60.4,33.3,2,5700,0.3,Primary,0,0,1,0,1,1,4.8,High,24.9,17.2,0,0
3171,Female,10,15,72.4,81.9,2,10000,3.5,No Schooling,0,0,1,0,1,1,5.1,High,49.9,42.5,0,0
3172,Female,6,11,55.6,57.6,0,19900,0.1,Primary,0,1,1,1,0,1,3.5,Low,25.9,14.3,0,0
3173,Female,10,15,88.1,63.2,0,47500,3.7,Secondary,0,0,1,1,0,1,2.9,Medium,49.1,42.7,0,0
3174,Female,8,13,78.1,78.1,0,16300,8.7,No Schooling,0,0,1,0,0,1,6.6,Low,33.3,29.9,0,0
3175,Female,6,12,93.3,36.3,0,13000,2.2,No Schooling,0,0,1,0,0,1,3.2,Low,52.1,32.4,0,0
3176,Male,6,10,97.4,53.5,1,3000,0.5,No Schooling,0,0,1,0,0,1,3.0,Medium,58.9,38.8,0,0
3177,Female,8,13,93.8,70.6,0,7300,7.9,Primary,0,0,1,0,1,1,5.6,Medium,55.3,43.7,0,0
3178,Male,7,14,90.8,34.4,0,5000,0.7,Secondary,0,0,0,0,0,0,1.6,Medium,20.2,29.9,0,1
3179,Male,7,14,82.5,32.8,0,3000,1.3,No Schooling,0,1,1,1,1,1,1.7,Medium,29.8,30.8,1,0
3180,Male,10,16,80.1,58.1,0,16600,0.1,Secondary,0,0,1,0,0,1,4.4,Medium,46.6,28.3,0,0
3181,Female,8,13,85.1,54.5,0,3000,1.8,No Schooling,0,0,1,0,1,0,1.9,Low,0.0,21.2,0,0
3182,Male,10,15,94.3,39.3,0,4600,1.9,Secondary,0,0,0,1,0,1,1.0,High,64.8,39.4,0,0
3183,Male,6,13,93.6,63.6,1,3000,2.4,Primary,0,0,0,0,0,1,4.0,Medium,36.3,36.5,0,0
3184,Male,6,11,93.2,76.6,4,7300,3.5,No Schooling,1,0,1,0,0,1,5.1,Low,63.9,39.4,0,0
3185,Male,8,15,85.0,60.4,0,18000,0.7,Secondary,0,1,1,1,1,0,3.4,Low,27.3,31.0,0,0
3186,Male,7,11,94.3,73.7,2,3400,1.4,Primary,0,0,1,0,0,1,4.3,Medium,48.5,24.3,0,1
3187,Female,6,12,97.5,72.7,0,5600,0.8,Primary,0,0,0,0,0,1,5.5,Low,65.7,48.7,0,0
3188,Female,6,12,90.0,100.0,0,14200,1.0,Primary,1,0,0,0,0,1,4.8,High,45.2,44.5,0,0
3189,Male,6,11,68.5,65.9,1,19500,5.8,Primary,0,0,0,0,1,0,0.9,Medium,60.3,48.8,0,0
3190,Male,9,14,70.1,61.9,2,8200,6.3,Primary,0,0,0,0,0,0,5.5,High,36.1,45.4,0,0
3191,Male,7,11,74.8,36.3,2,3400,8.1,Secondary,0,0,0,0,0,0,0.6,Low,24.0,33.6,0,0
3192,Male,10,15,78.0,64.0,0,6500,3.7,No Schooling,0,0,0,0,1,0,2.8,Low,34.5,34.0,1,0
3193,Female,6,11,82.7,44.8,0,6000,1.0,Graduate,0,0,0,0,0,1,0.7,Low,44.2,15.8,0,0
3194,Female,7,13,72.3,55.1,2,5300,4.0,No Schooling,0,0,0,1,0,1,4.1,Low,10.7,18.2,0,0
3195,Female,7,13,84.7,75.2,0,3200,0.3,Graduate,1,0,0,0,0,0,5.6,Medium,49.0,41.4,0,0
3196,Male,8,13,88.9,66.5,0,13400,2.6,Graduate,0,0,1,0,0,1,6.6,Medium,35.8,40.2,0,0
3197,Female,10,16,81.0,50.8,2,6400,0.8,Graduate,0,1,0,1,0,1,5.9,Low,40.1,24.8,0,0
3198,Male,10,16,89.9,93.4,0,3000,2.1,Higher Secondary,0,0,0,0,0,1,7.5,Low,57.3,61.6,1,0
3199,Male,6,10,87.0,70.4,0,12100,0.1,Secondary,1,0,0,1,1,1,4.6,Low,40.4,27.1,1,1
3200,Female,7,14,96.3,80.5,3,26100,0.1,Primary,1,0,1,1,0,1,5.5,Low,54.4,41.8,0,0
3201,Female,10,17,68.9,74.4,1,9800,0.1,Primary,0,0,0,0,1,1,5.0,Low,29.6,32.3,1,0
3202,Female,6,11,66.1,57.6,0,4000,2.4,Higher Secondary,1,0,0,0,0,1,3.4,Low,56.0,15.7,0,0
3203,Female,8,15,72.6,65.0,0,35500,3.5,Primary,0,0,0,0,0,1,5.3,Medium,42.8,33.1,0,0
3204,Female,7,12,71.3,59.8,0,7900,2.1,No Schooling,0,0,0,0,0,1,4.3,Medium,65.5,41.3,0,0
3205,Female,7,11,83.1,92.0,2,13900,4.1,No Schooling,1,0,0,0,1,1,4.9,Low,36.9,29.4,0,0
3206,Male,7,14,73.5,44.5,1,6200,0.6,Graduate,1,0,0,1,1,1,4.4,Low,49.3,16.8,0,0
3207,Male,7,12,69.7,61.8,2,5100,2.8,Primary,0,0,0,0,1,0,4.2,Low,66.8,27.4,0,0
3208,Male,10,15,84.4,83.2,5,13500,0.3,Graduate,0,0,1,1,0,1,5.8,Low,72.8,53.2,0,0
3209,Male,8,14,82.8,36.0,0,4100,1.0,Secondary,0,0,1,0,0,1,1.7,Medium,44.7,28.2,1,0
3210,Male,10,15,64.8,80.6,0,6000,0.3,Primary,0,0,0,1,0,1,0.5,Low,49.9,28.7,0,0
3211,Male,9,14,93.4,79.1,2,7400,2.9,Primary,0,0,1,0,0,1,5.2,Low,59.0,52.9,0,0
3212,Female,7,14,57.7,46.1,0,19700,5.6,Primary,0,0,0,1,0,1,1.1,Medium,27.7,20.2,0,0
3213,Female,8,13,71.5,96.3,0,3000,0.9,Primary,0,0,1,0,1,0,7.5,Low,26.6,38.9,0,0
3214,Female,7,13,91.9,97.6,0,17000,4.1,Primary,0,0,1,0,1,1,5.3,Low,65.8,58.0,0,0
3215,Male,10,16,89.6,37.4,4,13900,1.1,No Schooling,0,0,1,0,0,1,0.9,Low,32.4,11.9,0,1
3216,Female,6,13,78.2,47.9,1,12200,8.1,No Schooling,0,0,0,0,0,0,2.4,Medium,23.7,35.7,1,0
3217,Male,10,15,59.7,69.4,1,13200,5.8,Secondary,0,0,0,0,1,0,4.3,Low,50.4,22.4,0,0
3218,Male,8,13,69.2,65.6,0,3700,1.5,Secondary,0,0,0,0,0,1,5.9,Low,23.3,38.2,0,0
3219,Male,8,15,87.7,81.0,0,3000,2.8,No Schooling,0,0,1,0,0,1,6.9,Low,48.2,39.7,0,0
3220,Male,8,13,78.3,45.4,0,3000,2.4,Primary,0,0,1,0,1,1,3.3,Low,35.6,53.6,0,0
3221,Male,8,13,96.1,28.4,0,6200,0.6,Primary,0,0,1,0,1,0,1.5,Low,36.4,11.9,0,0
3222,Female,9,13,71.9,81.9,1,10000,0.1,Secondary,1,0,1,0,0,1,5.8,High,37.2,32.2,0,0
3223,Female,9,14,66.2,67.5,0,4000,1.1,Secondary,0,0,0,0,0,1,3.7,Medium,58.4,33.8,0,0
3224,Female,6,10,75.9,100.0,2,12100,3.8,Secondary,0,1,1,0,0,1,7.8,Low,60.4,43.4,1,0
3225,Male,8,13,81.3,78.1,1,7200,0.6,Secondary,0,1,0,0,0,1,3.5,Medium,60.1,41.3,0,0
3226,Female,7,13,89.5,39.3,0,8100,0.2,Primary,0,0,1,0,0,0,5.9,Medium,47.4,33.9,0,0
3227,Female,9,15,74.2,83.8,0,12400,0.5,Graduate,0,0,1,0,0,1,5.7,Low,45.9,24.6,0,0
3228,Male,8,12,78.2,73.1,0,8100,0.8,Primary,0,0,1,0,1,0,4.1,Low,33.7,32.7,1,0
3229,Female,6,11,88.9,81.5,0,3500,12.1,Primary,1,0,0,0,0,0,6.5,Low,50.9,65.3,0,0
3230,Male,9,14,80.9,39.1,1,24000,0.9,Secondary,1,0,1,1,1,0,3.8,Medium,46.1,29.0,0,0
3231,Male,8,12,85.6,77.9,1,11800,0.4,Secondary,0,0,0,1,1,1,5.9,Medium,48.0,39.2,1,0
3232,Male,8,13,68.8,82.9,0,3700,0.8,Secondary,0,0,1,0,1,1,5.8,High,28.0,25.9,1,1
3233,Male,9,15,72.9,81.2,4,6900,0.7,Primary,0,0,0,1,0,1,5.6,Low,11.6,20.6,1,1
3234,Male,9,13,87.3,80.1,0,9100,3.2,Graduate,0,0,1,1,0,1,6.7,Low,68.4,46.7,0,0
3235,Male,9,14,73.4,100.0,1,3500,2.1,Primary,0,1,0,0,1,0,5.1,Low,65.7,42.7,0,0
3236,Male,6,11,93.3,46.1,0,13900,1.0,Secondary,0,0,0,0,0,0,4.9,Low,36.6,26.7,0,0
3237,Female,6,10,72.9,100.0,0,3700,1.4,Primary,1,1,0,0,0,1,5.4,Medium,60.5,45.8,0,0
3238,Male,9,15,83.7,84.6,3,26400,3.3,No Schooling,0,0,1,0,0,1,6.2,Low,48.2,43.0,1,0
3239,Male,7,13,83.8,43.0,2,15500,2.3,No Schooling,1,0,1,0,1,1,5.4,Low,26.9,22.3,0,1
3240,Male,6,11,72.6,53.2,0,5000,1.5,Primary,0,0,0,0,0,1,5.5,Medium,19.6,21.7,1,0
3241,Female,6,10,95.3,82.8,0,3800,1.3,No Schooling,0,1,1,0,0,1,4.9,Low,31.9,48.7,0,0
3242,Female,7,14,74.9,64.2,2,8900,1.7,Secondary,0,0,0,0,0,0,1.7,Low,39.6,18.9,0,0
3243,Female,10,14,82.2,27.8,1,3000,8.1,Higher Secondary,0,0,1,0,1,0,3.7,Medium,15.9,18.5,0,0
3244,Male,6,10,67.6,91.0,1,7100,1.2,Secondary,0,0,0,0,1,0,4.0,Medium,25.9,43.8,0,0
3245,Male,7,11,85.1,69.2,2,7900,0.2,Higher Secondary,0,0,1,1,0,1,4.8,Low,25.9,13.3,0,0
3246,Female,10,14,92.1,47.3,0,10500,3.1,Primary,0,0,0,0,0,0,2.8,Low,35.8,9.2,0,0
3247,Male,10,17,73.6,29.2,2,16000,1.6,Primary,0,0,1,0,0,1,3.7,Medium,36.0,30.1,0,1
3248,Female,7,14,90.2,69.1,3,14600,1.8,No Schooling,0,0,0,0,0,1,3.3,High,54.2,28.0,0,0
3249,Female,10,16,82.1,100.0,0,15800,1.8,Secondary,0,0,1,0,1,0,4.2,Low,34.8,41.8,1,0
3250,Male,6,13,78.1,65.3,3,10500,1.5,No Schooling,1,0,0,0,0,1,1.1,Low,51.3,36.7,0,1
3251,Female,9,15,81.4,76.2,4,9000,0.3,No Schooling,0,0,0,0,0,1,5.2,Low,53.7,28.1,0,0
3252,Female,6,11,92.9,100.0,0,5100,0.3,Higher Secondary,1,0,0,0,0,1,5.4,Medium,41.5,44.2,1,0
3253,Male,7,13,94.3,93.7,2,3000,2.8,Higher Secondary,0,0,1,0,1,1,4.6,Medium,33.3,43.6,1,0
3254,Male,7,12,91.4,54.5,0,8900,4.6,Secondary,0,0,1,1,0,1,3.5,Low,35.2,28.4,2,0
3255,Male,9,16,83.6,62.9,1,3400,1.0,Primary,0,0,0,0,0,1,4.6,Low,19.6,17.6,0,0
3256,Female,6,13,79.8,38.8,0,8700,0.9,Primary,0,0,1,1,0,1,3.7,Low,34.8,46.3,1,0
3257,Male,8,15,75.7,69.3,0,3000,6.9,No Schooling,0,1,0,0,0,0,2.4,Medium,37.3,17.5,0,1
3258,Male,9,15,94.8,62.6,3,3400,5.8,Secondary,0,0,0,0,0,1,5.2,Low,38.7,0.0,0,0
3259,Female,6,12,69.9,63.0,1,4700,0.8,Secondary,1,0,0,0,0,1,5.3,Low,43.7,14.4,0,0
3260,Male,10,14,95.1,77.9,3,50000,3.8,Graduate,1,0,1,1,0,1,0.9,Medium,58.5,35.0,0,0
3261,Male,7,13,84.6,29.9,0,4800,0.9,Secondary,0,0,1,1,0,1,3.3,Low,18.5,15.2,2,0
3262,Female,6,10,63.3,64.2,1,5900,5.0,Primary,0,0,0,0,0,1,5.3,Low,32.5,37.7,0,0
3263,Male,7,13,86.5,100.0,0,8400,3.0,No Schooling,0,0,0,0,0,1,5.2,Medium,66.6,36.9,0,0
3264,Male,7,11,79.4,64.0,0,14000,6.1,Primary,1,1,1,0,0,1,2.4,Low,38.4,18.2,0,0
3265,Male,6,11,82.9,84.6,2,4800,5.1,Secondary,1,0,1,0,0,1,5.5,Low,57.2,38.1,0,0
3266,Male,8,15,85.1,97.0,1,3000,1.2,Primary,0,0,0,0,0,1,3.9,Low,71.4,49.1,1,0
3267,Male,9,14,95.9,99.3,0,3000,2.6,Graduate,0,0,0,0,0,1,7.5,Low,33.4,38.9,0,0
3268,Female,8,14,93.1,63.8,0,6400,2.2,Secondary,0,0,1,0,0,1,4.2,Medium,52.2,27.1,2,0
3269,Female,7,12,82.1,75.4,1,23400,0.3,Graduate,0,0,0,1,0,1,7.1,Low,48.4,47.4,0,0
3270,Male,9,14,96.1,100.0,3,4000,3.4,Higher Secondary,1,0,0,0,1,1,5.1,Low,41.4,37.1,0,0
3271,Female,7,11,54.2,65.1,0,36806,1.5,Secondary,0,0,0,0,1,1,5.3,Low,26.9,19.4,1,1
3272,Female,8,12,72.3,67.8,0,5600,1.6,Higher Secondary,0,0,1,0,1,0,4.6,Low,39.1,13.0,0,0
3273,Female,10,15,63.6,66.9,1,7000,7.3,Primary,0,0,1,0,1,1,3.3,Medium,40.0,0.0,0,0
3274,Female,7,11,82.8,60.3,0,3600,0.1,Higher Secondary,0,0,1,0,1,1,2.7,Medium,53.4,60.5,0,0
3275,Female,8,15,87.7,73.4,1,10500,3.1,Secondary,0,0,1,0,1,0,5.7,Low,35.9,31.0,0,0
3276,Female,10,16,80.1,63.9,0,12000,0.7,Higher Secondary,0,0,0,0,0,0,5.5,Low,42.9,42.2,0,0
3277,Male,8,12,71.8,80.7,1,3000,0.1,Secondary,1,0,0,1,1,0,6.3,Low,32.2,27.5,1,0
3278,Female,10,17,64.5,56.0,0,4500,4.3,Primary,0,0,0,0,0,0,3.1,Low,48.7,35.9,0,0
3279,Male,7,12,84.8,64.3,0,7400,1.9,Primary,0,0,1,0,0,0,3.4,Low,41.3,49.5,0,0
3280,Male,8,14,75.3,100.0,3,11600,2.2,Higher Secondary,1,0,0,1,0,1,8.0,Low,59.9,62.4,0,0
3281,Female,7,13,71.7,49.9,0,42500,1.2,Graduate,1,0,1,0,0,1,4.3,High,39.4,31.0,0,0
3282,Male,6,13,60.2,60.9,0,5100,0.1,Primary,0,0,0,1,0,1,5.0,Low,54.7,27.2,0,0
3283,Male,10,14,85.8,19.9,1,41461,0.9,Higher Secondary,0,0,1,0,0,1,2.6,Medium,30.7,21.1,0,0
3284,Male,7,12,92.5,90.9,0,5400,1.6,Secondary,0,0,1,0,0,1,6.9,Low,61.5,53.2,0,0
3285,Male,10,15,69.5,85.8,1,10300,0.9,Higher Secondary,0,0,0,0,0,1,5.5,Medium,35.4,33.6,0,0
3286,Female,9,15,87.2,69.0,1,11300,0.5,Graduate,0,0,1,0,0,1,3.9,Low,46.9,17.3,0,0
3287,Female,10,17,76.5,77.1,2,7000,3.6,Higher Secondary,1,0,0,0,1,0,2.7,Low,63.5,45.8,0,0
3288,Male,10,15,77.4,40.6,0,3800,0.5,No Schooling,0,0,0,0,0,1,0.0,Low,43.4,22.0,1,1
3289,Male,8,13,62.2,50.2,3,10500,6.3,Secondary,0,0,1,0,0,0,2.3,Low,46.8,28.7,0,0
3290,Male,10,14,73.2,100.0,1,8600,7.3,Graduate,1,0,0,0,0,1,3.0,Medium,44.7,33.2,1,0
3291,Male,9,15,81.7,38.6,2,9600,4.4,Secondary,0,0,1,0,0,1,1.4,Low,48.7,27.5,1,0
3292,Female,8,13,84.3,39.7,0,4800,9.7,No Schooling,0,1,1,0,1,1,3.1,High,33.1,28.1,0,1
3293,Female,9,15,61.5,4.9,0,14600,10.6,Secondary,0,0,0,1,0,1,0.3,Medium,17.8,22.7,1,0
3294,Male,6,13,81.1,71.8,2,9200,0.6,Graduate,0,0,0,1,0,1,5.4,Medium,38.4,28.6,0,0
3295,Male,6,12,74.8,80.1,0,7500,0.3,Primary,0,0,0,0,0,1,3.9,Low,32.7,35.5,1,0
3296,Female,7,11,51.3,53.6,0,16700,1.0,Higher Secondary,0,0,0,0,0,1,4.3,Low,29.4,33.5,0,0
3297,Female,8,15,98.7,89.6,0,6300,1.5,No Schooling,0,0,0,0,0,1,4.8,Medium,55.1,33.1,0,0
3298,Male,7,12,85.0,6.8,0,15000,0.3,Secondary,0,0,0,0,0,1,0.0,Low,35.7,16.9,0,0
3299,Male,8,13,76.7,50.0,0,5400,6.7,Graduate,0,0,0,1,0,1,6.3,Low,34.2,44.4,1,0
3300,Male,9,16,88.7,53.6,4,3600,8.9,No Schooling,0,0,1,0,0,0,3.1,High,34.9,0.0,1,0
3301,Female,9,15,91.5,100.0,1,8000,5.6,Secondary,0,0,1,0,0,1,5.0,Low,69.4,38.4,1,0
3302,Male,10,17,71.6,71.2,0,3000,3.3,No Schooling,0,1,0,0,0,1,2.2,Medium,45.5,45.1,0,1
3303,Male,10,17,77.3,70.9,0,10300,3.6,Primary,0,0,0,0,0,1,5.3,Low,39.6,48.4,0,0
3304,Female,10,15,66.7,69.4,2,16600,0.1,Secondary,0,0,0,0,0,1,6.0,Low,38.6,42.5,0,0
3305,Female,8,15,52.5,53.5,5,43900,3.1,Higher Secondary,0,0,1,0,0,1,2.8,Medium,19.5,34.5,1,1
3306,Male,6,10,88.8,100.0,0,16600,0.1,Higher Secondary,1,0,1,1,1,1,5.3,Medium,40.2,58.8,1,0
3307,Male,10,17,86.4,100.0,1,28600,1.9,Higher Secondary,0,0,1,1,0,1,7.1,High,59.0,50.9,0,0
3308,Male,6,13,80.6,91.9,4,10000,0.6,Higher Secondary,0,0,1,0,1,0,4.5,High,53.1,42.1,0,0
3309,Female,6,10,81.9,86.5,3,21500,3.2,Primary,0,0,0,0,0,0,7.5,Medium,39.7,44.4,0,1
3310,Male,7,11,48.4,43.6,1,9200,6.6,Higher Secondary,0,0,0,0,1,0,4.4,Medium,13.2,0.0,0,0
3311,Female,8,12,88.1,85.7,0,21900,6.4,Higher Secondary,0,0,0,0,1,1,5.6,Medium,49.3,4.8,1,0
3312,Female,9,14,92.5,38.2,0,3000,0.4,Secondary,0,1,1,0,0,0,1.3,Low,53.2,17.5,0,0
3313,Female,6,13,77.1,55.2,0,3700,3.3,No Schooling,0,0,1,1,0,1,4.6,Low,45.5,45.0,0,0
3314,Female,9,13,88.3,61.4,2,6200,3.4,Primary,0,0,1,0,0,1,2.0,Low,68.3,45.6,0,0
3315,Male,6,10,93.9,99.4,0,15000,2.5,Secondary,0,0,1,0,1,1,6.4,High,39.4,40.2,0,0
3316,Male,7,12,64.2,49.0,0,13400,1.3,Secondary,0,0,1,0,0,1,0.7,High,24.1,51.5,0,0
3317,Female,7,12,95.3,90.0,2,4200,0.9,No Schooling,0,0,0,1,0,1,7.0,Medium,34.8,32.8,0,0
3318,Male,7,13,83.2,97.9,4,3000,0.7,Primary,1,0,1,0,0,1,8.0,High,44.9,32.6,0,0
3319,Male,9,15,72.0,76.7,0,7400,2.0,Primary,0,1,1,0,0,0,3.7,Medium,41.7,40.4,0,0
3320,Male,6,13,94.0,46.4,0,5800,1.9,No Schooling,0,0,0,0,0,1,5.0,Low,43.6,21.1,1,0
3321,Male,6,11,73.2,54.5,0,6100,8.7,Primary,1,0,1,0,0,1,1.7,Medium,40.6,42.3,3,0
3322,Male,6,11,83.0,100.0,3,6700,0.2,Secondary,0,0,0,0,0,0,5.6,High,27.8,28.2,3,0
3323,Female,9,13,80.4,36.2,0,6900,11.0,Graduate,0,0,0,0,1,1,3.4,Low,21.4,8.8,0,0
3324,Female,10,17,63.8,49.8,0,15900,1.0,Higher Secondary,0,0,1,1,1,0,3.7,Low,25.6,31.6,2,0
3325,Female,9,13,66.6,77.5,3,15200,0.3,Higher Secondary,0,1,1,0,0,1,4.6,Medium,42.1,33.2,0,1
3326,Female,8,14,77.4,68.0,0,6000,0.7,Primary,0,0,1,0,0,1,5.3,Medium,22.6,20.2,1,0
3327,Male,10,17,77.1,43.1,1,6200,0.1,Higher Secondary,0,0,1,0,0,1,4.3,Low,44.6,21.3,0,0
3328,Female,7,13,73.0,91.8,0,14100,2.7,Secondary,0,0,1,0,0,1,5.6,Low,44.8,33.4,1,0
3329,Male,6,12,85.5,29.5,1,9800,0.2,Primary,0,0,1,0,0,1,2.1,Low,41.5,31.3,0,0
3330,Male,8,12,92.2,100.0,0,15500,2.6,Primary,0,0,0,0,0,0,4.5,Low,36.0,48.2,1,0
3331,Female,7,13,84.5,77.4,0,11500,6.3,Higher Secondary,1,0,1,1,0,0,4.5,Low,47.3,34.2,1,0
3332,Male,8,12,83.8,100.0,0,7900,3.7,No Schooling,0,1,0,0,0,1,5.2,Medium,61.5,47.5,0,0
3333,Male,8,14,69.1,75.1,0,9300,2.1,Secondary,0,0,0,0,1,0,6.0,Medium,28.4,43.6,2,0
3334,Male,7,13,86.0,59.2,0,3000,5.6,Primary,0,0,0,0,0,1,4.0,Low,46.7,14.9,2,0
3335,Male,8,13,86.4,77.0,0,5200,2.9,No Schooling,0,0,0,0,0,1,6.6,Low,12.0,41.7,0,0
3336,Male,7,13,86.7,100.0,3,22700,0.5,Primary,0,0,0,0,0,1,3.4,Low,61.0,52.2,0,1
3337,Female,6,12,82.1,98.5,0,16800,0.1,Secondary,1,0,0,1,0,1,8.0,Low,66.6,45.5,0,0
3338,Female,10,14,77.9,84.7,5,6800,2.2,Secondary,1,0,0,1,0,1,4.4,Medium,45.3,36.5,0,1
3339,Male,9,14,80.7,64.5,3,3700,0.2,No Schooling,0,1,1,0,0,0,5.6,Low,41.8,42.4,0,0
3340,Female,6,11,83.0,79.9,0,12800,4.8,Higher Secondary,0,0,0,0,0,1,4.4,Medium,36.3,47.8,2,0
3341,Male,6,10,90.3,57.5,0,3000,0.1,Secondary,0,0,0,0,0,0,4.7,Low,50.2,37.2,0,0
3342,Female,6,11,95.6,100.0,4,11300,0.1,Primary,0,0,1,0,1,1,5.8,High,37.5,35.1,0,0
3343,Male,6,10,81.4,69.7,1,8400,1.4,Secondary,0,0,1,0,0,1,5.1,Low,34.7,30.7,1,0
3344,Male,6,11,91.3,61.1,0,6700,3.4,Secondary,0,0,0,0,0,0,4.2,Low,67.8,4.9,0,0
3345,Male,6,10,68.0,59.6,0,17000,0.7,Primary,0,0,0,0,1,0,6.4,Low,35.5,19.3,0,0
3346,Female,10,14,97.2,35.8,2,15300,1.3,Secondary,0,0,0,0,1,1,2.5,Medium,34.6,17.0,0,0
3347,Female,10,17,80.8,68.8,2,13900,0.1,No Schooling,0,0,1,0,0,1,5.7,Low,32.7,20.3,0,0
3348,Female,9,13,83.6,38.5,0,24100,4.5,Secondary,0,0,1,0,0,1,3.4,Medium,51.2,22.1,0,0
3349,Female,8,12,72.1,36.6,0,5500,1.0,Higher Secondary,0,0,0,0,0,1,0.9,Low,46.4,39.3,1,0
3350,Male,9,14,81.3,48.1,2,5600,11.3,No Schooling,1,0,1,0,0,1,4.4,Low,43.5,31.3,1,1
3351,Male,9,13,93.5,60.2,2,8500,3.3,Graduate,1,0,0,0,0,1,4.7,Low,47.7,30.1,0,0
3352,Male,10,17,77.8,98.9,0,28700,4.8,No Schooling,0,1,0,0,0,1,4.4,Low,40.5,46.2,1,0
3353,Male,9,16,53.3,32.1,0,3000,0.8,Primary,0,0,0,1,1,1,0.0,Medium,16.4,7.1,0,1
3354,Male,9,16,91.0,37.5,0,5600,3.5,Primary,0,0,0,0,0,0,3.8,Low,49.6,12.6,0,0
3355,Male,9,16,64.6,45.9,1,5300,2.0,No Schooling,0,0,0,1,0,1,3.5,Low,46.6,26.3,0,1
3356,Male,8,12,92.2,87.2,0,11500,0.2,Primary,0,0,1,0,1,1,4.7,Low,64.4,60.4,0,0
3357,Female,6,12,86.6,79.7,0,3600,0.5,Primary,0,0,1,0,0,1,4.8,High,58.7,48.1,0,0
3358,Male,6,10,97.8,100.0,0,8500,0.4,Graduate,0,0,0,0,1,1,7.2,Low,63.1,62.2,0,0
3359,Female,7,12,87.3,83.8,1,26900,0.4,Secondary,0,0,0,0,0,1,3.9,Low,47.6,38.8,2,0
3360,Female,6,11,71.2,89.1,0,3400,0.1,Primary,0,0,0,0,0,1,4.7,High,47.6,35.6,0,0
3361,Male,6,12,74.6,55.2,4,4400,6.8,No Schooling,1,0,0,0,0,0,4.1,Low,24.7,11.1,1,1
3362,Male,6,11,88.0,59.3,0,8900,0.6,Secondary,0,0,1,1,1,1,4.7,Low,54.4,24.3,0,0
3363,Female,7,12,86.5,80.0,3,15400,1.9,Graduate,1,0,1,0,0,1,5.6,Low,50.3,37.0,0,0
3364,Female,10,17,79.8,87.2,0,9300,2.8,No Schooling,0,0,1,0,0,1,8.0,Low,44.8,28.8,1,0
3365,Male,7,11,88.3,77.0,3,15800,0.6,Graduate,0,1,0,0,1,1,5.5,Medium,49.0,28.4,1,0
3366,Male,7,12,55.6,75.2,0,15700,3.8,No Schooling,0,0,1,1,0,1,6.3,Medium,37.5,44.5,0,0
3367,Female,7,12,90.0,59.6,0,3700,3.2,Primary,0,1,0,0,0,1,0.0,Medium,56.9,19.4,2,0
3368,Female,7,14,97.0,91.1,0,7300,2.6,Secondary,0,0,0,0,1,1,8.0,Low,35.4,47.7,0,0
3369,Male,9,15,91.0,73.4,0,3000,1.5,Graduate,0,0,1,0,0,0,6.5,Low,53.6,45.2,0,0
3370,Male,9,13,91.5,55.8,0,11700,0.3,No Schooling,0,0,1,0,1,1,1.3,Low,39.9,30.0,0,0
3371,Female,6,10,95.0,86.7,0,36000,0.6,Higher Secondary,0,0,0,1,0,1,3.3,Medium,39.6,18.1,0,0
3372,Male,8,15,92.8,77.0,1,5400,0.6,Primary,0,0,1,0,0,1,4.6,Medium,43.6,37.4,0,0
3373,Female,6,13,69.1,62.0,1,6500,0.3,Higher Secondary,0,0,1,0,0,1,4.5,Low,22.3,23.6,0,0
3374,Male,9,16,87.1,88.6,0,5000,0.7,Graduate,1,0,0,0,1,1,6.6,Medium,55.4,38.8,0,0
3375,Male,10,14,60.0,74.1,2,23000,0.5,Primary,0,0,1,0,0,1,5.6,Low,51.2,30.9,0,0
3376,Male,10,16,81.8,81.6,0,12700,0.4,Graduate,0,0,1,1,0,1,3.3,Low,31.2,26.9,0,0
3377,Male,6,12,56.5,43.5,1,6600,7.0,Primary,0,0,1,0,1,1,3.5,Low,49.8,31.6,1,0
3378,Female,9,16,87.1,78.5,0,3100,1.6,Primary,0,0,1,0,0,0,6.1,Low,31.7,30.9,0,0
3379,Male,9,14,99.7,38.6,0,6700,0.3,Primary,0,0,0,1,0,1,2.6,High,26.6,20.2,0,0
3380,Female,10,15,87.1,45.4,1,3900,2.0,No Schooling,1,0,0,0,1,1,3.0,Medium,42.3,20.1,1,0
3381,Male,7,13,89.3,80.9,0,7500,1.3,Secondary,0,0,0,0,0,1,6.5,Low,54.2,61.9,0,1
3382,Female,8,12,95.5,91.4,0,9000,3.9,Primary,0,1,1,0,0,1,4.5,Low,53.4,23.0,1,0
3383,Female,7,13,88.9,96.5,4,4400,4.9,Secondary,0,0,1,1,0,1,4.8,Medium,48.0,45.5,0,0
3384,Female,6,11,66.6,86.7,0,6200,1.5,Graduate,0,0,0,0,0,1,6.4,Low,43.4,34.3,2,1
3385,Male,9,13,65.4,82.3,2,16100,0.3,Secondary,0,0,0,0,0,0,4.6,Low,46.3,26.7,0,0
3386,Female,8,15,83.6,75.3,2,5200,0.4,Primary,0,0,1,0,0,1,6.1,Medium,27.4,60.3,3,0
3387,Female,7,12,59.6,80.0,0,24600,6.2,Secondary,0,0,0,0,0,1,3.4,Low,17.7,38.0,0,0
3388,Female,10,17,80.8,53.2,0,11700,5.6,Secondary,0,1,0,0,1,1,3.2,High,47.5,37.7,0,0
3389,Male,8,13,84.6,34.5,1,10300,0.4,Secondary,0,0,1,0,0,1,2.1,Low,34.8,45.2,0,1
3390,Male,10,15,59.4,36.1,2,11300,3.8,Primary,0,0,1,0,0,1,5.0,High,41.3,11.0,0,1
3391,Male,9,14,93.3,44.4,4,3000,2.4,Primary,1,1,1,0,1,1,2.2,Medium,22.3,15.4,0,1
3392,Female,10,16,70.7,61.2,0,15600,1.5,Secondary,0,0,0,1,0,1,4.7,Low,48.6,42.6,0,0
3393,Female,9,13,79.1,25.9,1,18400,0.2,Higher Secondary,1,0,1,1,1,1,2.3,High,47.6,48.2,0,0
3394,Male,6,10,87.1,58.2,0,11900,1.3,No Schooling,0,0,0,0,0,1,3.4,Low,50.7,17.4,0,0
3395,Female,6,10,64.0,82.0,0,3100,1.9,Primary,0,0,0,0,0,1,6.8,Medium,46.3,46.3,2,0
3396,Female,10,14,76.3,41.6,0,11200,11.2,Primary,0,1,1,0,0,1,4.1,Low,54.9,37.7,0,1
3397,Male,6,11,76.0,35.4,5,3900,6.0,Secondary,0,0,1,0,0,1,3.8,Low,32.0,6.1,0,0
3398,Male,7,13,76.1,49.1,1,13400,2.4,Higher Secondary,0,0,1,1,0,1,3.3,Low,51.6,22.4,0,0
3399,Female,8,15,81.1,39.7,1,12400,0.8,Secondary,0,1,1,0,0,1,2.8,Low,17.8,20.5,1,0
3400,Female,6,11,90.0,77.0,3,6300,3.4,No Schooling,0,0,1,1,0,0,6.4,Low,56.3,35.8,1,0
3401,Male,7,12,80.4,55.0,0,9700,2.3,Secondary,0,0,1,0,0,1,5.8,Low,4.3,27.0,0,0
3402,Female,8,12,76.9,57.5,1,10000,7.3,Secondary,0,0,1,0,0,1,3.5,Low,44.0,24.8,0,0
3403,Female,7,11,73.8,70.7,0,19900,1.5,Primary,0,0,0,0,0,0,3.9,Low,30.4,43.5,0,0
3404,Female,9,16,83.7,44.3,0,11400,1.8,Secondary,0,0,1,0,0,1,1.3,Low,14.0,16.6,0,0
3405,Female,6,12,93.8,95.3,2,4100,0.2,No Schooling,0,0,0,0,0,0,4.2,Medium,56.6,49.7,0,0
3406,Female,8,14,83.1,100.0,0,3000,3.3,Primary,0,0,0,0,0,0,6.9,Low,36.8,45.6,0,0
3407,Male,6,11,92.7,50.3,3,21300,0.1,Secondary,0,0,0,0,0,1,0.9,High,51.1,21.0,0,0
3408,Male,8,14,84.2,50.3,0,3200,1.6,Secondary,0,0,0,0,0,1,4.4,Low,34.2,20.8,0,0
3409,Male,6,13,78.5,38.7,0,3600,0.4,Graduate,0,0,1,1,0,1,2.5,Medium,30.9,13.1,1,0
3410,Male,6,10,89.2,43.3,0,5900,3.9,Primary,0,0,0,0,0,1,1.8,Medium,39.2,42.2,0,0
3411,Female,9,14,87.9,100.0,0,6000,4.6,Higher Secondary,0,1,1,1,0,1,5.8,Medium,36.3,49.9,1,0
3412,Male,7,11,86.1,54.1,1,3000,2.8,Graduate,0,1,0,1,0,1,2.4,High,27.5,35.3,1,0
3413,Male,9,13,81.8,77.2,1,8500,6.4,Primary,0,0,0,0,1,1,2.8,Medium,50.4,50.7,0,0
3414,Male,7,13,92.3,100.0,0,3400,1.5,No Schooling,0,0,1,0,0,1,5.7,Low,53.4,47.4,1,0
3415,Male,7,13,91.7,99.9,0,10700,7.0,Graduate,0,1,0,0,1,1,7.2,Low,68.0,35.4,2,0
3416,Male,7,14,61.9,84.2,2,11400,15.0,No Schooling,0,0,0,0,1,1,4.7,Low,28.3,33.7,0,0
3417,Female,10,14,93.2,53.0,0,17600,0.1,Secondary,0,0,0,0,1,1,1.5,Medium,11.9,15.4,0,0
3418,Female,7,11,89.8,92.4,1,11200,0.9,No Schooling,0,0,1,0,0,0,7.3,Low,48.6,34.8,0,0
3419,Male,7,13,96.8,63.4,0,12800,0.3,Graduate,0,0,1,0,0,1,2.6,Medium,58.7,45.2,1,0
3420,Female,8,15,93.5,100.0,0,3000,2.9,No Schooling,1,0,0,0,0,1,6.7,Low,68.6,50.6,1,0
3421,Female,7,14,67.2,48.8,1,4600,8.5,No Schooling,1,0,0,0,1,1,6.0,Medium,31.8,18.9,1,0
3422,Male,9,16,89.3,31.2,0,39507,0.4,Primary,0,0,0,0,0,1,0.0,Low,46.1,27.4,0,0
3423,Female,10,17,69.2,56.3,1,14800,1.2,Higher Secondary,0,0,0,0,0,1,0.8,High,43.4,34.0,0,0
3424,Male,8,15,61.7,52.9,0,7800,2.6,No Schooling,0,0,1,0,0,1,5.1,Medium,46.0,34.2,0,0
3425,Male,8,13,78.7,20.7,0,6700,7.6,No Schooling,0,1,0,0,0,0,4.5,Low,40.8,27.5,1,0
3426,Female,7,13,91.7,69.1,1,12200,3.8,No Schooling,0,1,0,1,0,1,5.7,Low,37.4,31.4,0,0
3427,Male,10,16,70.1,34.9,1,3000,1.5,Secondary,0,0,0,0,0,1,3.2,High,57.7,45.5,1,0
3428,Female,8,13,94.4,89.4,2,4000,10.9,Secondary,0,0,0,0,0,1,8.0,Low,70.2,32.8,0,0
3429,Female,6,13,60.0,17.6,0,9200,5.1,Primary,0,0,1,0,1,1,2.9,Low,16.3,2.4,0,0
3430,Female,10,17,50.9,60.6,0,8300,1.9,Secondary,0,0,0,0,0,1,2.9,Low,47.5,36.9,0,0
3431,Female,10,16,82.4,41.3,0,11300,9.0,No Schooling,0,0,1,0,0,1,6.3,Medium,30.6,0.8,0,0
3432,Female,8,13,78.7,54.4,1,9800,2.0,No Schooling,0,0,1,0,1,1,4.3,Low,46.2,38.9,1,1
3433,Female,7,14,88.4,44.6,0,10700,1.1,Secondary,0,0,0,0,0,0,3.4,Medium,30.5,29.1,1,0
3434,Male,9,13,71.3,60.4,2,5400,2.3,Primary,0,0,1,0,0,1,1.7,Medium,32.7,28.2,1,1
3435,Male,10,14,92.6,58.9,0,20600,2.3,Graduate,0,0,1,0,0,1,5.8,Medium,42.6,43.3,1,0
3436,Female,8,13,69.0,100.0,0,3900,2.9,Secondary,0,0,1,0,0,0,4.8,Low,45.0,50.1,0,1
3437,Male,7,11,83.6,100.0,1,6900,1.6,Secondary,0,0,0,0,0,1,4.6,Low,47.2,48.4,1,0
3438,Male,7,12,90.0,79.4,1,8300,4.3,Primary,0,1,0,0,0,1,2.8,Low,55.0,24.2,2,1
3439,Male,7,12,59.5,78.6,0,12700,6.3,Higher Secondary,0,0,0,1,1,1,5.0,Low,18.8,52.7,0,0
3440,Female,6,12,76.7,57.7,0,4200,2.4,Higher Secondary,0,0,1,0,0,0,2.8,Low,49.4,35.1,1,1
3441,Male,9,14,94.7,75.9,2,7600,1.6,No Schooling,0,1,0,0,0,1,3.5,Low,44.1,36.3,0,1
3442,Male,6,13,84.1,69.7,1,16800,2.1,Secondary,1,1,1,1,0,1,3.1,Low,32.2,20.6,1,0
3443,Male,7,12,97.1,80.2,0,8100,2.8,Higher Secondary,0,1,0,0,0,1,4.5,Medium,38.4,22.8,0,0
3444,Male,10,15,86.5,59.9,3,9100,0.6,Higher Secondary,1,0,0,0,1,1,2.0,High,36.5,23.8,0,0
3445,Female,7,13,64.2,39.5,4,6200,0.2,Primary,1,0,1,0,0,0,3.6,Medium,41.0,20.5,2,1
3446,Male,7,12,89.7,10.9,0,8100,0.1,Primary,1,0,0,0,1,1,0.3,Low,42.9,18.6,0,1
3447,Female,10,16,72.4,47.2,0,7900,1.1,Primary,0,0,0,0,0,1,2.0,Low,28.1,10.8,0,0
3448,Female,6,13,81.3,96.6,2,10800,5.1,Higher Secondary,0,1,1,0,0,0,3.5,Medium,54.8,42.2,0,0
3449,Male,10,15,61.4,47.4,0,3400,3.5,Primary,0,0,0,0,1,1,6.1,Low,22.0,15.3,1,0
3450,Female,6,10,80.1,40.7,1,7400,12.3,Secondary,0,0,0,0,0,0,2.7,Low,34.0,29.2,0,0
3451,Female,7,11,66.1,54.9,1,8900,2.5,Higher Secondary,0,0,1,0,1,1,3.0,Low,16.0,13.3,0,0
3452,Female,9,13,81.8,26.0,1,14200,1.9,Secondary,0,1,0,0,0,1,0.9,Low,38.8,17.0,1,0
3453,Male,7,12,95.4,65.7,0,12900,3.6,Primary,0,0,0,0,0,0,6.3,Low,48.6,38.1,0,0
3454,Male,8,15,69.2,72.3,0,21500,0.1,Primary,1,0,0,1,0,1,5.1,Low,43.7,14.6,1,0
3455,Female,6,11,76.3,69.7,0,8200,4.3,Higher Secondary,0,0,1,0,1,1,5.8,Medium,30.6,28.8,0,0
3456,Female,8,15,87.2,88.0,0,3300,0.1,Higher Secondary,0,1,1,0,0,0,6.2,Medium,72.9,40.0,0,0
3457,Female,6,13,58.3,78.2,0,7700,4.7,Secondary,1,1,0,1,0,1,5.9,Medium,36.9,41.0,1,1
3458,Female,9,15,68.9,28.3,1,3000,2.3,Primary,0,0,0,1,1,1,1.8,Low,14.6,21.5,2,0
3459,Male,8,15,65.3,42.8,0,3000,2.3,Secondary,0,0,1,0,1,1,4.1,Low,29.7,42.2,1,0
3460,Female,8,13,85.6,41.7,1,5200,0.7,Secondary,0,0,1,0,0,1,4.5,Medium,40.4,9.5,0,0
3461,Male,6,13,69.3,44.3,0,9500,0.8,Primary,0,1,1,0,1,1,4.4,High,17.7,18.0,1,1
3462,Female,8,14,75.1,75.7,0,3800,6.3,Primary,0,0,0,0,1,1,5.9,Medium,60.9,26.9,0,0
3463,Male,8,12,90.1,78.2,0,20600,0.8,Secondary,0,0,0,0,0,1,4.9,Medium,32.0,38.3,1,0
3464,Male,7,14,85.9,70.7,0,9500,1.7,Secondary,0,0,0,0,0,0,4.2,Low,34.4,33.2,0,0
3465,Female,9,16,73.8,59.8,1,19300,5.3,No Schooling,1,0,1,0,1,1,4.8,Medium,13.2,30.4,0,0
3466,Female,6,13,79.3,100.0,0,27400,0.9,No Schooling,0,0,1,1,1,1,6.7,Low,44.5,38.2,0,0
3467,Female,6,11,84.3,77.6,1,16200,4.1,Secondary,0,1,1,1,0,1,5.0,Low,48.1,19.3,0,0
3468,Male,9,13,72.7,77.7,3,5800,0.8,Secondary,0,0,0,0,0,1,6.3,Low,31.0,65.4,1,0
3469,Male,6,12,83.8,100.0,0,3900,2.0,Higher Secondary,0,0,0,0,0,1,6.4,Low,46.5,62.4,0,0
3470,Female,7,14,88.5,44.1,0,4200,0.4,Primary,1,1,1,0,0,1,1.8,Medium,16.9,16.4,0,0
3471,Male,9,16,76.8,71.1,0,8900,5.7,Primary,0,1,0,0,0,1,3.1,Low,39.3,26.1,1,0
3472,Male,9,15,84.8,65.3,2,5900,2.2,Primary,0,0,1,0,1,0,5.0,Low,25.0,22.3,0,0
3473,Female,6,13,46.4,32.1,0,3900,3.4,Graduate,0,0,0,0,1,1,1.8,Low,31.9,5.1,0,0
3474,Male,6,10,70.2,59.8,5,12300,0.7,Secondary,0,0,0,0,0,1,6.6,Low,32.7,30.6,1,1
3475,Female,8,14,61.0,47.1,0,11600,6.2,Secondary,0,0,0,0,0,1,3.6,Medium,33.5,25.7,0,0
3476,Male,8,12,72.1,63.1,3,4200,1.9,No Schooling,0,0,0,0,1,0,3.1,Medium,46.4,31.5,1,0
3477,Female,8,14,89.2,87.6,2,5500,2.3,Secondary,0,0,0,1,1,1,3.6,Low,57.7,44.8,0,0
3478,Female,9,13,72.3,48.5,0,3000,7.6,Primary,1,0,1,0,0,0,5.4,Medium,52.0,26.7,0,0
3479,Female,9,15,69.7,44.2,1,8600,6.7,Secondary,0,0,0,0,1,1,0.8,Low,37.4,4.5,2,0
3480,Female,10,17,91.0,91.5,0,5900,1.6,No Schooling,1,0,0,0,0,1,5.7,Low,35.6,49.7,0,0
3481,Male,7,11,80.2,60.2,0,16100,8.2,Secondary,0,0,1,0,0,1,4.8,Low,48.3,34.6,0,0
3482,Female,6,11,83.8,86.5,1,8000,3.9,No Schooling,0,0,0,0,1,1,2.8,Medium,45.4,29.1,0,0
3483,Female,7,11,62.3,74.4,1,4700,9.9,Graduate,0,0,1,0,0,1,3.0,Low,28.1,34.1,0,1
3484,Female,6,12,65.1,59.6,0,8100,2.2,No Schooling,0,0,1,1,0,1,2.7,Low,35.9,13.1,0,0
3485,Female,7,14,95.5,71.5,2,6500,2.0,Primary,0,0,1,0,1,1,7.7,Medium,45.0,41.2,1,0
3486,Female,10,14,90.5,74.5,1,4700,1.1,Primary,0,0,1,0,0,1,4.7,Medium,39.0,33.2,0,0
3487,Female,7,13,90.5,60.6,1,7200,0.3,Primary,1,1,0,0,0,1,4.6,Medium,53.0,33.9,0,1
3488,Female,6,13,52.8,42.9,1,3200,5.2,Higher Secondary,0,0,0,0,0,1,5.7,Medium,24.1,31.2,0,0
3489,Male,8,12,67.6,67.4,0,8800,1.1,Higher Secondary,0,0,0,0,0,1,3.9,High,33.7,28.0,1,0
3490,Male,10,15,78.4,100.0,0,9300,0.1,No Schooling,1,0,0,1,0,1,2.6,High,44.8,51.6,0,0
3491,Female,6,10,91.0,63.8,1,16800,0.7,Secondary,1,1,0,0,1,1,0.5,Low,52.7,36.6,0,0
3492,Male,9,16,84.0,59.9,2,8900,0.1,Higher Secondary,0,0,0,0,1,1,2.5,Low,28.0,46.6,1,1
3493,Female,10,16,50.1,43.3,3,4000,0.2,Secondary,0,0,0,0,0,1,4.1,Low,38.0,9.3,0,1
3494,Female,7,13,87.7,29.2,0,3000,1.7,Primary,0,0,1,0,0,1,4.9,Low,28.5,43.2,0,0
3495,Male,8,15,75.2,70.0,1,3700,9.2,Primary,0,0,0,0,0,0,5.4,Low,29.5,10.4,0,0
3496,Female,8,15,88.7,66.9,0,10000,0.1,No Schooling,0,0,0,0,0,1,3.4,High,57.9,25.3,0,0
3497,Female,7,12,73.5,40.7,0,18700,0.3,Secondary,1,0,1,1,0,0,1.7,Medium,19.2,33.2,1,0
3498,Female,7,13,99.5,55.7,0,8500,4.5,Secondary,0,0,0,1,0,0,6.7,Low,56.5,32.2,0,0
3499,Male,6,11,89.1,73.2,4,4500,5.5,No Schooling,0,0,1,0,0,1,8.0,Low,50.1,32.9,0,0
3500,Female,9,15,77.3,68.5,1,9400,1.3,Primary,0,0,1,0,0,0,4.6,High,47.7,35.5,0,0
3501,Male,10,17,85.4,67.9,0,3000,7.3,Primary,0,0,0,0,1,1,5.4,Low,34.5,19.1,0,0
3502,Female,7,14,82.3,82.6,2,8200,1.5,Graduate,0,0,0,0,0,0,5.4,Low,25.2,28.0,0,0
3503,Male,8,15,77.2,72.5,0,12200,0.7,No Schooling,0,0,1,0,0,1,4.2,Low,52.9,27.8,0,0
3504,Female,7,12,78.6,73.5,0,4600,0.1,Secondary,0,0,0,0,0,0,4.7,Low,50.4,18.0,0,0
3505,Female,6,13,89.8,74.0,0,16000,0.3,Primary,0,0,0,1,1,1,2.5,Low,48.0,21.0,0,0
3506,Female,9,16,83.9,6.3,0,21600,5.8,Primary,0,0,1,0,0,0,0.1,Low,36.7,4.7,0,0
3507,Male,6,12,83.3,78.6,0,12000,1.7,Secondary,0,0,0,0,0,1,5.4,Medium,58.1,14.9,1,0
3508,Female,9,13,98.9,100.0,5,10500,1.3,Higher Secondary,1,0,0,0,0,0,8.0,Medium,51.1,27.2,0,0
3509,Female,7,11,82.3,84.8,0,3000,2.5,No Schooling,0,0,0,0,0,1,5.3,Low,54.4,45.2,1,0
3510,Male,9,15,74.9,48.8,0,10000,0.5,No Schooling,0,0,1,0,1,1,7.6,Medium,42.9,18.8,0,0
3511,Female,7,14,54.0,66.2,0,15900,0.8,Primary,0,0,0,0,0,1,3.0,Low,28.1,38.2,0,0
3512,Female,7,14,83.1,51.3,0,7400,0.2,Primary,0,0,1,1,0,1,3.9,Low,27.9,14.6,0,0
3513,Female,9,13,84.1,76.0,0,14300,3.9,Graduate,0,0,0,0,0,1,6.2,Low,43.6,21.1,0,0
3514,Female,8,15,65.2,52.7,1,8900,3.1,Secondary,0,0,0,0,1,1,2.9,Medium,26.9,20.6,0,0
3515,Female,6,13,67.3,9.0,0,8400,0.6,Secondary,0,0,1,0,0,1,3.2,Medium,11.2,18.4,0,0
3516,Female,10,15,81.5,58.7,5,11400,0.1,Higher Secondary,1,1,1,0,0,1,7.2,Low,38.6,21.2,0,1
3517,Female,7,12,80.5,41.8,0,7100,0.1,Secondary,0,0,0,1,1,0,1.3,Low,41.3,8.1,0,0
3518,Male,6,11,91.9,75.5,0,4700,0.8,Primary,0,0,1,0,1,1,4.3,Low,42.8,28.5,0,0
3519,Female,7,13,60.4,70.4,4,6800,2.1,No Schooling,0,0,0,0,0,1,2.4,Low,60.2,19.6,0,0
3520,Female,8,15,77.7,68.0,0,6300,0.3,Primary,0,0,0,0,0,1,2.3,Medium,56.6,12.6,0,0
3521,Female,8,12,90.9,100.0,0,10600,1.5,Primary,0,0,0,1,0,1,7.9,Medium,31.5,37.4,1,0
3522,Female,10,15,68.6,81.4,0,4300,0.6,Primary,0,0,1,0,0,1,6.3,Low,42.2,48.5,0,0
3523,Male,8,12,88.5,71.0,1,18300,4.3,Primary,0,1,0,0,0,1,3.4,Medium,31.0,48.5,0,0
3524,Male,7,14,86.5,95.0,0,10200,9.2,Primary,1,0,1,0,1,1,6.9,High,30.0,26.9,0,0
3525,Male,7,12,76.7,83.4,1,18700,3.0,Secondary,0,0,0,0,0,1,2.7,Medium,23.7,29.7,1,0
3526,Male,6,11,74.0,79.8,3,6800,2.9,Graduate,0,0,0,0,0,1,5.2,High,10.0,39.0,1,0
3527,Male,9,13,70.9,58.1,1,3200,0.3,Primary,1,1,0,0,1,1,3.4,Low,42.0,54.1,1,1
3528,Male,6,10,81.9,71.5,0,3400,2.1,No Schooling,0,0,0,0,0,0,4.8,Medium,30.7,48.3,0,0
3529,Female,8,13,97.3,99.3,0,5100,1.9,Primary,0,0,0,0,1,0,5.4,Medium,57.5,48.5,1,0
3530,Male,8,15,90.1,100.0,1,3900,3.5,Secondary,0,0,1,1,0,1,5.1,Low,39.4,20.2,0,0
3531,Male,9,14,83.4,98.4,1,3000,1.8,Higher Secondary,0,0,0,0,0,1,7.4,High,43.7,32.0,0,0
3532,Male,6,11,94.4,83.6,0,9200,1.4,Secondary,0,0,0,0,1,0,5.0,Low,39.9,23.5,0,0
3533,Male,6,12,85.8,80.8,0,10300,5.4,Secondary,0,0,0,1,0,1,5.7,Low,35.5,41.1,0,0
3534,Male,10,15,69.8,60.6,0,6900,0.8,Primary,0,0,0,0,1,1,2.8,High,32.2,44.4,0,0
3535,Female,8,14,91.5,93.5,0,21600,1.9,Secondary,0,0,0,0,0,1,3.0,Low,51.4,24.5,0,0
3536,Female,8,13,87.6,100.0,3,7900,0.3,Higher Secondary,0,0,0,0,1,1,5.5,Low,44.0,59.0,0,0
3537,Male,9,14,90.5,61.5,5,6400,0.9,Primary,0,1,0,0,0,1,2.1,Medium,23.6,12.6,0,0
3538,Female,10,17,98.4,76.5,1,6600,4.5,Secondary,0,1,1,0,1,0,4.4,Medium,27.5,28.1,0,0
3539,Male,7,14,89.5,84.3,3,13700,4.1,Secondary,0,0,0,0,1,1,6.6,Low,42.7,33.9,0,0
3540,Male,10,16,65.1,80.6,3,3100,6.6,Secondary,0,0,0,0,0,0,3.9,Medium,34.2,10.4,1,1
3541,Female,6,11,91.0,100.0,0,3000,0.7,Secondary,0,0,0,0,0,1,8.0,Medium,51.9,54.8,0,0
3542,Female,10,17,78.4,15.9,0,9400,1.4,No Schooling,0,0,1,0,0,1,2.1,Low,23.6,11.0,0,0
3543,Female,6,11,92.3,17.8,0,9400,4.2,Graduate,0,0,0,0,0,1,6.4,Low,25.0,8.9,0,0
3544,Male,7,12,80.0,59.5,0,12300,0.3,Graduate,0,0,0,0,0,0,4.1,Low,39.3,42.7,0,0
3545,Male,6,12,73.6,39.1,0,8000,0.4,Higher Secondary,1,0,1,0,1,1,3.7,Low,22.2,17.1,0,0
3546,Male,9,14,64.0,84.5,0,27800,0.9,Graduate,0,0,1,0,0,1,2.0,Low,23.2,28.0,0,0
3547,Male,10,17,97.5,80.9,0,14400,0.8,Higher Secondary,0,0,1,0,0,0,4.0,Medium,37.5,15.1,1,0
3548,Female,7,11,92.5,94.6,0,3000,0.6,Primary,0,1,0,0,1,1,5.0,Low,53.5,35.2,0,0
3549,Male,7,11,74.6,41.7,1,3100,1.7,No Schooling,0,1,0,1,0,1,5.6,Low,44.9,26.3,0,0
3550,Female,7,12,65.6,67.6,2,3000,9.3,No Schooling,0,0,1,0,0,1,3.2,Medium,56.4,32.5,0,0
3551,Female,6,13,85.4,49.8,0,8600,1.7,No Schooling,0,0,0,0,1,1,5.3,Medium,25.7,8.8,0,0
3552,Female,9,13,80.7,54.3,1,9300,0.7,Secondary,0,0,1,0,0,1,5.8,Medium,31.3,33.6,0,0
3553,Male,6,13,72.3,32.6,0,26800,2.6,Primary,0,0,0,1,1,1,1.1,High,38.9,10.6,0,0
3554,Male,10,14,73.9,13.8,1,4800,1.2,Primary,0,0,1,1,1,1,2.6,Low,14.5,10.1,1,1
3555,Male,10,16,76.4,95.8,0,4300,12.3,Secondary,1,0,1,1,0,1,5.8,Low,43.5,51.4,1,0
3556,Female,6,11,96.3,78.2,2,9700,3.3,No Schooling,1,0,0,0,0,1,5.8,Low,28.2,30.0,0,0
3557,Male,8,12,65.8,70.5,0,3900,0.7,Secondary,0,0,0,0,0,0,4.7,Medium,35.7,30.4,0,0
3558,Female,10,16,87.4,59.2,2,6800,0.3,Secondary,0,0,0,0,0,1,3.4,Low,61.6,45.5,0,0
3559,Female,10,14,80.3,89.2,0,15500,0.1,Primary,0,0,0,0,1,1,3.7,Medium,60.7,41.5,0,0
3560,Male,9,14,76.1,91.9,4,14000,1.8,Primary,0,0,1,0,0,1,7.1,Low,46.6,54.6,1,1
3561,Female,6,12,86.7,63.7,1,17100,0.9,Secondary,0,0,0,0,0,0,2.2,Medium,38.3,34.9,0,1
3562,Male,6,12,79.6,55.0,3,3200,0.6,Secondary,0,0,0,0,1,1,5.1,Low,25.6,16.5,0,0
3563,Female,9,13,93.0,60.7,0,12000,0.7,Secondary,0,0,0,0,1,1,3.2,Medium,46.6,41.8,0,0
3564,Male,7,12,68.6,74.6,0,8200,5.2,Primary,0,0,0,0,1,1,7.0,Medium,37.9,44.0,0,0
3565,Female,9,15,92.7,63.5,0,42500,1.1,Graduate,1,0,0,0,0,1,5.7,High,52.0,34.6,0,0
3566,Female,9,15,78.3,61.3,0,13400,0.7,Higher Secondary,0,0,1,0,0,1,5.4,Low,38.9,42.5,0,0
3567,Female,7,13,61.5,41.5,0,8100,5.8,Secondary,0,0,1,1,1,1,3.2,Low,31.9,33.9,1,0
3568,Male,6,13,91.7,38.7,0,16600,0.2,Primary,0,0,1,0,0,1,3.8,Low,68.1,22.3,0,0
3569,Female,7,11,97.4,52.8,0,12200,1.7,Primary,0,0,0,0,0,1,3.8,Low,52.7,27.4,0,0
3570,Male,10,17,82.7,99.3,0,13800,2.6,Primary,0,0,0,0,1,1,6.0,Low,44.2,34.0,0,0
3571,Female,7,14,80.1,44.1,0,11600,0.3,Secondary,0,0,0,0,0,1,4.8,Medium,46.5,26.1,0,0
3572,Male,6,13,86.1,71.3,1,6200,0.5,Higher Secondary,0,1,0,0,0,1,4.7,Low,56.4,46.6,1,0
3573,Male,10,17,82.2,78.1,3,6200,2.7,Primary,0,0,0,0,0,0,5.2,High,36.3,13.1,0,1
3574,Male,9,13,98.4,74.3,0,13300,2.4,Secondary,0,0,1,1,0,1,7.2,Medium,46.6,32.2,0,0
3575,Male,8,14,76.4,85.6,0,5300,0.6,Secondary,0,0,0,0,1,1,7.7,Low,37.0,32.6,1,0
3576,Male,10,15,57.6,51.6,1,9200,1.4,Primary,0,0,0,0,0,1,0.9,Low,28.6,32.3,0,0
3577,Female,7,14,72.1,48.5,1,11600,9.9,No Schooling,0,0,0,0,0,1,0.0,Low,63.4,41.1,0,0
3578,Male,10,17,69.7,53.0,2,5500,7.7,Secondary,0,0,1,0,0,1,5.3,Low,47.8,28.5,0,0
3579,Female,10,14,89.2,100.0,0,11200,0.4,No Schooling,0,0,0,0,0,1,7.9,Medium,34.5,46.5,1,0
3580,Male,7,14,74.1,68.0,3,8300,7.3,Graduate,0,0,0,0,0,0,3.6,Medium,32.9,42.0,0,1
3581,Female,7,13,74.8,57.3,0,6300,2.8,Secondary,0,0,1,0,0,1,6.0,Low,29.3,27.4,1,0
3582,Female,7,13,55.6,21.1,0,14000,9.3,Primary,1,0,0,0,0,1,1.0,Low,16.5,0.0,1,0
3583,Male,9,14,92.5,77.6,0,3400,1.6,Secondary,0,0,0,0,0,0,4.2,Low,42.7,27.3,0,0
3584,Female,9,14,87.4,55.2,4,3400,0.2,Secondary,0,1,0,0,0,1,6.0,Low,30.0,28.5,0,1
3585,Female,8,15,82.2,10.9,0,8400,10.0,Secondary,0,0,1,0,1,1,0.3,Low,1.4,22.2,0,0
3586,Female,10,17,96.3,67.6,1,3700,0.1,Secondary,1,0,0,0,0,1,4.0,High,54.7,26.5,0,0
3587,Male,8,14,84.8,75.4,2,20100,4.2,Higher Secondary,0,0,1,0,0,1,4.7,Low,67.6,42.2,0,0
3588,Male,9,16,85.0,81.3,3,6500,4.7,Secondary,1,0,0,1,0,1,6.5,High,45.8,12.2,0,0
3589,Female,9,13,72.5,58.4,1,3100,2.4,Primary,0,0,0,0,0,0,2.5,Low,28.0,36.2,0,0
3590,Male,8,13,70.6,58.1,0,7300,2.3,Secondary,1,0,1,0,0,1,2.4,Low,32.6,34.6,1,0
3591,Female,6,12,72.3,69.1,2,28400,2.4,Primary,0,0,1,1,1,0,3.8,Medium,59.9,43.0,0,0
3592,Male,9,13,81.5,65.8,2,4400,5.9,Primary,0,0,1,1,0,1,3.7,Low,38.9,25.2,0,0
3593,Female,9,14,93.8,58.0,3,5300,6.8,No Schooling,0,0,0,0,0,1,4.4,Low,62.6,42.2,1,0
3594,Male,6,13,85.0,100.0,0,12000,0.2,No Schooling,0,0,0,0,1,1,4.6,Low,68.6,44.3,0,0
3595,Male,9,15,53.1,21.2,0,21800,3.0,No Schooling,0,0,1,0,0,0,2.1,Low,18.2,20.1,0,0
3596,Female,8,14,74.5,52.9,0,4100,3.2,Secondary,0,0,0,0,0,1,2.9,Medium,24.2,8.0,2,0
3597,Female,7,11,90.3,63.8,1,4800,0.1,Higher Secondary,0,0,1,0,0,1,4.1,High,47.9,43.7,0,0
3598,Female,10,14,69.2,62.1,0,3000,1.9,Secondary,0,0,1,0,1,1,5.5,Low,45.3,34.6,0,0
3599,Female,7,12,83.1,84.9,0,8000,7.4,Primary,0,0,1,0,1,0,7.3,Low,53.0,52.5,0,0
3600,Male,8,13,76.8,57.8,0,9700,0.9,Secondary,0,0,0,0,0,1,4.1,Low,75.9,28.5,0,0
3601,Male,8,12,88.4,44.7,1,15400,0.9,Higher Secondary,0,0,0,0,0,1,5.4,High,44.5,13.6,0,0
3602,Male,6,12,87.0,58.8,1,11000,6.3,Secondary,0,0,0,0,0,1,1.8,High,27.6,37.0,0,0
3603,Male,7,14,77.3,82.4,0,8800,1.2,Higher Secondary,0,0,0,0,0,1,5.7,High,50.7,53.0,1,0
3604,Male,7,13,79.2,36.9,1,9800,6.5,No Schooling,0,0,0,0,0,1,5.2,Low,43.0,21.2,0,0
3605,Female,6,10,46.7,77.9,0,12400,2.6,No Schooling,0,0,0,0,0,1,4.7,Low,10.5,31.3,2,0
3606,Male,9,16,96.0,84.5,0,3600,2.9,No Schooling,0,0,1,1,1,1,7.0,Low,30.0,44.6,0,0
3607,Male,6,11,88.1,97.2,0,9700,5.3,Secondary,0,0,0,0,0,1,5.8,Low,50.2,47.4,0,0
3608,Male,10,14,61.4,47.6,0,3000,2.4,Primary,0,0,0,0,0,1,3.9,Medium,24.2,25.2,0,0
3609,Male,7,12,84.6,79.7,0,18100,1.6,No Schooling,0,0,0,0,0,1,4.7,Low,51.4,54.8,0,0
3610,Male,7,11,82.2,41.3,1,28800,2.6,Higher Secondary,0,0,0,0,0,0,0.9,Medium,35.4,19.5,1,0
3611,Female,10,16,86.6,86.2,0,5400,0.1,Higher Secondary,0,0,1,1,1,0,5.5,Low,55.2,48.6,1,1
3612,Male,8,14,76.2,42.1,0,10100,1.6,Primary,1,0,1,0,0,0,3.9,Medium,45.8,28.7,0,0
3613,Female,8,14,79.5,53.3,0,14300,4.5,Secondary,0,0,1,0,1,1,2.6,Medium,54.5,29.2,0,0
3614,Female,9,13,63.8,91.0,1,24200,3.1,Higher Secondary,0,0,1,0,1,0,5.3,Low,23.6,24.3,0,0
3615,Female,10,15,77.6,73.0,0,7400,5.3,Higher Secondary,0,1,0,0,1,1,4.0,Medium,45.9,30.2,1,1
3616,Female,6,11,79.1,50.1,0,5000,0.6,Secondary,0,0,0,0,1,1,4.6,Low,44.8,24.4,0,0
3617,Male,6,13,72.5,74.1,1,11300,0.3,No Schooling,0,1,1,0,0,1,6.0,Low,64.8,42.6,0,0
3618,Male,10,16,96.2,100.0,4,20500,1.5,Primary,0,0,0,0,0,1,5.6,High,25.4,22.8,1,0
3619,Male,6,12,79.8,57.2,0,8600,2.6,No Schooling,0,0,1,1,0,1,2.8,Low,39.8,34.7,2,0
3620,Female,9,14,84.4,99.3,0,21000,3.2,Primary,0,0,0,0,0,1,7.6,Low,34.7,43.0,0,0
3621,Female,8,13,91.9,23.8,1,16500,14.0,Secondary,0,1,1,1,0,1,2.0,High,29.6,19.8,0,0
3622,Male,8,15,74.8,50.8,0,13600,0.2,Higher Secondary,0,1,0,0,0,1,5.6,Low,41.4,16.5,0,0
3623,Male,9,16,93.2,65.2,0,8000,3.2,No Schooling,0,0,0,0,0,1,2.9,Medium,58.6,39.3,0,0
3624,Female,10,14,81.5,72.4,1,6900,0.3,No Schooling,0,0,0,0,0,1,5.2,Medium,36.0,35.2,0,0
3625,Female,6,12,92.5,84.7,0,27100,3.0,Primary,0,0,1,0,1,0,3.9,High,18.8,36.2,0,0
3626,Female,8,15,85.4,73.1,0,4400,3.3,Primary,1,1,1,0,0,1,3.6,Low,48.8,34.3,0,0
3627,Female,9,13,74.9,52.0,0,11700,1.7,Higher Secondary,1,0,1,0,0,1,4.9,Low,41.0,28.6,0,0
3628,Female,7,13,77.9,53.2,0,11100,10.3,Higher Secondary,0,0,0,1,0,0,1.8,Low,44.2,19.6,1,0
3629,Female,10,15,60.8,49.6,1,10400,1.2,Primary,1,0,0,0,0,1,4.2,Low,19.9,22.5,0,1
3630,Male,8,14,96.8,33.3,2,3800,4.7,No Schooling,0,0,1,0,0,1,4.0,Low,60.7,24.5,0,0
3631,Male,6,12,75.0,51.3,0,8600,3.5,Primary,1,0,0,0,0,0,3.7,Low,46.8,32.9,1,0
3632,Female,10,17,77.6,32.7,0,5600,12.3,Graduate,0,0,0,1,0,1,2.5,Low,35.1,21.9,0,0
3633,Female,10,14,78.9,76.5,0,15600,4.7,Primary,0,0,0,0,0,1,6.0,Medium,36.1,51.9,2,0
3634,Male,6,10,77.6,62.3,1,9700,1.5,No Schooling,0,0,1,0,0,1,1.2,Low,41.1,20.5,0,0
3635,Female,9,14,69.5,62.4,1,22900,2.3,Primary,0,0,1,0,1,0,6.3,High,38.2,34.2,0,0
3636,Male,6,13,74.3,20.5,0,22200,3.8,Primary,0,1,1,1,0,1,2.7,Low,36.6,25.2,0,0
3637,Female,6,12,49.4,63.6,0,6200,8.4,Graduate,0,0,0,0,0,0,4.5,Low,28.6,51.2,0,0
3638,Male,7,11,70.9,42.1,1,22200,0.2,Secondary,0,0,1,0,0,1,2.6,Medium,36.0,41.3,1,0
3639,Female,10,14,69.7,54.8,0,5300,1.0,Graduate,0,0,0,0,0,1,4.2,Medium,45.6,24.2,0,0
3640,Female,6,13,96.0,81.3,0,20700,0.8,No Schooling,0,0,1,1,0,0,7.6,Medium,49.1,29.4,0,0
3641,Male,6,10,83.9,36.6,1,3600,1.7,Primary,0,1,0,0,0,1,4.3,Medium,41.0,14.0,0,0
3642,Male,9,13,75.0,50.6,5,23000,1.1,Graduate,0,1,1,0,0,1,1.8,Low,37.0,10.5,0,1
3643,Female,7,12,81.9,64.3,1,5000,4.5,Secondary,0,0,0,0,0,1,2.8,Low,67.3,18.3,0,0
3644,Male,6,12,53.4,68.4,0,6400,1.0,No Schooling,0,0,0,0,1,1,4.7,Low,63.8,30.5,0,1
3645,Male,7,12,86.1,50.4,0,7200,2.8,Primary,0,0,1,0,0,1,2.0,Low,13.7,32.2,0,0
3646,Female,9,13,64.0,83.7,0,5400,2.2,No Schooling,0,0,0,0,0,0,3.7,Low,29.5,33.9,0,0
3647,Male,8,12,94.2,60.0,0,21100,0.4,Secondary,0,0,0,0,0,1,4.3,Medium,43.8,0.0,2,0
3648,Male,9,14,91.6,42.3,0,3000,5.9,Primary,0,0,0,0,0,1,3.3,High,44.7,11.2,1,0
3649,Male,6,13,67.5,51.1,0,11600,0.8,Higher Secondary,0,0,1,0,1,1,3.8,Low,44.0,25.4,0,0
3650,Female,8,12,78.3,37.6,4,12400,1.2,Secondary,0,0,0,0,1,1,3.5,Low,37.3,34.4,0,0
3651,Male,9,15,99.5,71.1,0,3900,0.5,Primary,0,0,0,0,1,1,3.5,Low,38.8,41.4,1,0
3652,Male,7,11,70.0,41.0,5,5900,0.4,Primary,0,1,0,0,1,1,2.0,Low,31.4,50.1,0,1
3653,Male,6,12,97.1,93.4,0,4000,1.5,Primary,0,1,0,0,1,1,4.7,Low,56.6,53.5,0,0
3654,Male,7,11,85.4,86.9,1,6500,2.9,Graduate,0,0,1,0,0,1,8.0,Low,40.3,65.5,0,1
3655,Male,7,11,88.5,92.4,0,15300,2.3,Primary,0,0,0,0,0,1,4.4,Medium,42.8,44.6,1,0
3656,Male,6,10,68.0,72.9,1,6200,0.1,Higher Secondary,0,0,1,0,0,1,3.4,Low,42.9,31.3,0,0
3657,Male,10,16,93.8,44.4,0,9900,3.7,Primary,0,0,0,0,1,0,0.0,Medium,29.7,33.0,2,0
3658,Male,8,14,87.7,31.0,4,7500,5.9,Secondary,0,0,1,0,0,1,2.5,Medium,39.4,15.2,1,1
3659,Female,8,12,75.2,73.0,0,33000,5.1,Graduate,0,0,1,1,0,1,3.7,Low,41.3,21.9,1,0
3660,Male,6,11,75.2,53.5,1,8900,0.2,Higher Secondary,0,0,0,1,1,1,5.1,High,43.6,12.5,0,0
3661,Male,8,13,80.4,55.5,1,4400,12.2,Secondary,1,0,0,1,1,0,3.5,Low,36.2,26.5,0,1
3662,Female,8,12,71.8,76.4,0,9600,3.4,Secondary,1,0,0,1,0,1,4.3,High,49.7,46.6,0,0
3663,Female,10,14,81.6,100.0,4,13200,0.3,No Schooling,0,0,1,0,0,1,6.0,High,58.3,47.4,0,0
3664,Female,7,14,93.9,82.1,0,5600,0.9,Higher Secondary,0,0,0,0,0,1,3.5,Low,58.2,29.3,0,0
3665,Male,9,15,82.4,50.9,0,20000,0.1,No Schooling,0,0,1,0,0,0,2.1,Medium,30.4,24.9,0,0
3666,Male,7,13,70.9,51.8,1,3000,0.2,Primary,0,0,0,0,0,1,4.6,Low,47.5,41.9,0,0
3667,Male,8,13,92.3,53.5,0,6000,5.0,Secondary,1,0,1,0,0,1,2.6,Low,65.6,35.8,1,0
3668,Male,10,15,72.1,96.1,1,8200,0.9,Primary,1,0,0,0,0,1,4.7,Low,43.5,23.9,0,0
3669,Male,8,15,80.3,79.6,1,16100,3.7,No Schooling,0,0,1,0,0,1,5.8,High,41.0,46.2,0,0
3670,Female,9,14,56.4,53.5,1,21800,0.5,No Schooling,0,0,0,0,0,1,5.7,Low,26.6,23.6,1,0
3671,Male,10,14,91.6,35.5,0,21400,2.8,Higher Secondary,0,0,1,0,0,1,2.5,Low,52.0,45.9,0,0
3672,Female,10,15,88.9,91.8,0,9100,3.7,Secondary,0,0,0,0,1,1,7.0,Medium,44.5,38.1,0,0
3673,Male,6,12,74.8,70.9,0,17900,1.6,Secondary,1,0,1,0,0,1,2.2,Low,62.0,50.4,0,0
3674,Male,6,12,95.5,64.5,0,12900,0.2,No Schooling,0,0,0,0,0,0,4.5,Low,57.8,35.4,0,0
3675,Female,8,14,89.5,72.9,4,8900,1.9,No Schooling,0,0,1,0,0,1,7.9,Medium,43.6,28.5,1,1
3676,Female,10,17,71.4,69.4,4,5700,5.6,Primary,0,0,1,0,0,1,4.5,High,40.6,45.2,1,0
3677,Male,8,12,81.5,62.3,0,9600,6.6,No Schooling,1,0,0,0,0,1,4.5,Low,25.0,9.0,0,0
3678,Female,7,13,72.2,55.1,1,19700,8.2,Secondary,0,1,0,0,0,1,1.7,Medium,35.6,35.0,0,1
3679,Male,8,15,75.7,67.9,0,8600,1.8,No Schooling,0,0,0,0,0,1,3.1,Low,20.1,25.9,0,0
3680,Male,6,13,86.4,59.9,1,6200,0.6,Secondary,0,0,0,1,0,1,4.1,Medium,36.8,30.8,0,0
3681,Female,6,13,67.7,11.1,0,18200,2.1,Primary,0,0,0,0,0,0,0.0,High,28.3,29.3,1,0
3682,Male,6,12,77.6,64.7,0,6000,5.9,Secondary,0,0,0,1,0,1,4.4,Medium,38.0,27.3,0,0
3683,Male,6,10,59.6,29.3,0,12000,3.8,Primary,0,1,0,0,0,0,3.6,Medium,34.3,22.8,1,0
3684,Male,9,16,76.8,67.9,0,10600,0.6,No Schooling,0,1,0,0,0,1,2.7,Low,53.7,35.9,1,0
3685,Male,7,11,98.7,35.0,0,15300,3.5,Higher Secondary,0,0,1,0,0,1,2.1,Low,22.0,24.2,0,0
3686,Male,6,12,90.5,48.7,0,14300,0.9,Primary,0,0,1,0,0,1,2.6,Medium,23.8,19.8,0,0
3687,Male,8,13,68.3,28.1,0,12900,6.0,Secondary,0,0,0,0,0,1,0.8,Medium,32.8,20.4,1,0
3688,Female,7,13,79.5,58.1,0,6500,1.1,Primary,0,0,0,1,1,1,3.6,Medium,54.7,40.1,1,0
3689,Female,7,14,74.3,42.4,0,5700,1.1,No Schooling,0,0,0,0,0,1,2.7,Medium,49.9,35.8,0,1
3690,Male,7,13,84.1,50.3,0,10200,4.1,Graduate,0,0,0,0,0,1,7.7,Low,45.1,27.8,0,0
3691,Male,6,10,76.8,64.2,0,9600,1.3,Secondary,0,0,1,0,0,1,1.8,Low,17.9,35.5,0,1
3692,Female,9,16,60.4,49.9,0,45900,3.4,No Schooling,0,0,1,0,1,0,2.1,Low,32.0,10.9,1,0
3693,Male,6,13,68.6,79.7,4,10400,3.4,Graduate,0,0,1,0,0,1,2.4,Low,43.5,34.2,0,1
3694,Female,6,10,85.2,82.9,3,8700,1.0,Higher Secondary,0,0,1,0,0,1,5.1,Medium,21.8,25.8,0,0
3695,Female,6,12,80.0,86.0,0,5500,2.1,Secondary,0,0,0,0,0,1,5.1,Low,28.2,27.0,0,0
3696,Male,7,11,93.9,86.1,0,4000,0.1,Secondary,0,0,1,0,0,1,5.7,Low,50.3,40.5,0,0
3697,Male,6,12,89.9,95.4,1,3000,0.5,Primary,0,0,0,0,0,1,5.3,Medium,48.2,11.3,1,1
3698,Male,7,11,86.9,89.1,0,3800,7.7,Graduate,0,0,0,1,1,1,7.4,Low,47.6,46.3,0,0
3699,Male,7,12,88.7,59.7,1,6600,0.8,Primary,0,0,0,0,0,1,4.4,Medium,22.0,27.4,2,0
3700,Male,6,11,96.1,76.5,0,16000,0.3,Secondary,0,0,1,1,0,1,7.0,Low,48.7,10.6,0,0
3701,Female,10,17,81.5,20.6,0,10900,0.7,Higher Secondary,0,0,1,0,0,1,3.8,Low,28.3,22.1,0,0
3702,Male,7,14,76.3,57.3,0,4100,0.2,Secondary,0,0,0,0,0,1,3.0,Low,31.2,24.6,0,0
3703,Female,6,13,93.5,28.0,0,5300,2.9,Primary,0,0,1,0,1,1,0.2,Low,42.1,13.3,0,0
3704,Female,8,14,77.3,61.6,2,7500,3.0,No Schooling,1,0,1,0,0,0,5.1,Low,38.9,30.8,0,0
3705,Male,6,11,92.8,61.8,0,6400,2.7,Secondary,0,0,1,0,1,1,3.7,Low,31.7,28.1,0,0
3706,Male,9,13,67.2,68.6,0,4500,3.7,Primary,0,0,0,0,0,1,5.1,Low,23.9,40.0,1,0
3707,Male,6,12,95.3,78.0,1,3000,1.9,Graduate,0,0,0,0,0,1,4.5,Medium,61.6,26.0,0,0
3708,Female,8,13,79.2,90.5,0,3900,0.7,Graduate,0,0,1,0,1,0,6.5,Medium,47.8,46.4,1,1
3709,Male,10,15,64.4,26.6,0,4000,0.6,Primary,0,0,1,0,0,1,0.1,Medium,21.2,36.2,0,0
3710,Female,6,10,79.6,49.5,0,18000,2.7,Secondary,0,0,1,0,1,1,5.0,Low,34.3,33.3,0,0
3711,Female,6,10,83.5,93.8,1,21600,0.1,Primary,0,0,1,1,1,0,5.9,Medium,59.4,52.0,0,0
3712,Female,8,15,58.4,50.5,2,3000,1.2,Secondary,0,0,0,0,1,0,3.3,Low,42.9,42.9,0,0
3713,Female,10,15,63.8,48.1,0,13800,6.1,Graduate,0,0,1,0,1,1,5.2,Low,41.0,29.3,0,0
3714,Female,7,14,78.8,73.9,0,19000,1.3,No Schooling,0,1,1,1,0,1,2.9,Medium,38.7,12.3,2,0
3715,Female,9,15,69.2,71.2,0,4700,0.1,Primary,0,0,0,0,1,1,0.9,Low,40.8,4.5,0,0
3716,Female,6,10,78.9,80.0,0,3000,2.8,Secondary,1,0,1,0,0,1,4.0,Low,38.7,72.5,1,0
3717,Female,9,13,73.5,80.1,2,25600,0.2,No Schooling,1,0,0,0,0,1,5.2,Low,30.4,30.9,2,1
3718,Female,7,12,89.2,65.8,1,7100,3.0,Secondary,0,0,1,1,0,0,5.1,Low,45.2,35.8,0,0
3719,Female,8,12,70.3,100.0,3,19800,4.6,Higher Secondary,0,0,0,0,0,1,7.8,Low,35.5,47.8,1,0
3720,Male,6,13,67.8,79.8,0,8600,0.3,Primary,1,0,1,0,1,1,7.0,Low,46.4,39.5,0,0
3721,Female,8,15,89.1,60.6,2,22700,0.8,No Schooling,0,0,0,0,0,1,4.6,Low,47.8,25.1,0,0
3722,Male,7,13,80.1,70.6,2,11200,6.3,Primary,0,0,1,0,1,0,5.5,Low,25.6,46.2,0,0
3723,Female,9,14,87.0,69.8,3,6300,6.9,No Schooling,0,0,0,0,0,1,2.6,Low,41.4,43.3,0,0
3724,Male,9,16,64.8,15.5,0,5800,2.8,Higher Secondary,0,0,1,0,0,1,2.7,Low,11.8,5.2,0,0
3725,Female,10,16,59.0,52.6,3,5400,4.4,Secondary,0,0,0,0,0,1,4.6,High,5.8,22.1,2,0
3726,Female,10,15,92.7,100.0,1,7000,0.5,Secondary,1,0,1,0,0,1,7.0,Low,47.3,37.2,2,0
3727,Female,8,15,95.3,85.4,1,7700,0.8,Secondary,0,0,1,0,0,1,2.8,Medium,52.3,50.5,0,0
3728,Male,9,13,94.3,81.8,0,10500,4.8,Graduate,0,0,0,0,0,1,4.9,Low,56.4,16.4,1,0
3729,Female,6,12,75.6,34.5,0,6200,1.3,Graduate,0,0,1,0,1,1,3.8,Low,47.5,27.9,0,0
3730,Female,10,16,97.0,34.0,5,27800,0.4,Secondary,0,0,0,0,0,1,0.0,Medium,35.9,14.4,0,1
3731,Female,8,15,80.9,65.4,2,25100,2.6,No Schooling,0,0,1,0,0,1,3.9,Low,36.4,40.7,0,0
3732,Female,7,11,85.8,52.0,2,9900,1.6,Secondary,1,0,1,0,1,0,2.7,Low,20.4,27.9,1,0
3733,Female,8,13,80.4,68.8,0,29700,0.1,Secondary,0,0,1,0,0,1,4.9,Low,42.8,39.0,0,0
3734,Female,9,16,86.7,73.0,0,22600,0.4,Secondary,1,0,0,0,0,1,4.6,Low,32.8,22.9,0,0
3735,Male,10,15,86.0,44.8,0,6600,2.5,No Schooling,0,0,0,0,0,1,2.3,High,47.9,27.1,0,0
3736,Female,9,16,74.4,47.5,0,11400,1.5,Higher Secondary,0,0,0,0,0,1,2.2,Medium,22.9,34.1,0,0
3737,Male,8,15,82.2,64.8,0,7800,5.2,No Schooling,0,0,0,0,0,1,4.6,Low,58.2,30.6,0,0
3738,Female,7,12,80.6,90.9,0,22400,4.5,Primary,0,0,1,0,0,1,3.9,High,11.5,36.6,1,0
3739,Female,10,15,70.2,72.8,0,4500,3.8,Secondary,0,1,1,1,1,1,4.3,Low,48.2,33.7,0,0
3740,Male,9,14,95.6,57.7,0,3000,5.3,Primary,0,0,0,0,0,1,2.8,Medium,46.0,37.0,0,0
3741,Male,8,12,73.1,38.1,0,8100,2.4,Higher Secondary,1,0,1,0,0,1,2.9,Low,45.7,42.2,1,0
3742,Male,8,15,73.3,23.7,0,4500,5.4,Higher Secondary,0,0,1,1,0,1,0.4,Medium,24.9,25.5,0,1
3743,Female,8,12,92.0,85.5,0,4600,1.7,No Schooling,1,1,0,0,0,1,4.9,Medium,38.1,24.7,0,0
3744,Male,9,16,75.3,66.6,0,7200,6.0,Secondary,1,0,0,0,1,0,4.0,Low,19.5,29.5,0,0
3745,Male,8,15,97.6,80.7,1,6000,0.1,No Schooling,0,0,0,0,0,1,6.6,Medium,51.0,40.7,0,0
3746,Female,10,15,67.2,62.1,0,6700,3.8,Secondary,0,1,0,0,0,1,5.0,Low,48.9,47.4,0,0
3747,Male,10,14,82.0,94.2,2,7100,5.2,Primary,0,0,0,0,0,1,8.0,Medium,30.2,36.8,2,0
3748,Female,8,15,69.6,24.2,0,46749,0.6,Higher Secondary,0,0,0,0,0,1,2.3,Medium,29.0,12.7,0,0
3749,Male,6,11,68.0,90.1,0,5200,4.2,Secondary,0,0,0,0,0,0,6.3,Low,38.1,27.7,0,0
3750,Male,8,12,97.4,80.4,2,5500,2.6,Secondary,1,0,0,0,0,1,3.5,Medium,69.3,36.1,0,0
3751,Male,8,13,89.2,100.0,1,15100,0.2,Higher Secondary,1,1,1,0,0,1,8.0,Low,36.9,52.5,1,0
3752,Male,8,15,78.9,82.4,1,18700,4.7,No Schooling,0,0,1,0,1,1,7.5,Low,60.8,20.1,0,0
3753,Male,10,16,91.2,74.9,2,28600,0.2,Secondary,0,0,1,0,0,1,4.8,Medium,40.1,31.1,1,0
3754,Female,6,12,99.6,35.8,4,8400,1.0,No Schooling,0,0,1,1,0,0,4.1,Low,19.9,19.2,1,1
3755,Male,7,13,90.3,79.0,0,18000,0.1,Higher Secondary,1,0,1,0,0,0,4.6,Medium,36.8,15.3,0,0
3756,Male,10,14,49.5,19.7,5,6600,3.0,Primary,0,0,0,0,1,1,0.8,Medium,35.3,19.3,0,1
3757,Male,10,17,73.8,58.9,3,11300,1.7,No Schooling,0,0,0,0,1,0,3.9,Low,41.7,9.9,1,1
3758,Male,7,13,86.2,18.8,0,8800,7.8,Primary,0,0,0,0,0,0,3.2,Medium,32.2,16.0,0,0
3759,Female,6,12,78.5,52.5,0,27600,0.2,Higher Secondary,1,0,1,1,0,1,4.2,Low,39.9,46.0,3,0
3760,Male,7,13,68.2,18.0,1,5300,1.1,No Schooling,0,0,1,0,0,1,2.2,High,51.1,38.0,0,1
3761,Female,8,13,84.8,56.7,2,4600,4.1,No Schooling,0,0,1,0,1,1,6.4,High,56.3,35.0,0,0
3762,Male,8,14,81.6,72.8,0,8400,3.4,Secondary,0,0,0,0,0,1,5.2,Medium,37.5,20.7,0,0
3763,Male,7,14,77.2,61.9,0,3000,1.7,Secondary,0,0,0,0,0,0,7.1,Medium,40.1,29.1,0,0
3764,Male,7,12,87.0,69.7,0,8600,3.7,Secondary,0,0,0,1,1,0,5.7,Medium,58.8,33.3,0,0
3765,Male,9,13,90.6,52.4,1,3000,0.3,No Schooling,1,0,0,0,1,1,4.5,Low,47.2,24.8,0,0
3766,Female,8,14,80.9,83.6,0,4400,0.1,Primary,0,0,1,0,1,1,6.4,Low,49.6,24.4,0,0
3767,Male,9,16,57.2,59.5,0,8100,0.7,Secondary,0,0,0,0,0,1,3.2,Low,34.8,29.0,0,0
3768,Male,7,14,85.0,100.0,3,3000,2.1,Primary,0,0,1,0,0,1,5.2,Medium,43.4,49.1,1,0
3769,Female,7,14,80.7,62.5,0,9700,0.1,Higher Secondary,1,1,0,0,1,1,4.0,Medium,48.1,33.4,0,1
3770,Female,7,12,92.5,70.5,0,3000,3.5,No Schooling,0,0,0,0,1,1,7.7,Low,26.6,44.2,0,0
3771,Female,10,17,92.3,68.4,2,7700,3.8,Graduate,0,0,1,0,0,1,4.8,High,51.0,38.7,0,1
3772,Female,7,11,69.6,75.1,1,13600,4.8,Primary,0,0,1,0,1,1,4.1,Low,40.7,34.7,0,0
3773,Female,8,14,82.8,54.8,0,18400,2.6,No Schooling,1,0,0,0,0,1,5.1,High,33.0,22.0,0,0
3774,Female,8,15,87.4,98.9,5,23700,0.3,Primary,0,0,1,0,0,1,6.3,Low,51.5,43.9,0,1
3775,Female,10,17,72.6,96.9,0,4400,5.2,Primary,0,0,1,0,1,1,5.8,Medium,30.4,40.9,1,0
3776,Male,7,13,86.3,64.0,2,6100,0.6,Primary,0,0,1,1,1,1,3.1,Medium,42.6,24.9,0,1
3777,Female,8,14,89.1,70.1,0,5000,9.5,Secondary,1,0,1,0,0,1,2.7,Medium,41.7,42.3,0,0
3778,Male,10,15,62.9,23.9,0,14800,3.5,Secondary,0,0,0,0,1,1,3.3,Low,35.2,18.4,1,0
3779,Female,6,13,66.3,34.7,0,9400,3.1,Higher Secondary,0,0,1,0,1,1,1.9,Low,41.3,47.2,0,0
3780,Female,8,15,78.1,69.3,0,8000,4.2,Higher Secondary,0,1,0,0,0,1,2.2,Low,37.0,29.8,0,0
3781,Male,7,11,79.2,66.3,0,7800,0.1,Higher Secondary,0,0,0,0,0,0,5.9,Low,21.6,26.2,1,0
3782,Female,10,14,87.5,78.5,2,12100,4.8,Secondary,0,0,1,1,1,1,4.0,Medium,48.3,55.6,0,0
3783,Female,9,16,96.5,64.1,0,4500,0.6,No Schooling,0,0,0,1,0,1,4.4,Medium,20.2,23.9,1,0
3784,Male,6,13,79.3,91.6,1,14100,1.0,Secondary,0,0,1,0,1,0,4.9,Medium,45.4,51.2,0,0
3785,Female,10,14,82.6,63.2,0,10200,8.4,No Schooling,0,0,1,1,1,1,6.7,Low,52.4,46.1,0,0
3786,Female,9,14,70.4,68.4,0,16900,3.4,Graduate,0,0,1,0,0,1,3.8,Low,23.3,14.7,0,0
3787,Female,8,14,66.0,59.3,0,6300,1.1,Secondary,1,0,0,0,1,1,5.9,Low,44.3,22.7,1,1
3788,Male,7,11,59.0,69.5,3,8400,0.4,Higher Secondary,0,0,0,1,0,0,6.8,Low,48.1,28.6,0,0
3789,Male,6,12,67.6,44.3,0,17500,2.6,No Schooling,0,0,1,1,0,1,3.5,Medium,19.8,20.4,0,0
3790,Female,8,15,77.0,81.4,1,3600,1.3,No Schooling,0,1,1,0,0,1,3.9,Medium,44.1,33.1,0,0
3791,Male,8,12,65.1,51.9,0,19000,1.3,No Schooling,1,0,0,0,0,1,0.8,Medium,25.9,41.6,0,0
3792,Male,10,17,78.3,56.5,0,6800,2.0,Secondary,0,0,1,0,0,1,4.2,Low,28.7,57.8,1,0
3793,Male,7,11,72.5,25.9,1,14000,0.9,Secondary,1,0,0,0,0,1,4.7,Low,14.8,28.0,0,0
3794,Male,9,13,94.0,81.4,0,14300,0.3,Higher Secondary,0,1,1,1,0,0,4.0,Low,68.4,34.6,1,0
3795,Female,7,13,76.4,28.7,2,7200,2.5,Primary,0,0,1,0,0,1,4.2,Low,31.3,43.6,0,0
3796,Female,9,16,88.4,70.9,3,8300,1.7,Secondary,0,0,0,0,0,1,3.9,Low,62.1,62.6,0,0
3797,Female,6,13,95.5,85.9,1,3100,1.7,No Schooling,0,0,1,0,0,1,6.7,High,62.4,32.4,1,0
3798,Female,7,14,53.8,59.1,0,3000,0.6,Primary,0,0,0,0,1,1,5.7,Low,37.7,28.6,0,0
3799,Male,6,13,96.1,100.0,0,8700,2.6,Primary,0,0,0,0,1,0,5.9,Low,32.6,28.4,0,0
3800,Male,8,15,69.8,48.6,2,18500,2.5,Graduate,0,0,0,0,0,1,4.6,Low,48.5,31.1,0,0
3801,Male,7,12,86.8,49.1,1,7200,0.1,Primary,0,0,1,0,0,0,3.5,Low,30.7,23.1,0,0
3802,Male,9,13,79.1,82.4,0,3000,6.2,No Schooling,1,0,0,1,0,1,4.1,Medium,44.6,37.7,0,0
3803,Male,6,13,95.9,52.6,0,5800,5.9,Primary,1,0,1,0,0,1,0.9,Medium,25.6,32.1,0,0
3804,Male,8,12,90.5,38.2,0,5700,0.1,Secondary,0,0,0,0,0,1,0.5,Low,39.7,20.8,0,0
3805,Male,8,14,90.6,48.8,1,6300,12.6,No Schooling,1,0,0,0,0,1,1.8,Low,27.8,11.5,0,0
3806,Male,6,13,84.5,58.3,0,4000,0.4,Primary,0,0,0,1,0,1,6.6,Low,18.6,14.1,1,0
3807,Female,6,10,91.0,100.0,0,4900,2.0,No Schooling,0,0,0,0,1,1,6.4,Low,55.6,61.9,0,0
3808,Female,7,14,84.5,51.2,0,3000,2.4,Secondary,0,0,0,0,1,0,3.8,Low,28.1,22.5,0,0
3809,Female,8,13,92.0,81.0,1,34200,14.0,Higher Secondary,1,1,1,0,0,1,5.0,Low,35.4,39.5,0,0
3810,Female,10,14,73.6,77.3,2,26100,7.1,Secondary,0,0,1,0,1,1,3.4,High,43.6,43.7,1,1
3811,Female,6,11,71.6,100.0,0,4100,1.8,Secondary,0,1,0,1,1,1,6.0,Medium,60.7,45.0,1,1
3812,Male,9,14,61.6,60.5,2,8400,0.6,Higher Secondary,0,0,0,0,1,0,2.4,High,43.7,42.4,0,0
3813,Female,9,14,73.5,6.4,0,5300,0.2,No Schooling,0,0,1,1,0,1,2.1,Low,39.7,35.3,1,0
3814,Male,9,13,92.7,76.2,0,7300,1.4,Primary,0,0,0,0,1,0,2.5,Medium,29.1,38.1,0,0
3815,Male,8,12,71.1,7.9,0,10700,2.7,Primary,1,0,0,0,0,1,1.0,Medium,28.0,4.4,1,0
3816,Male,10,15,67.6,32.1,3,9300,0.5,Secondary,0,0,1,0,0,1,3.8,Low,27.2,22.5,0,1
3817,Male,8,12,69.9,75.1,1,16100,0.8,Higher Secondary,0,0,1,1,0,0,5.7,Low,47.9,32.5,0,0
3818,Male,10,16,82.2,55.7,1,5700,0.9,No Schooling,0,0,0,0,0,1,4.0,High,31.7,32.5,0,0
3819,Female,7,14,99.1,59.8,3,8200,4.7,Graduate,1,0,1,0,0,1,4.0,Low,25.6,32.6,2,0
3820,Female,9,13,89.1,95.0,0,3000,3.3,Higher Secondary,0,0,0,0,1,0,7.8,Medium,45.4,64.3,0,0
3821,Female,10,14,69.8,54.6,1,9100,0.9,Higher Secondary,0,1,0,0,0,1,3.9,Medium,47.2,20.4,1,1
3822,Female,10,16,71.4,80.6,2,3000,0.9,Higher Secondary,0,0,1,0,1,1,4.0,High,31.6,12.0,0,0
3823,Female,7,11,95.6,71.6,5,3300,1.3,No Schooling,0,0,0,0,1,0,5.2,Low,63.8,36.0,1,1
3824,Male,10,16,83.0,77.3,0,19700,2.8,Primary,0,0,0,0,0,1,4.7,Low,21.7,48.4,2,0
3825,Female,6,11,82.7,36.9,1,19900,0.1,No Schooling,0,0,0,0,1,1,2.5,Medium,29.6,13.2,2,0
3826,Female,9,14,85.5,47.6,0,4000,0.1,Graduate,0,0,1,1,1,1,3.8,Low,37.0,32.3,0,0
3827,Male,7,13,86.2,63.2,1,26900,1.9,Primary,0,1,1,0,0,1,2.8,High,27.1,27.8,1,0
3828,Male,9,16,99.2,86.2,0,13500,3.9,Graduate,0,1,0,0,0,1,3.5,Low,67.8,41.4,0,0
3829,Female,7,11,63.4,100.0,0,11300,2.5,Secondary,0,0,0,0,0,0,5.0,Low,33.2,39.1,1,0
3830,Female,6,10,69.0,83.9,3,3600,2.0,Higher Secondary,0,0,1,0,0,0,2.1,Low,56.6,32.6,0,0
3831,Male,7,13,80.0,80.3,3,29000,2.3,Primary,0,0,0,0,0,1,7.4,Low,38.1,42.2,1,0
3832,Female,6,10,75.3,59.2,4,13500,2.9,No Schooling,1,0,1,1,0,1,6.6,Low,44.0,0.0,0,0
3833,Male,7,12,86.8,49.7,0,4600,0.8,No Schooling,0,0,0,0,0,1,3.7,Low,26.6,15.5,0,0
3834,Male,10,15,75.9,97.6,0,3000,9.2,Secondary,0,0,0,0,0,1,4.5,High,49.1,42.4,1,0
3835,Male,9,14,93.6,34.7,1,3600,4.6,Primary,0,0,0,0,0,0,3.8,Medium,49.7,36.6,0,0
3836,Male,9,15,86.3,39.8,0,9000,5.1,Primary,0,0,0,0,1,1,3.7,High,29.3,20.6,0,0
3837,Female,9,13,80.0,72.1,1,7000,2.9,Secondary,0,0,0,0,0,1,7.2,Low,19.1,25.3,2,0
3838,Male,7,12,90.0,100.0,0,23100,0.7,Primary,1,0,0,0,0,1,4.1,Low,33.3,29.9,0,0
3839,Female,8,12,95.9,94.5,1,3800,0.4,Higher Secondary,0,0,1,0,0,0,4.0,Low,49.3,32.0,0,0
3840,Male,8,15,64.5,83.7,0,10000,2.1,No Schooling,1,0,1,0,0,1,3.2,Low,53.0,54.9,0,0
3841,Female,6,13,82.8,100.0,0,16900,1.0,Primary,0,0,0,1,0,1,5.5,High,22.2,20.0,0,1
3842,Female,8,13,90.2,73.6,0,3200,3.0,Primary,1,1,0,1,0,1,3.0,Low,29.2,35.4,1,0
3843,Female,9,13,71.2,68.1,3,12400,0.8,Graduate,0,0,0,1,0,1,5.0,Medium,45.4,24.5,0,1
3844,Female,8,13,94.0,78.5,0,8000,6.6,Primary,0,1,1,0,0,1,8.0,Medium,46.1,32.8,0,0
3845,Female,9,16,63.6,24.1,0,5500,5.3,Secondary,0,0,1,0,0,1,4.3,High,14.6,23.3,0,0
3846,Male,6,13,98.0,74.1,0,3000,5.3,Higher Secondary,0,0,0,0,1,0,2.4,Low,44.3,40.9,0,0
3847,Female,9,15,86.9,68.0,0,11100,0.7,Secondary,0,0,1,0,1,1,5.1,High,50.9,44.7,0,0
3848,Female,6,13,90.0,82.2,0,5100,0.2,Primary,0,0,1,0,1,1,5.5,Low,44.4,33.0,0,0
3849,Male,10,14,91.0,39.7,0,6200,3.6,Primary,0,1,0,0,0,1,4.4,Medium,59.6,30.8,0,0
3850,Male,7,13,65.0,51.0,1,21600,0.4,Graduate,0,0,1,1,0,1,3.6,Low,33.1,4.3,0,0
3851,Male,8,15,95.2,71.3,0,7900,0.6,Secondary,0,0,1,0,0,0,4.0,Low,43.2,39.6,0,0
3852,Male,8,12,88.1,65.5,1,9600,1.4,No Schooling,0,0,1,0,0,0,3.8,Low,37.8,40.4,0,0
3853,Male,7,12,62.4,68.2,0,31800,3.6,Higher Secondary,0,0,1,0,0,1,1.2,Low,1.1,13.6,0,0
3854,Male,7,12,81.2,82.6,1,9100,1.6,No Schooling,0,0,0,0,0,0,4.6,Low,47.4,48.1,0,0
3855,Female,6,10,87.6,49.7,0,4600,0.8,Higher Secondary,1,0,0,0,1,0,3.2,Medium,40.9,16.5,0,0
3856,Male,8,12,82.4,86.0,0,19700,0.1,Secondary,1,0,1,0,0,0,6.5,Medium,51.3,60.9,0,0
3857,Female,10,17,83.7,98.3,0,8500,1.0,Secondary,0,0,1,1,0,1,6.3,Medium,48.9,41.2,0,0
3858,Male,7,13,83.3,99.0,1,5700,0.5,Secondary,0,0,0,0,0,1,5.2,Medium,43.8,38.4,0,0
3859,Female,8,12,73.2,62.2,2,4300,2.1,Primary,0,0,1,0,0,1,5.7,Low,30.0,24.9,0,0
3860,Male,10,16,91.4,74.6,1,6600,1.5,Higher Secondary,0,1,0,0,1,1,5.0,High,53.7,18.6,1,1
3861,Male,8,14,90.8,63.3,3,15700,0.9,Graduate,0,0,0,0,0,1,2.2,Medium,44.4,43.7,0,0
3862,Male,10,15,62.9,81.8,0,5500,1.0,Secondary,0,0,1,0,0,0,4.1,Low,39.0,50.0,1,0
3863,Female,8,13,82.4,28.5,0,9100,2.5,Primary,0,0,0,0,0,1,1.4,Medium,32.4,13.6,0,0
3864,Male,8,14,64.2,6.2,0,4500,9.5,Primary,1,0,1,1,1,1,1.5,Low,40.4,13.4,0,0
3865,Female,6,13,88.2,67.9,0,22000,2.4,No Schooling,0,0,1,0,1,1,3.0,Low,34.9,24.5,0,0
3866,Male,6,13,83.8,75.9,0,3100,4.6,Primary,0,1,0,0,0,1,6.1,High,46.7,42.0,0,1
3867,Female,8,13,67.7,72.3,1,4100,5.0,Higher Secondary,0,0,1,0,0,1,5.1,High,46.2,42.7,0,0
3868,Male,10,14,56.5,22.8,0,5100,2.6,Secondary,0,0,0,0,1,1,1.6,Low,56.3,30.2,2,1
3869,Female,6,10,79.1,19.0,0,3100,1.3,Primary,0,0,0,0,0,0,1.9,Medium,43.9,24.1,0,0
3870,Male,10,14,79.2,100.0,0,11700,8.2,No Schooling,0,0,1,0,0,0,5.3,High,63.1,60.1,0,0
3871,Male,7,11,80.8,87.8,0,13100,12.4,Primary,0,0,1,0,0,1,5.6,Low,44.0,55.4,0,0
3872,Male,7,14,76.0,9.9,1,12700,0.3,No Schooling,0,1,1,0,1,0,1.1,High,54.4,4.2,1,0
3873,Male,10,16,80.2,53.6,0,13100,3.8,Secondary,0,0,0,0,1,0,5.4,Medium,34.8,22.2,0,0
3874,Male,10,14,79.8,50.5,0,3000,0.1,Graduate,0,0,0,0,0,1,1.3,High,33.8,34.9,0,0
3875,Female,8,15,63.8,62.2,4,9700,2.5,Primary,0,0,0,0,1,1,3.4,Low,41.4,38.1,0,1
3876,Male,7,11,93.6,100.0,1,21300,6.1,Primary,0,0,1,1,0,1,6.3,Medium,36.2,42.8,0,0
3877,Male,6,12,92.0,62.5,0,6400,10.2,Secondary,1,0,0,0,0,1,1.0,Low,50.7,9.9,0,0
3878,Female,7,11,72.7,53.4,0,17200,3.5,No Schooling,0,0,0,0,0,0,5.0,Low,70.1,45.6,0,0
3879,Male,9,15,89.8,100.0,0,7300,0.1,Secondary,0,0,1,0,0,1,6.5,Medium,41.3,52.0,1,0
3880,Male,7,13,75.1,15.0,0,7400,0.7,Secondary,0,1,1,0,0,0,2.9,Medium,32.6,24.8,0,0
3881,Female,9,16,82.1,81.6,0,3500,6.4,Graduate,1,0,0,0,0,1,1.1,Low,37.7,31.3,0,0
3882,Female,6,12,75.1,87.1,0,5800,3.0,No Schooling,1,0,0,0,0,1,6.9,Low,19.5,25.0,0,0
3883,Female,8,13,74.3,86.1,5,19900,0.4,No Schooling,0,0,0,0,1,1,7.6,Medium,41.6,30.2,0,1
3884,Male,7,13,74.9,61.1,3,5200,4.5,No Schooling,0,0,0,1,0,1,5.0,Low,44.6,18.5,2,0
3885,Female,8,14,96.9,67.8,0,30500,0.7,Secondary,0,0,1,0,0,1,6.1,Medium,51.9,19.2,0,0
3886,Male,8,13,53.7,40.6,2,7200,3.2,Secondary,0,0,0,0,0,1,3.3,Medium,31.0,10.1,0,1
3887,Female,10,16,87.7,80.1,0,20800,1.6,Primary,0,0,1,1,0,1,5.6,Medium,42.1,48.3,0,0
3888,Female,10,16,85.8,34.7,1,8200,0.9,Secondary,0,0,1,0,1,1,3.2,Medium,48.0,41.8,0,0
3889,Female,9,16,98.4,96.6,3,3000,0.5,Higher Secondary,0,0,0,0,0,1,8.0,Medium,64.6,39.1,0,0
3890,Male,6,10,86.9,57.4,2,4900,0.4,Higher Secondary,0,1,1,0,0,1,3.9,Low,39.5,14.7,2,0
3891,Male,10,16,63.2,50.0,1,4900,1.5,No Schooling,0,0,0,0,1,1,2.9,Medium,16.7,22.1,0,1
3892,Female,10,17,90.8,43.2,2,5000,7.6,Primary,0,0,0,0,1,1,2.4,Low,54.1,19.3,0,0
3893,Male,10,16,57.3,65.3,0,3400,3.0,No Schooling,0,0,1,0,0,1,6.5,Low,32.2,30.0,0,0
3894,Female,8,15,98.6,81.7,0,4100,0.5,Primary,0,0,1,0,0,1,4.5,Low,43.4,21.3,0,0
3895,Female,6,11,64.7,73.0,1,12400,1.0,Secondary,0,0,1,0,0,1,5.8,Medium,54.2,30.9,0,0
3896,Female,9,15,85.3,19.5,0,50000,1.0,Secondary,0,0,1,1,0,0,1.3,Low,26.9,13.1,0,1
3897,Male,7,11,90.6,51.1,0,9300,2.0,No Schooling,1,0,1,0,0,1,5.6,Low,55.7,12.0,1,0
3898,Male,7,12,94.7,75.0,2,6300,0.3,No Schooling,1,0,1,1,0,1,6.0,Medium,47.3,26.5,0,1
3899,Male,7,11,71.8,68.3,1,3000,0.9,Secondary,0,0,0,0,1,1,5.3,Low,54.6,33.2,0,0
3900,Male,8,15,80.5,47.7,0,32400,1.1,Primary,0,0,1,0,0,1,6.1,Low,36.4,22.0,0,0
3901,Male,7,14,59.7,60.5,0,17100,0.3,Secondary,0,1,1,0,0,1,2.1,Medium,18.5,31.2,0,0
3902,Female,9,13,94.6,91.2,0,5900,0.1,Higher Secondary,0,1,0,0,0,0,8.0,High,54.4,31.0,0,0
3903,Female,9,16,77.9,63.8,2,10100,0.1,Primary,1,1,1,0,1,1,6.5,Medium,28.9,8.3,1,0
3904,Female,8,13,59.9,97.2,0,5800,6.8,Higher Secondary,0,1,1,0,0,0,7.6,Low,41.6,36.1,0,0
3905,Male,6,12,80.9,44.3,1,3600,2.6,Primary,0,1,0,0,0,1,3.5,Low,37.9,18.5,0,0
3906,Female,10,17,65.6,37.6,0,6100,2.2,Higher Secondary,1,0,0,0,0,1,4.7,Low,41.4,12.1,0,0
3907,Female,7,14,83.4,41.5,0,14800,1.5,Secondary,0,1,0,0,0,1,3.6,Medium,39.0,25.4,0,0
3908,Female,8,12,82.4,38.1,0,10500,2.8,No Schooling,0,0,1,0,1,1,3.7,Low,58.7,16.4,0,0
3909,Female,8,12,93.7,67.2,1,7000,2.8,Higher Secondary,0,0,1,1,1,0,8.0,Low,59.9,46.1,0,0
3910,Female,7,11,95.6,65.6,0,12800,1.1,Primary,0,0,0,0,0,0,3.5,Low,36.2,29.8,0,0
3911,Male,9,16,77.6,73.2,0,6500,0.1,No Schooling,0,0,0,0,1,1,3.5,Low,26.0,28.6,1,0
3912,Male,6,12,77.4,21.7,0,19400,0.1,Primary,0,1,0,0,0,0,2.2,Medium,32.1,30.3,1,0
3913,Female,10,14,80.1,86.8,0,3900,0.8,Primary,0,0,0,0,1,1,3.9,Low,49.0,45.4,0,0
3914,Male,6,12,79.6,72.5,1,6300,4.7,Secondary,0,0,1,0,1,1,3.5,Low,30.5,37.0,0,0
3915,Male,10,16,83.7,92.0,0,14100,2.2,Primary,0,1,1,0,0,1,5.8,Low,53.4,35.7,0,0
3916,Male,8,14,80.1,77.9,0,13400,0.2,Higher Secondary,0,0,0,0,0,1,5.4,Medium,55.6,51.2,1,0
3917,Male,6,12,68.7,73.7,0,5100,2.4,Graduate,1,1,1,0,0,1,7.4,Low,50.3,28.3,0,0
3918,Female,8,12,78.4,91.9,0,4400,3.9,Primary,0,0,1,0,0,1,4.5,Low,48.8,53.7,0,1
3919,Female,7,12,93.0,11.1,0,11600,3.5,No Schooling,0,0,1,0,0,1,2.2,Medium,42.8,33.7,0,0
3920,Male,10,16,72.0,75.9,0,22100,0.5,Higher Secondary,0,0,0,0,0,1,2.4,High,31.8,16.2,0,0
3921,Male,9,16,93.1,77.6,4,15200,4.1,Primary,0,0,1,0,0,1,6.1,Low,49.7,36.5,1,1
3922,Female,8,12,49.7,11.1,0,3500,7.1,Secondary,0,0,0,0,0,0,2.3,Low,38.1,31.3,0,1
3923,Male,7,13,75.7,56.2,1,5100,0.2,Secondary,0,0,1,0,0,1,2.4,Medium,24.8,32.1,0,0
3924,Female,10,17,67.5,70.8,0,3800,0.3,Primary,0,0,0,0,0,1,5.1,Low,37.1,49.8,0,0
3925,Male,9,15,45.3,43.8,0,21800,0.9,Higher Secondary,0,0,1,0,0,1,2.3,High,13.3,22.4,0,0
3926,Female,8,12,88.3,66.8,1,7800,7.0,Higher Secondary,0,0,0,0,1,0,0.0,Low,44.7,36.8,0,0
3927,Female,7,13,84.5,16.1,0,6500,3.0,Higher Secondary,0,0,0,0,1,1,0.0,Low,21.6,11.5,0,0
3928,Female,7,11,94.0,71.2,0,9800,1.5,Primary,0,0,1,0,1,1,1.7,Low,40.0,18.8,0,0
3929,Male,9,14,79.1,84.2,0,11300,0.8,Higher Secondary,0,0,0,0,1,1,5.8,Low,37.7,37.0,1,0
3930,Female,8,14,90.5,96.8,0,6200,1.9,Secondary,0,0,0,0,1,0,5.2,Low,24.8,35.4,2,0
3931,Female,10,14,89.7,75.1,0,9900,0.2,No Schooling,0,0,1,0,1,1,5.0,Low,55.9,40.7,0,0
3932,Female,8,12,68.2,78.4,0,8700,0.7,Primary,1,0,1,0,1,0,5.3,High,16.4,54.8,1,0
3933,Male,8,15,91.7,67.5,5,25600,2.9,Primary,0,0,0,0,0,1,4.2,Medium,53.2,54.6,0,1
3934,Male,8,14,93.9,53.3,0,8300,0.1,Higher Secondary,0,0,0,0,0,1,3.4,Low,32.7,21.9,1,0
3935,Male,9,14,59.1,52.0,1,10700,0.7,Primary,0,0,1,1,0,1,5.0,Low,36.1,26.8,0,0
3936,Male,7,11,53.1,58.7,5,5200,2.8,Secondary,0,0,1,0,0,1,2.1,Low,20.6,34.6,0,1
3937,Male,10,14,74.0,56.4,3,5300,1.1,Higher Secondary,0,0,0,0,0,1,4.0,Low,49.6,37.2,0,0
3938,Female,7,12,95.4,24.3,1,11200,3.0,Higher Secondary,0,0,0,0,1,0,3.0,High,23.0,20.5,0,0
3939,Male,9,15,91.9,100.0,0,4300,4.3,Primary,0,0,0,0,0,1,6.7,Low,59.4,35.1,1,0
3940,Male,10,14,79.4,39.6,1,10200,0.5,No Schooling,0,0,1,0,1,0,1.3,High,38.0,5.9,0,0
3941,Male,9,16,73.5,68.5,3,6900,3.4,Higher Secondary,0,0,1,0,0,1,2.9,Medium,31.9,42.5,0,1
3942,Male,7,12,84.6,37.8,0,12500,1.0,Primary,1,0,1,0,0,1,0.8,Medium,36.1,14.3,0,0
3943,Male,9,13,93.0,4.5,0,3000,1.2,Secondary,1,1,0,0,0,0,0.0,Low,39.4,33.3,0,0
3944,Female,6,10,92.9,100.0,0,22300,3.3,Primary,0,0,0,0,1,1,6.7,Medium,41.5,41.0,0,0
3945,Male,6,13,89.1,69.2,0,3000,2.7,Primary,0,0,0,0,0,0,5.2,Low,49.4,42.6,0,0
3946,Female,9,14,60.5,21.0,0,28400,1.5,Primary,0,0,0,1,0,1,1.5,Low,41.7,13.5,1,0
3947,Male,9,14,79.1,43.2,0,8500,2.0,No Schooling,0,0,1,0,1,1,2.7,Low,36.2,42.4,0,0
3948,Male,6,10,84.5,100.0,1,11600,2.5,Secondary,0,0,0,0,0,1,4.2,Low,56.5,36.3,1,0
3949,Female,10,17,77.5,95.6,0,7900,2.1,Secondary,0,0,0,0,1,1,7.5,Low,36.6,30.4,0,0
3950,Male,8,15,89.8,20.4,0,8600,1.7,No Schooling,0,1,1,0,1,1,0.0,Low,7.3,7.2,1,0
3951,Male,10,14,86.6,54.7,1,4200,2.0,Secondary,0,0,0,1,0,1,5.6,Low,50.5,17.9,0,0
3952,Female,9,15,89.7,65.3,0,12500,0.7,Secondary,0,0,0,0,0,1,6.3,High,51.2,41.4,2,0
3953,Female,10,15,75.8,83.8,3,11100,3.3,Secondary,1,0,1,0,1,1,4.5,Low,30.8,31.1,1,0
3954,Female,10,14,82.9,74.8,5,10900,7.3,No Schooling,0,0,1,0,0,1,5.5,Low,44.1,22.7,0,1
3955,Male,10,17,80.3,11.2,5,23100,0.1,Primary,0,0,0,0,0,1,2.7,Low,20.9,7.3,1,1
3956,Female,8,12,85.8,60.6,0,3000,3.9,Primary,0,0,0,0,1,1,3.9,Low,10.2,40.9,0,0
3957,Female,7,14,65.0,35.3,0,8600,1.3,No Schooling,0,0,0,0,1,1,2.5,High,2.4,20.7,0,0
3958,Female,7,11,62.4,73.7,0,3000,0.1,Secondary,1,0,0,0,0,1,5.7,Low,48.1,27.2,1,0
3959,Male,9,14,82.6,55.2,3,18400,1.6,No Schooling,0,0,1,0,0,1,2.4,Low,20.6,38.0,0,1
3960,Male,6,10,77.4,48.4,2,13500,3.5,Secondary,0,0,1,1,0,0,3.0,High,51.3,32.2,1,1
3961,Male,10,14,92.3,49.0,0,6900,0.5,Graduate,1,0,0,0,0,0,4.8,Low,31.5,45.4,1,0
3962,Male,6,11,86.9,35.1,0,15100,1.0,No Schooling,0,0,1,1,1,1,3.5,Medium,30.6,35.0,1,0
3963,Female,10,17,73.2,88.8,0,11500,3.1,Primary,0,0,0,0,0,1,5.4,Low,43.6,44.1,0,0
3964,Male,8,13,91.3,91.5,0,3000,0.7,Graduate,1,0,0,0,0,1,6.6,Medium,63.4,35.4,0,0
3965,Male,10,16,52.4,73.7,0,12800,2.3,No Schooling,0,0,1,0,1,1,3.8,Low,35.4,26.2,0,0
3966,Male,10,17,60.8,33.1,0,4500,1.4,Primary,1,0,1,0,0,1,2.6,High,57.9,42.0,0,0
3967,Male,7,12,93.5,70.4,1,9100,0.1,Primary,0,0,0,0,1,0,6.9,High,27.1,46.0,0,1
3968,Male,9,16,98.4,75.8,1,15700,2.0,Secondary,0,0,0,0,0,1,8.0,Medium,63.4,39.0,0,0
3969,Male,7,12,91.4,59.8,0,8400,2.2,Higher Secondary,0,1,0,0,0,0,3.6,Low,46.6,34.8,0,0
3970,Male,9,13,94.3,54.1,0,7700,7.7,Primary,0,0,0,0,1,1,5.4,Low,28.7,26.9,1,0
3971,Female,9,14,82.5,39.2,0,21900,1.1,No Schooling,0,0,1,0,0,1,1.7,Medium,53.3,21.9,0,0
3972,Male,7,11,94.5,51.5,1,9200,2.2,Primary,0,0,1,0,0,0,3.6,Low,38.8,23.8,0,0
3973,Female,6,13,52.2,61.8,0,6800,0.7,No Schooling,0,0,1,0,0,1,3.7,Medium,32.9,29.6,0,1
3974,Male,8,12,72.6,82.5,0,3000,0.9,Secondary,0,0,1,0,0,1,4.3,Low,25.5,45.6,1,0
3975,Male,6,13,75.9,58.7,3,8200,1.0,Secondary,1,0,0,1,0,1,5.5,Low,44.7,35.9,0,0
3976,Male,9,13,67.3,50.8,0,13200,0.2,Primary,0,0,1,0,0,0,3.4,Low,15.4,11.7,0,0
3977,Male,7,11,81.7,57.0,2,23100,0.4,Graduate,0,0,1,0,0,0,4.6,Low,15.8,26.3,0,0
3978,Male,10,16,93.0,100.0,1,3000,1.7,Primary,0,0,0,0,0,1,8.0,Low,46.7,28.9,0,0
3979,Male,10,14,79.9,55.8,0,11100,1.5,Primary,0,0,0,0,0,1,3.0,Medium,32.3,19.5,0,1
3980,Female,10,14,72.3,50.2,0,13100,1.8,No Schooling,0,0,0,0,0,0,4.7,Low,31.7,22.4,0,0
3981,Male,8,15,85.5,54.0,1,6000,2.3,No Schooling,0,0,1,0,0,1,2.8,Medium,38.5,15.5,0,1
3982,Male,7,11,84.3,47.1,0,25900,3.3,No Schooling,1,0,1,1,1,1,3.2,Medium,25.1,7.1,1,0
3983,Female,9,15,57.2,70.1,0,4500,0.7,Secondary,0,0,0,0,0,1,6.4,Low,19.8,37.0,0,0
3984,Male,9,13,78.1,91.8,2,29200,3.1,Secondary,0,0,1,0,0,1,5.4,Medium,64.0,60.5,1,0
3985,Male,10,14,62.9,53.7,1,8900,0.1,Higher Secondary,1,0,1,0,1,1,3.7,Low,39.4,46.7,0,0
3986,Male,7,13,61.4,68.8,1,13900,0.3,No Schooling,0,0,0,0,0,1,4.9,High,37.1,21.2,1,0
3987,Male,6,11,67.7,18.6,0,6100,0.1,Secondary,0,0,0,0,0,0,0.9,Low,9.1,50.2,1,0
3988,Male,10,14,94.5,47.9,0,3000,0.6,Primary,1,0,1,0,1,1,2.3,Low,56.9,43.8,0,0
3989,Female,10,16,93.8,73.8,0,7500,2.0,Higher Secondary,1,1,0,0,1,1,6.5,Medium,53.4,41.4,1,0
3990,Female,7,14,75.7,23.1,0,12700,0.4,No Schooling,0,0,0,0,1,1,3.9,Low,17.0,14.4,1,0
3991,Female,9,15,81.2,88.3,2,5500,5.0,Secondary,0,0,0,0,0,1,7.5,Low,47.2,7.4,0,0
3992,Male,6,11,94.7,63.7,0,6700,0.7,Higher Secondary,0,0,0,0,1,0,3.3,Low,48.8,31.5,0,0
3993,Male,8,15,93.5,67.9,0,8600,8.4,Primary,0,0,1,0,0,1,5.2,Low,42.0,16.6,0,0
3994,Male,7,12,74.4,40.0,0,3000,1.3,Primary,1,0,1,0,0,0,5.6,Medium,38.4,40.1,0,0
3995,Male,7,13,77.2,70.1,4,6600,0.3,Graduate,0,0,1,0,0,1,6.2,Low,47.7,25.2,0,0
3996,Male,7,12,92.8,33.4,0,9400,4.4,Secondary,1,1,1,0,0,1,1.5,Low,40.4,28.4,0,0
3997,Male,7,13,91.9,37.1,3,5600,3.6,Secondary,0,0,0,0,0,1,3.5,Low,36.9,38.4,1,1
3998,Male,8,14,90.2,86.1,3,19300,4.4,Secondary,0,0,1,1,1,1,3.2,Medium,47.6,30.6,0,0
3999,Male,7,12,70.0,36.6,0,9500,4.7,No Schooling,0,0,0,0,0,1,3.7,Low,40.0,21.8,0,0
4000,Male,8,13,95.2,52.8,1,3000,0.5,Higher Secondary,0,0,0,1,0,1,5.2,Low,52.9,16.5,0,0
4001,Female,8,13,57.1,33.3,1,5700,3.6,Primary,0,0,1,0,1,1,3.4,Medium,20.3,28.1,0,1
4002,Male,9,14,90.7,68.2,0,5000,12.2,Graduate,0,0,0,0,0,1,3.8,Low,26.0,41.3,0,0
4003,Female,9,13,78.3,91.3,5,4400,3.3,Primary,0,0,1,0,0,1,4.9,High,30.5,49.1,0,1
4004,Male,7,12,63.8,75.2,1,23800,2.6,Primary,0,0,0,0,0,1,6.6,Low,42.9,44.8,0,0
4005,Female,6,10,76.8,55.1,1,12500,1.7,Higher Secondary,0,0,1,0,1,1,2.7,High,45.8,13.5,1,0
4006,Male,10,15,81.8,40.0,1,6200,2.1,Higher Secondary,0,0,0,0,0,1,4.1,Low,42.1,17.6,1,0
4007,Male,10,15,72.3,100.0,0,5800,1.4,No Schooling,0,0,0,1,0,1,8.0,Low,35.0,33.5,1,0
4008,Male,10,14,93.9,78.5,1,6500,0.7,Graduate,0,0,1,1,0,1,5.7,Low,62.9,31.2,0,0
4009,Male,10,15,98.1,98.2,2,5400,1.6,No Schooling,0,0,0,0,0,1,5.1,Medium,43.2,3.7,1,0
4010,Female,9,15,82.7,15.2,1,5000,11.1,Primary,0,0,0,0,1,1,3.0,Medium,30.3,12.6,1,0
4011,Male,10,17,68.1,52.3,0,11500,3.4,Secondary,0,0,0,0,1,1,0.7,Medium,46.5,28.9,1,0
4012,Male,8,14,74.9,48.7,0,3000,1.5,No Schooling,0,0,0,0,0,1,3.6,Low,30.0,17.6,0,0
4013,Female,9,15,59.0,29.5,1,11700,0.1,Secondary,0,0,0,0,0,1,1.2,Low,44.2,34.6,2,0
4014,Male,10,16,86.5,89.7,0,3000,5.0,Secondary,0,0,0,0,0,1,5.2,Medium,40.0,23.5,0,0
4015,Female,9,16,61.4,69.1,0,11600,5.5,No Schooling,0,0,0,0,0,0,1.3,Low,43.5,26.9,0,0
4016,Female,7,14,65.7,40.3,0,17100,4.7,No Schooling,0,1,0,0,1,1,4.7,Medium,21.6,29.3,0,1
4017,Male,7,11,74.9,62.7,5,3900,1.0,Higher Secondary,1,0,1,1,0,1,2.1,Low,53.5,32.8,0,0
4018,Male,7,12,69.2,46.6,1,4900,0.1,Secondary,0,0,1,0,1,1,3.5,Low,37.0,40.8,0,0
4019,Male,7,14,59.1,32.4,0,16000,13.5,Higher Secondary,0,0,1,0,1,1,3.3,Low,23.4,20.7,0,0
4020,Female,10,17,86.1,81.3,0,6500,4.5,Graduate,0,0,0,0,0,1,6.2,Low,51.9,32.9,0,0
4021,Male,9,15,75.2,49.5,0,4700,4.8,Primary,1,0,1,0,0,1,1.9,Low,43.4,25.6,0,0
4022,Male,7,12,81.4,73.4,2,4900,1.6,No Schooling,0,0,0,0,1,1,4.4,High,33.7,33.6,0,0
4023,Male,9,13,94.5,100.0,0,44000,3.0,No Schooling,1,0,1,1,1,1,6.0,Low,48.8,32.4,0,0
4024,Female,7,12,77.2,100.0,0,5700,0.1,Primary,0,0,0,0,0,1,6.0,Low,32.6,44.1,0,0
4025,Female,8,14,83.0,66.4,1,11600,5.4,No Schooling,0,0,1,1,0,1,4.5,High,30.0,31.5,0,0
4026,Female,7,13,85.4,39.7,2,12800,0.2,No Schooling,0,0,0,1,0,1,4.7,High,67.8,47.0,0,0
4027,Female,8,14,71.7,43.9,0,24200,0.1,No Schooling,0,0,0,0,0,1,2.3,Low,42.4,22.3,1,0
4028,Female,9,13,83.1,100.0,0,31300,0.7,No Schooling,1,0,0,0,0,1,4.8,Low,27.5,40.6,0,0
4029,Male,9,16,92.7,67.8,0,3000,0.9,Higher Secondary,0,0,1,0,0,1,6.3,Low,61.4,23.1,0,0
4030,Female,9,13,86.4,74.5,0,22400,0.1,Higher Secondary,0,0,1,0,0,1,7.2,Low,27.8,39.2,0,0
4031,Male,7,12,94.3,73.4,0,8900,2.2,Secondary,0,0,0,0,0,0,7.3,High,52.8,17.5,0,0
4032,Male,9,15,71.9,43.6,1,3900,5.0,Primary,0,0,0,0,1,1,3.1,Low,38.9,13.4,0,1
4033,Female,7,12,84.5,100.0,0,16100,1.2,Secondary,0,0,0,0,0,1,5.9,High,55.6,67.2,0,0
4034,Female,8,12,74.6,75.4,1,4300,2.0,Primary,0,0,1,0,0,1,3.7,High,52.4,34.2,0,0
4035,Male,8,14,97.1,62.7,2,20100,0.9,Primary,0,0,0,1,0,1,3.3,Medium,60.9,24.1,0,1
4036,Male,9,13,75.9,67.5,0,6200,1.8,No Schooling,0,0,0,0,0,1,3.9,Medium,33.5,23.8,0,0
4037,Male,10,17,76.6,14.5,3,17200,0.8,Primary,0,1,1,1,0,0,2.4,Low,16.2,7.8,0,1
4038,Female,7,14,89.6,54.8,0,13600,1.9,No Schooling,0,0,0,0,0,1,3.3,Medium,36.7,5.1,0,0
4039,Male,10,15,82.2,38.4,0,3500,0.8,Primary,0,0,0,1,1,0,1.6,Medium,28.5,34.1,0,0
4040,Female,7,12,82.3,100.0,0,3000,2.2,Graduate,0,0,0,1,1,1,3.8,Medium,39.8,45.9,1,0
4041,Male,8,15,75.4,95.5,1,9100,8.8,Secondary,0,0,0,0,0,0,8.0,High,53.1,32.1,0,0
4042,Female,10,14,57.1,42.4,1,5800,5.3,Primary,0,0,1,0,0,1,3.1,Medium,39.0,22.5,1,0
4043,Male,9,14,59.1,94.8,0,12900,3.4,Secondary,1,0,0,0,0,1,6.0,Low,36.5,19.9,0,0
4044,Female,10,14,71.7,100.0,1,6900,0.4,Secondary,1,0,0,0,1,1,2.7,Low,47.5,43.5,0,0
4045,Male,9,13,83.1,67.4,0,4400,1.8,Higher Secondary,0,1,0,0,0,0,2.6,Low,47.4,43.9,1,0
4046,Male,7,14,67.5,84.7,5,10300,1.8,Primary,0,0,0,0,0,1,6.1,Medium,49.0,61.8,0,1
4047,Male,10,14,90.2,50.4,0,3000,2.4,No Schooling,0,1,0,0,1,0,1.3,Medium,48.8,27.7,1,0
4048,Male,10,17,85.6,95.8,0,3200,7.7,Secondary,0,0,0,0,0,1,4.6,Low,66.2,41.9,1,0
4049,Male,8,15,56.5,70.8,0,3900,0.6,Secondary,0,0,1,1,1,1,4.4,Low,44.5,18.4,0,1
4050,Female,6,12,72.2,52.7,0,3000,7.9,Secondary,0,0,0,0,0,1,1.3,Medium,66.7,40.0,0,0
4051,Female,7,13,57.9,39.5,0,10400,0.4,No Schooling,0,0,0,0,0,1,4.1,Medium,33.3,32.6,2,1
4052,Female,10,14,82.7,65.4,0,4500,3.2,No Schooling,0,0,0,0,1,1,4.2,Medium,40.8,31.5,0,0
4053,Female,10,14,92.4,66.1,0,9600,2.7,Secondary,1,1,1,1,0,1,3.6,Low,59.8,26.7,0,0
4054,Male,10,15,68.4,97.9,0,13700,3.6,Secondary,1,0,1,0,0,1,5.9,Low,60.5,53.5,0,0
4055,Female,7,14,75.7,69.3,0,19700,3.0,Secondary,0,0,1,0,1,1,3.9,Low,23.3,42.1,0,0
4056,Female,6,11,81.1,66.5,3,14200,4.1,Primary,0,0,0,0,0,1,6.3,Low,33.4,53.0,0,1
4057,Male,8,12,86.2,85.0,0,3000,1.8,Graduate,0,0,0,0,0,1,6.5,Medium,28.2,39.5,0,0
4058,Female,7,14,83.7,16.5,2,4300,1.6,No Schooling,0,0,0,0,0,1,5.7,Low,28.8,23.5,0,1
4059,Male,6,12,81.7,38.4,0,3000,0.5,No Schooling,1,0,0,0,0,1,2.9,Low,39.4,15.7,0,0
4060,Female,6,12,68.9,43.0,3,4300,8.0,No Schooling,0,0,1,0,0,1,6.5,High,38.7,34.6,0,0
4061,Female,6,11,71.2,40.9,2,22600,0.2,Secondary,1,0,1,0,0,1,1.8,Low,41.2,6.2,0,0
4062,Female,6,13,70.0,50.5,4,10000,2.1,Higher Secondary,0,0,0,0,0,1,5.4,Medium,2.9,10.9,0,1
4063,Male,9,15,76.6,68.0,2,16300,6.2,Primary,0,0,1,0,0,1,4.5,Medium,45.4,31.9,1,0
4064,Female,7,12,82.5,87.5,1,3200,0.5,Higher Secondary,0,0,1,0,0,0,5.6,Medium,45.7,64.7,0,0
4065,Male,8,12,97.3,49.5,1,7000,2.6,Higher Secondary,0,0,0,0,0,1,3.7,Low,48.0,16.9,0,0
4066,Female,8,15,97.7,100.0,2,12300,0.8,No Schooling,0,0,1,0,1,1,7.2,Medium,59.9,50.9,0,0
4067,Male,10,14,82.7,56.4,0,4000,3.5,Primary,0,0,0,1,0,1,4.0,Medium,41.5,21.8,1,0
4068,Female,9,14,83.7,62.2,0,6900,4.9,Secondary,0,0,0,1,0,1,1.1,Low,27.5,24.8,1,1
4069,Female,9,16,73.9,50.6,0,15700,8.8,Graduate,0,0,0,0,0,1,3.2,Low,61.7,30.4,0,0
4070,Male,9,14,92.4,66.6,2,16300,1.8,Primary,0,1,0,0,0,1,4.2,Low,45.7,37.3,0,0
4071,Male,9,16,83.0,84.3,0,11700,2.5,Higher Secondary,0,0,0,0,0,1,5.4,Low,34.3,35.8,0,0
4072,Female,9,14,67.2,60.3,3,7900,1.4,Graduate,0,0,0,0,1,1,5.4,Low,26.9,26.4,1,0
4073,Male,8,14,82.6,71.5,0,8800,1.8,Secondary,1,0,1,1,1,1,4.4,Low,29.8,38.6,1,0
4074,Male,8,14,81.1,100.0,2,3700,0.5,Secondary,0,1,1,0,1,1,5.1,Low,48.1,47.4,0,0
4075,Male,8,13,78.0,66.1,0,30200,5.8,No Schooling,0,0,1,0,0,1,6.0,Low,37.6,40.5,0,0
4076,Male,7,14,90.8,80.3,2,3300,0.2,Primary,0,0,0,0,0,1,5.7,High,46.1,42.5,0,0
4077,Female,7,12,68.8,27.7,5,20100,7.7,Primary,0,0,0,0,0,1,2.5,Medium,22.7,12.1,0,1
4078,Female,7,12,94.0,88.5,2,3000,1.1,No Schooling,0,0,0,0,1,0,5.1,Low,33.5,72.6,0,0
4079,Male,7,13,65.0,59.9,2,6700,2.8,Primary,0,0,1,1,0,1,3.5,Low,24.9,27.9,0,1
4080,Male,8,15,76.0,61.4,2,10600,0.3,Secondary,0,0,0,0,1,1,3.0,Low,42.6,20.5,0,0
4081,Male,8,15,77.2,72.5,0,4900,0.3,No Schooling,0,1,0,0,0,1,2.9,Low,55.7,46.9,0,0
4082,Male,6,11,93.0,71.3,0,3000,0.7,No Schooling,0,0,1,0,1,0,5.6,Medium,34.6,34.2,0,0
4083,Female,7,11,65.8,97.9,1,4500,0.1,Secondary,0,0,0,0,0,1,6.8,Low,45.1,37.9,0,0
4084,Male,7,12,63.7,100.0,0,6800,0.1,Primary,1,0,0,0,1,0,5.3,Low,66.7,49.4,0,0
4085,Female,9,14,90.7,56.6,0,9100,1.5,Primary,0,0,0,1,1,1,2.4,Low,24.4,15.8,1,0
4086,Female,7,12,72.8,70.2,0,7400,0.1,No Schooling,0,0,0,0,0,1,3.6,High,44.9,38.3,0,0
4087,Female,6,11,81.0,49.1,0,8800,0.7,No Schooling,0,0,1,0,0,0,4.1,Medium,45.3,12.0,1,0
4088,Female,6,10,96.5,16.9,1,10200,0.1,Primary,0,0,0,0,1,1,4.6,Low,46.8,39.6,0,0
4089,Male,8,14,94.4,96.1,0,12900,0.6,Primary,0,0,0,0,1,1,3.9,High,50.3,22.9,1,0
4090,Male,6,13,85.2,65.8,3,5900,2.7,Higher Secondary,0,0,0,0,0,1,5.3,Medium,45.0,21.0,0,0
4091,Male,8,13,85.7,81.9,0,10300,0.1,No Schooling,0,0,0,0,1,1,7.3,Medium,24.5,37.1,0,0
4092,Female,8,12,91.8,100.0,0,3600,0.6,No Schooling,0,0,0,0,0,1,7.0,Medium,46.7,31.8,1,0
4093,Female,10,15,89.2,100.0,4,3000,0.5,No Schooling,0,1,1,0,0,1,4.9,Low,68.1,49.2,0,1
4094,Male,9,14,90.9,4.9,2,5800,0.3,No Schooling,0,0,0,0,0,0,3.2,Low,36.8,41.8,1,0
4095,Male,6,12,72.1,37.4,0,50000,1.8,Higher Secondary,1,0,1,0,0,1,2.6,Medium,25.1,25.0,0,0
4096,Male,7,12,71.7,38.0,2,8000,0.6,Primary,1,0,0,0,0,1,5.1,Low,48.8,24.3,0,1
4097,Female,9,14,64.6,61.8,2,14600,1.5,Higher Secondary,0,0,1,1,0,1,5.2,Medium,46.7,52.7,0,0
4098,Female,7,13,70.3,50.3,0,18600,0.9,Primary,0,0,0,0,1,1,3.2,Low,27.6,5.1,1,0
4099,Female,10,14,82.7,89.5,2,6500,12.2,Primary,0,0,1,0,0,1,7.3,Low,46.8,54.5,1,0
4100,Female,8,15,74.6,39.7,0,22900,0.7,Secondary,0,0,1,1,0,1,2.3,High,28.4,3.3,0,1
4101,Male,6,11,79.2,45.2,0,11500,5.3,Higher Secondary,1,0,0,0,1,1,2.6,Low,30.4,30.4,0,0
4102,Female,7,14,51.6,33.4,0,42801,2.0,No Schooling,0,0,0,0,1,1,2.3,Medium,18.3,35.4,1,0
4103,Female,10,14,69.4,72.0,0,9300,4.6,Secondary,0,0,0,0,1,0,2.8,Medium,40.1,44.3,0,0
4104,Male,10,15,80.4,55.5,0,9700,2.8,No Schooling,0,0,1,0,0,1,2.7,Low,29.3,20.5,0,0
4105,Female,10,15,85.6,71.4,1,22000,0.4,Secondary,0,0,1,0,1,1,2.3,Low,61.2,26.7,0,0
4106,Male,7,12,83.9,45.3,0,5800,0.8,Secondary,1,0,0,0,0,1,2.0,Low,43.5,31.8,0,0
4107,Female,9,13,79.0,84.7,1,10200,3.9,Secondary,0,0,0,0,0,1,8.0,Medium,56.1,34.9,1,0
4108,Female,7,11,90.1,100.0,1,8700,1.1,Secondary,1,0,0,0,1,1,7.2,Low,46.3,47.1,1,0
4109,Female,7,14,98.1,72.7,1,8900,1.0,Primary,0,1,0,0,0,1,4.2,Medium,38.7,15.7,0,1
4110,Male,9,16,89.0,49.5,1,13200,1.4,Higher Secondary,0,0,1,0,1,1,3.0,Low,50.5,28.0,0,0
4111,Male,10,15,91.5,54.6,2,10300,0.4,Primary,0,0,0,0,0,1,2.4,Low,24.0,29.6,0,0
4112,Female,8,12,58.8,92.2,0,7800,1.0,Secondary,0,1,1,0,0,1,7.5,Medium,33.9,28.7,0,0
4113,Female,8,13,87.7,72.6,1,26600,5.3,Secondary,0,0,1,1,0,1,3.6,Low,54.5,58.1,0,0
4114,Male,7,14,79.4,77.6,0,10800,5.6,Secondary,0,0,0,0,0,0,5.0,Low,49.6,64.2,0,0
4115,Female,7,14,84.0,89.7,2,5200,1.2,Primary,0,0,1,0,1,1,5.1,Medium,49.1,45.5,1,0
4116,Male,6,13,77.0,81.7,1,8300,0.2,No Schooling,0,0,0,0,1,1,5.3,Medium,59.7,36.8,0,0
4117,Female,10,17,89.4,85.0,4,8200,0.2,Primary,0,0,1,0,0,1,3.3,Low,42.4,41.7,0,0
4118,Female,6,12,90.4,77.7,0,5600,3.2,Graduate,1,0,1,0,1,1,5.4,Low,68.6,24.4,0,0
4119,Male,9,15,90.8,68.8,0,6000,0.5,Secondary,1,0,0,0,0,1,2.7,Low,41.5,46.8,0,0
4120,Male,7,14,69.1,19.5,3,7600,3.2,Secondary,0,0,1,0,0,0,2.0,Medium,30.0,22.2,0,1
4121,Female,8,14,79.3,83.6,0,11600,5.7,No Schooling,0,0,1,0,0,1,7.2,Medium,47.1,45.1,0,0
4122,Female,7,12,67.5,19.2,1,3700,1.2,Primary,1,1,0,0,1,1,3.0,Medium,18.4,46.4,0,1
4123,Female,7,13,83.6,66.0,4,12200,0.8,Secondary,0,0,1,1,0,1,4.5,Medium,45.9,36.9,0,0
4124,Male,8,13,86.1,56.3,1,7100,1.2,No Schooling,0,1,0,0,0,0,1.0,Medium,32.9,25.0,1,0
4125,Female,9,15,87.9,85.7,0,3800,1.1,No Schooling,0,0,0,0,0,0,7.8,Low,34.4,44.1,1,0
4126,Male,10,15,66.2,76.2,0,11700,1.1,Primary,1,0,1,0,0,0,6.5,Low,42.9,41.3,1,0
4127,Male,7,12,70.8,40.9,0,10200,3.6,Secondary,0,0,0,0,0,0,2.6,Low,36.8,31.3,0,0
4128,Male,8,12,81.8,47.7,1,12200,1.2,Primary,0,0,0,0,0,0,4.3,Low,45.6,34.6,1,0
4129,Female,10,17,94.1,100.0,3,17800,0.1,Primary,0,0,1,1,0,1,8.0,High,50.8,37.7,0,0
4130,Female,7,13,93.7,73.1,0,29500,4.8,Primary,0,0,1,1,0,1,5.3,High,49.3,45.7,0,0
4131,Female,10,14,90.5,79.4,0,8700,5.9,Secondary,0,0,1,0,1,1,5.8,Low,37.4,28.7,1,0
4132,Female,10,15,93.9,60.2,2,6800,1.3,Secondary,0,0,0,0,1,1,4.4,Low,49.7,39.4,0,0
4133,Male,10,15,73.4,69.1,2,7500,1.5,Secondary,0,0,0,0,1,0,4.1,Low,40.9,30.8,0,0
4134,Male,8,15,46.3,51.0,2,6400,2.9,Primary,0,0,0,0,0,1,2.5,Low,31.4,21.4,0,1
4135,Male,9,16,67.4,89.6,2,5600,1.9,Secondary,1,0,1,0,0,1,5.7,Medium,33.0,55.4,0,0
4136,Male,8,15,69.1,85.8,0,8300,1.0,Higher Secondary,0,0,1,0,0,1,5.0,High,54.5,19.3,0,0
4137,Male,8,13,92.4,68.7,0,3000,1.7,No Schooling,0,0,0,0,0,1,7.0,High,50.0,49.4,0,0
4138,Female,10,14,90.9,74.6,1,14800,7.5,Primary,0,0,0,0,0,1,4.5,Medium,70.9,32.2,0,0
4139,Female,7,13,89.0,67.7,0,10500,0.1,No Schooling,0,0,0,0,1,1,7.6,Low,41.7,41.4,1,0
4140,Female,9,13,83.5,36.1,0,23800,5.1,Secondary,0,0,1,1,1,1,1.2,Low,38.3,5.7,2,0
4141,Male,8,14,81.1,65.6,0,4500,2.5,Secondary,0,0,0,0,0,0,7.2,High,50.5,29.4,0,0
4142,Female,6,11,89.4,38.1,0,22500,6.8,Secondary,0,0,0,0,0,1,4.5,Medium,30.4,15.5,2,0
4143,Male,9,14,91.9,93.4,2,16000,0.2,No Schooling,0,0,1,1,1,0,2.9,Low,70.2,38.3,0,0
4144,Male,9,13,84.4,29.7,1,4200,6.4,No Schooling,0,0,0,0,1,1,1.6,Low,48.6,21.2,0,0
4145,Male,8,15,79.7,42.2,0,3800,2.4,Secondary,1,0,1,0,1,1,2.1,Low,43.5,6.8,0,0
4146,Male,10,16,76.2,76.6,3,10400,3.1,No Schooling,0,0,1,0,1,1,3.4,High,38.7,58.5,1,1
4147,Male,7,12,72.2,40.5,0,12400,3.0,Graduate,0,0,0,0,0,1,4.3,Low,33.7,36.0,0,0
4148,Female,10,16,80.6,61.0,1,14300,1.1,No Schooling,0,0,1,1,0,0,4.3,Low,38.3,19.6,0,0
4149,Male,9,16,93.6,64.1,1,5300,5.1,Primary,0,0,0,0,0,1,4.7,Low,44.3,15.5,1,1
4150,Male,9,15,86.3,44.7,0,44100,0.2,Primary,0,0,1,1,0,1,0.0,Low,42.1,39.6,0,0
4151,Male,7,14,54.6,35.6,2,3800,2.1,Secondary,0,0,1,0,0,1,1.4,Low,24.5,26.0,0,0
4152,Female,8,13,59.6,43.7,1,18600,0.9,Higher Secondary,0,0,0,0,0,0,2.9,Medium,47.5,36.3,0,0
4153,Male,10,15,95.1,53.6,0,3000,0.2,No Schooling,0,0,0,0,1,0,7.7,Low,42.0,29.5,1,0
4154,Male,6,13,89.5,17.1,0,4800,5.4,Secondary,0,0,1,0,1,1,1.7,Medium,28.5,18.2,1,0
4155,Female,7,13,69.6,27.9,5,15300,1.6,Primary,0,0,1,0,0,1,2.2,Low,17.1,21.8,0,1
4156,Male,9,15,94.8,25.8,3,28000,4.3,Graduate,0,0,0,0,0,1,2.6,Medium,48.6,35.0,0,0
4157,Female,9,15,68.8,52.2,1,18000,1.7,Secondary,0,0,1,0,0,0,6.0,High,12.0,33.1,0,0
4158,Male,10,17,60.7,48.6,0,7300,6.4,Primary,0,0,1,0,0,1,4.8,Medium,24.9,37.0,0,0
4159,Male,9,15,84.5,50.2,1,3700,1.2,No Schooling,0,0,1,0,0,0,5.1,Low,36.0,20.7,0,0
4160,Male,10,17,78.8,72.4,0,20100,1.5,Graduate,0,0,1,1,0,1,5.5,Medium,30.9,22.8,1,0
4161,Female,8,12,88.5,37.9,2,7300,8.6,Higher Secondary,0,0,1,1,0,1,1.7,High,56.7,19.6,0,0
4162,Male,8,14,71.9,63.9,1,22700,0.6,Primary,1,1,1,0,0,0,6.7,Low,25.1,30.7,1,0
4163,Female,10,15,87.7,70.5,0,18400,2.0,No Schooling,0,0,1,0,1,1,1.2,Low,43.4,19.7,0,1
4164,Male,9,13,79.3,63.0,0,11900,2.8,Higher Secondary,0,0,1,0,1,1,5.3,High,37.8,35.3,0,0
4165,Female,6,11,70.5,58.2,1,4700,0.3,Primary,1,1,0,0,0,1,1.3,Low,30.0,24.2,0,0
4166,Male,7,14,75.6,87.4,5,4900,0.6,Higher Secondary,0,0,1,0,1,1,8.0,Low,48.4,33.2,0,1
4167,Male,8,15,91.2,63.6,1,12600,1.9,Graduate,0,0,0,0,1,1,3.8,Medium,49.0,35.4,1,0
4168,Male,9,14,58.6,72.6,0,9200,4.8,Secondary,1,0,1,0,0,1,3.3,Low,50.4,33.6,0,0
4169,Female,8,12,49.2,52.2,1,31100,6.4,Secondary,0,0,0,0,0,1,4.5,Low,46.6,16.2,0,0
4170,Male,9,14,69.0,65.2,1,12800,3.0,No Schooling,0,1,0,0,1,1,2.3,Medium,18.5,18.2,0,0
4171,Female,10,15,68.0,92.3,1,12000,7.9,Secondary,0,1,1,0,0,1,5.8,Low,43.7,75.0,0,0
4172,Female,7,12,93.1,80.4,3,24700,10.5,Secondary,0,0,1,1,1,0,5.6,Medium,46.9,36.2,0,0
4173,Female,8,15,58.1,39.2,1,5300,7.1,Secondary,1,0,1,0,1,0,2.8,Low,49.2,50.9,0,0
4174,Male,8,13,75.1,73.9,0,12100,1.2,Secondary,0,1,1,0,0,1,5.5,Low,25.3,12.5,2,0
4175,Female,7,11,92.2,70.4,1,4600,6.9,Primary,1,0,0,0,0,1,5.3,Low,40.5,14.7,1,0
4176,Female,8,12,90.7,92.8,2,15700,2.6,Primary,0,0,1,1,0,0,6.0,Medium,48.7,38.7,0,0
4177,Female,8,14,80.7,69.7,1,25400,0.1,Primary,0,0,1,0,0,1,6.8,High,19.6,20.8,0,0
4178,Female,9,13,79.6,38.3,0,9600,1.8,No Schooling,0,0,1,0,1,1,1.5,High,50.0,2.8,1,0
4179,Female,8,12,70.9,37.5,0,3000,0.4,Higher Secondary,0,0,0,0,0,1,2.5,Low,35.4,21.3,0,0
4180,Female,6,13,92.8,88.6,2,17100,0.4,No Schooling,0,0,1,0,0,0,6.5,High,56.3,33.3,1,0
4181,Female,8,12,86.3,65.0,0,24200,0.7,No Schooling,1,1,1,0,0,0,2.7,Medium,26.1,26.0,0,1
4182,Male,10,16,82.9,72.9,5,5000,1.6,Secondary,0,0,0,1,0,1,0.7,High,41.8,30.0,0,1
4183,Female,8,12,91.9,73.9,0,5300,1.9,Secondary,0,0,0,1,1,1,5.1,Low,67.0,31.8,0,0
4184,Male,7,14,88.9,85.5,1,16700,6.5,Higher Secondary,0,1,1,1,0,1,7.1,Low,27.6,39.6,1,0
4185,Female,10,16,70.2,40.2,0,4400,7.6,No Schooling,0,0,1,1,0,0,3.7,Low,21.4,29.7,0,0
4186,Female,6,13,99.1,80.7,0,3900,0.2,Primary,0,0,1,0,1,1,4.8,Medium,16.4,25.0,0,0
4187,Male,7,13,74.6,52.6,0,4500,2.3,Primary,0,1,1,0,1,1,2.8,Low,28.6,8.6,0,1
4188,Male,8,13,80.9,100.0,0,6200,2.0,No Schooling,0,1,1,0,1,1,5.1,Low,67.3,52.9,0,1
4189,Male,9,16,80.0,75.5,0,14200,2.3,No Schooling,0,0,1,0,0,1,6.6,Low,45.5,38.7,0,0
4190,Male,10,17,90.9,69.8,2,9400,4.3,Graduate,0,1,1,0,0,1,8.0,Medium,32.7,32.0,0,1
4191,Male,6,10,71.1,100.0,5,16500,2.2,No Schooling,0,0,0,0,1,0,7.1,Medium,50.8,34.1,0,1
4192,Female,9,15,94.7,100.0,1,12600,4.0,Secondary,0,0,0,0,0,1,5.3,Low,47.8,59.9,0,0
4193,Female,9,15,56.3,49.8,3,21700,8.0,No Schooling,1,1,0,0,1,1,4.3,Low,25.8,17.8,0,0
4194,Female,10,15,84.0,72.8,2,17600,0.4,Graduate,0,1,1,0,0,0,4.7,Low,55.8,52.3,0,0
4195,Male,10,15,87.9,57.1,0,3900,4.9,No Schooling,0,0,0,1,0,1,3.6,Medium,42.6,34.1,0,0
4196,Male,9,16,88.1,100.0,0,6600,3.8,No Schooling,0,0,1,0,0,1,5.1,Medium,44.3,40.5,0,0
4197,Male,6,10,79.1,54.4,2,20700,0.5,No Schooling,0,0,1,0,0,1,2.3,High,39.3,19.7,1,0
4198,Female,7,14,81.2,63.3,1,11200,4.1,Higher Secondary,0,0,1,1,0,1,3.6,Low,61.1,30.2,0,0
4199,Male,10,16,77.3,40.0,2,5800,7.0,Secondary,0,0,0,0,1,1,1.0,Medium,30.0,11.5,0,0
4200,Male,8,12,88.3,76.6,1,6500,2.7,Graduate,0,0,1,0,0,1,6.0,Low,59.3,46.2,0,0
4201,Male,8,13,89.7,79.9,0,15500,0.7,No Schooling,0,0,0,0,0,1,6.6,Low,28.3,39.7,0,0
4202,Female,10,17,86.0,90.5,0,6500,2.7,No Schooling,0,0,0,0,0,1,5.0,Low,47.0,48.3,1,0
4203,Male,10,16,78.8,62.2,0,18600,2.9,Primary,0,0,0,1,1,1,5.7,Medium,26.6,27.6,0,0
4204,Female,9,13,72.3,79.8,1,7300,5.0,Secondary,0,0,1,0,0,1,6.4,Low,43.2,39.1,0,0
4205,Female,10,14,74.0,10.4,0,23800,1.5,Secondary,0,0,1,1,0,0,3.6,Low,54.4,28.4,0,0
4206,Female,6,13,94.9,99.4,0,19000,0.3,Primary,0,0,1,0,0,0,6.2,Low,68.3,45.6,0,0
4207,Male,9,13,91.6,27.9,0,5600,0.2,Higher Secondary,1,0,1,0,0,1,2.7,Low,26.6,34.1,0,1
4208,Male,10,16,97.3,83.4,1,14300,1.1,Higher Secondary,0,0,0,0,0,1,2.3,Medium,34.6,32.3,0,0
4209,Male,6,13,91.9,0.0,0,3200,8.7,Graduate,0,0,0,0,0,1,1.8,High,32.9,9.2,0,0
4210,Male,7,11,75.2,56.8,1,8600,1.0,Primary,0,0,1,0,0,1,2.3,Low,33.1,17.7,0,0
4211,Female,9,13,82.7,100.0,2,8200,1.7,Secondary,0,0,0,0,0,1,4.4,Medium,63.8,59.6,0,0
4212,Male,8,15,79.8,44.8,1,3000,0.5,Primary,0,0,0,0,1,1,5.0,Medium,42.4,20.2,0,0
4213,Male,6,13,91.6,7.1,3,3000,0.3,Primary,0,0,0,0,1,1,6.1,Medium,29.2,31.0,0,1
4214,Male,7,13,73.0,77.7,0,18900,4.2,Secondary,0,0,0,1,0,1,6.6,High,52.0,33.7,0,0
4215,Female,7,11,98.5,95.2,0,8000,3.7,No Schooling,0,1,0,0,0,1,7.6,Low,49.4,47.3,0,0
4216,Male,7,11,93.7,36.7,0,9100,3.2,No Schooling,1,0,1,1,0,1,3.8,High,51.6,17.7,0,0
4217,Female,10,17,89.9,84.4,0,6600,0.7,Primary,0,0,1,0,0,0,2.5,Medium,47.8,50.4,0,0
4218,Male,9,16,81.2,92.9,0,19700,2.6,Primary,0,0,0,0,0,1,3.4,Low,43.7,26.3,0,0
4219,Female,9,16,73.2,78.4,3,3000,0.1,Secondary,1,1,1,0,0,1,6.1,Low,49.0,37.7,0,0
4220,Female,6,13,87.5,59.2,5,14700,0.1,No Schooling,0,0,0,0,0,1,3.4,Low,49.0,32.0,0,1
4221,Male,7,12,88.8,51.5,0,32400,0.5,Higher Secondary,0,0,1,1,1,1,4.4,Low,8.1,28.6,0,0
4222,Male,7,12,72.5,56.6,4,4600,2.4,Secondary,1,0,0,0,0,1,4.1,Low,41.0,24.7,0,1
4223,Male,10,15,72.4,81.3,0,4100,0.3,No Schooling,0,0,1,0,1,0,3.8,Low,43.1,40.5,0,0
4224,Male,10,16,81.2,94.5,0,10600,0.7,Primary,0,0,0,0,0,1,3.8,Low,35.9,32.8,0,0
4225,Male,7,11,82.5,43.3,1,12800,1.0,Graduate,0,1,0,0,0,1,1.6,Low,40.4,23.1,1,0
4226,Female,10,14,81.3,61.2,0,3300,4.3,Higher Secondary,0,0,0,0,0,1,5.1,Low,37.1,53.0,0,0
4227,Female,6,13,81.7,49.6,2,6300,9.1,No Schooling,0,0,1,0,1,1,1.8,Medium,48.2,22.5,0,0
4228,Male,7,12,73.9,34.1,3,23500,2.1,Higher Secondary,0,0,0,0,1,1,0.0,Medium,21.8,12.6,1,0
4229,Female,9,13,66.2,61.3,1,31000,8.5,No Schooling,0,0,1,1,0,0,5.1,High,46.5,47.6,0,0
4230,Male,7,13,66.2,51.7,2,7200,11.9,Primary,0,1,1,0,1,1,4.6,Low,30.8,18.8,0,1
4231,Female,10,15,75.9,70.6,0,8900,0.5,Secondary,1,0,1,1,0,1,5.0,Low,37.9,33.1,0,0
4232,Male,6,10,82.7,85.5,0,10100,0.1,Higher Secondary,1,0,1,0,0,1,3.1,Low,38.8,50.8,0,0
4233,Female,9,14,90.3,74.5,0,3000,1.4,No Schooling,1,0,1,0,1,0,7.7,High,46.9,34.2,2,1
4234,Female,6,11,80.1,27.8,4,4800,0.9,No Schooling,0,1,1,0,0,1,1.4,Low,49.0,11.1,2,1
4235,Male,6,12,93.8,72.6,1,7800,0.6,Secondary,0,0,0,0,0,1,4.9,Low,62.9,48.1,0,0
4236,Male,8,15,94.4,51.9,1,41800,1.7,Higher Secondary,0,0,1,0,0,0,3.1,Medium,48.8,19.4,0,0
4237,Male,10,17,92.2,73.7,3,10900,7.3,Higher Secondary,0,0,1,0,1,1,4.4,Medium,76.1,19.4,0,0
4238,Female,8,15,49.2,94.5,2,22500,0.9,Graduate,0,0,1,0,1,1,6.7,Low,33.1,34.4,0,1
4239,Female,9,14,92.3,66.3,1,7100,1.8,No Schooling,0,1,0,1,0,0,5.2,Medium,41.7,38.8,0,1
4240,Female,6,12,82.1,67.2,2,11100,1.9,No Schooling,0,0,0,0,0,0,2.0,Low,54.5,42.0,0,0
4241,Female,6,10,90.3,64.3,0,4100,0.2,Graduate,0,0,0,0,1,0,4.4,Low,20.5,50.0,0,0
4242,Female,6,12,68.3,47.9,1,3000,1.1,Primary,1,1,0,0,0,0,1.6,Low,11.5,26.7,2,0
4243,Male,9,15,96.1,95.7,2,3700,2.5,Secondary,0,0,1,0,0,0,2.6,Low,59.7,53.4,1,0
4244,Male,7,14,59.2,86.7,0,5900,2.3,No Schooling,0,0,1,0,1,1,1.7,Medium,42.7,43.1,1,0
4245,Female,7,11,91.1,32.0,2,7500,0.3,Primary,1,0,0,0,1,1,3.1,High,39.7,10.0,0,1
4246,Male,8,15,67.9,72.3,1,5100,2.7,Graduate,0,0,0,0,1,1,4.6,Low,35.5,14.9,2,0
4247,Female,8,14,77.8,51.8,0,3000,6.3,Secondary,1,0,0,1,1,1,4.5,Low,46.0,21.1,1,0
4248,Male,7,11,83.0,63.6,1,12700,0.4,Higher Secondary,0,0,1,0,0,0,4.8,Medium,34.0,21.4,0,0
4249,Male,6,13,89.4,64.2,0,4300,2.4,Primary,0,0,1,0,1,1,4.7,Medium,41.9,13.9,0,0
4250,Female,8,13,81.4,57.6,0,7800,1.1,No Schooling,0,0,1,0,0,1,2.6,Low,41.2,5.6,0,0
4251,Male,9,14,81.8,99.1,1,4500,8.7,Graduate,0,0,0,0,0,1,6.7,Medium,43.7,31.0,0,0
4252,Male,7,11,94.6,54.0,0,15300,1.0,No Schooling,0,0,0,0,0,1,1.9,Low,53.1,40.4,1,1
4253,Male,9,13,87.2,79.0,1,49233,1.9,Higher Secondary,0,0,1,0,1,1,4.2,Low,38.3,43.9,0,0
4254,Female,6,10,62.6,18.8,0,14200,0.6,Primary,0,1,0,0,1,0,1.9,Low,20.2,0.0,2,0
4255,Female,10,15,78.9,39.2,0,5500,2.3,Graduate,0,0,1,1,0,1,4.8,Low,36.4,24.7,0,0
4256,Male,10,15,85.2,56.5,1,5900,1.7,No Schooling,1,1,0,0,0,1,5.0,Low,37.6,25.0,0,0
4257,Male,6,11,85.1,82.3,1,7600,0.9,No Schooling,0,0,0,0,1,1,5.8,High,36.4,34.4,0,0
4258,Male,8,14,94.2,56.8,0,7000,2.3,No Schooling,0,0,0,0,0,1,6.5,Low,36.0,36.9,0,0
4259,Female,7,14,85.3,81.8,0,19600,3.8,Primary,0,1,0,0,1,1,8.0,Low,59.7,49.0,0,0
4260,Male,10,17,71.6,64.1,0,11600,1.3,Higher Secondary,0,0,0,0,1,1,4.6,Low,42.9,42.1,1,0
4261,Female,8,13,70.9,48.6,0,18800,6.6,Secondary,1,1,0,1,0,0,5.0,Low,48.1,41.5,0,0
4262,Female,8,15,62.1,38.9,3,10500,1.5,Primary,0,0,0,0,0,1,3.1,Low,26.6,46.4,0,1
4263,Male,6,12,88.6,57.3,2,6700,0.2,Primary,0,1,0,0,1,1,4.0,Low,30.6,43.3,1,0
4264,Female,6,11,83.9,18.6,0,6800,2.9,No Schooling,0,0,0,0,0,1,1.4,Low,53.0,34.0,0,0
4265,Female,9,13,75.3,74.0,0,3000,0.1,Graduate,0,1,1,0,0,0,3.8,Medium,67.4,48.1,1,0
4266,Male,8,13,81.8,59.3,0,27800,0.9,Secondary,0,0,1,0,0,1,5.4,High,47.6,22.8,0,0
4267,Male,10,14,54.1,33.7,0,6700,5.9,Higher Secondary,0,1,0,0,0,1,4.4,Medium,16.3,9.3,1,0
4268,Female,10,14,55.1,26.5,2,3000,2.2,No Schooling,0,0,0,1,0,1,2.4,Low,37.8,31.5,0,0
4269,Female,9,16,90.0,65.2,1,3600,1.4,Graduate,0,0,1,0,1,1,4.0,Low,35.1,31.3,1,1
4270,Female,8,12,99.5,100.0,0,3000,3.9,Primary,0,0,0,0,0,0,5.4,Medium,39.4,32.3,1,0
4271,Female,10,16,77.8,74.6,0,4400,0.4,No Schooling,0,1,0,0,0,0,4.6,High,30.6,51.7,0,0
4272,Male,9,13,77.4,88.7,0,10800,15.0,Secondary,1,0,0,0,0,1,4.6,High,53.8,52.6,0,0
4273,Female,10,16,94.5,30.3,0,3000,3.3,No Schooling,0,0,0,0,1,1,3.0,Medium,30.5,9.9,1,0
4274,Female,10,17,76.2,54.9,0,18500,0.2,Secondary,0,0,0,0,0,0,2.4,High,19.1,40.6,0,0
4275,Male,7,12,70.9,44.6,0,4700,2.1,Graduate,0,0,0,0,0,1,3.4,Low,12.2,10.0,0,0
4276,Male,9,13,90.3,93.7,0,6300,3.8,Secondary,0,1,1,0,0,1,6.3,Low,44.8,31.0,0,0
4277,Male,9,13,85.9,53.0,0,7000,0.1,Secondary,1,0,1,0,0,0,5.1,Medium,18.0,4.9,1,0
4278,Female,6,13,83.7,82.4,0,3400,4.3,Primary,1,1,0,0,0,1,2.8,Low,57.8,39.8,0,0
4279,Male,9,13,85.8,25.9,0,12100,10.9,Primary,0,0,1,0,0,1,2.4,High,50.1,24.5,0,0
4280,Female,7,12,82.7,45.5,4,3000,0.2,No Schooling,0,0,1,0,1,1,0.5,Low,51.1,29.5,0,1
4281,Male,8,15,78.6,76.1,1,21600,5.0,Primary,0,1,1,0,0,1,3.8,Medium,54.9,39.9,0,0
4282,Male,6,12,75.0,90.0,1,3500,1.5,Secondary,0,1,1,0,0,1,6.9,Medium,54.0,34.9,0,0
4283,Female,9,16,64.4,100.0,0,7100,0.7,Primary,0,0,0,0,0,1,6.2,Low,59.5,53.1,0,0
4284,Male,9,16,72.9,70.3,0,4500,2.8,Secondary,0,0,1,0,0,1,3.3,High,33.0,27.9,1,0
4285,Female,8,14,82.8,50.6,0,15800,0.1,Primary,0,0,0,0,0,0,3.7,Medium,57.4,35.4,0,0
4286,Male,6,13,82.7,22.1,0,3300,2.4,Secondary,1,0,0,1,1,1,1.9,Medium,31.0,21.0,1,0
4287,Female,8,12,91.7,100.0,0,19600,1.1,No Schooling,0,0,0,1,0,1,7.4,Low,36.5,41.4,0,1
4288,Male,6,10,96.4,61.0,1,33000,0.6,Higher Secondary,0,0,1,0,0,1,4.7,Low,65.3,40.8,1,0
4289,Female,7,12,83.2,63.8,0,3000,1.0,No Schooling,0,0,1,0,0,0,4.2,Medium,50.2,37.1,0,0
4290,Female,7,14,68.9,59.2,1,3000,3.5,Higher Secondary,0,0,1,0,0,0,5.5,High,35.7,36.7,1,0
4291,Male,10,16,63.3,61.5,0,6100,0.1,Secondary,0,0,1,0,0,1,2.4,Low,27.9,28.0,0,0
4292,Male,7,12,73.6,68.7,0,8100,1.9,Primary,0,1,1,0,0,1,3.6,Medium,43.4,29.4,1,0
4293,Male,8,12,82.9,78.8,1,6300,5.8,No Schooling,0,0,0,0,0,1,1.9,Low,41.1,38.7,0,0
4294,Female,10,17,79.3,62.3,1,6000,2.7,Secondary,0,0,0,1,0,1,8.0,Medium,38.5,57.0,1,0
4295,Female,7,14,63.4,53.6,4,11900,0.9,No Schooling,0,1,1,1,1,1,2.1,Low,40.0,19.3,0,1
4296,Male,10,14,84.7,51.3,0,9500,1.7,Higher Secondary,0,0,0,0,0,1,3.1,Low,34.3,42.9,0,0
4297,Male,6,11,82.7,65.6,0,3000,0.7,Secondary,1,0,0,0,0,0,1.5,Low,67.0,30.4,1,0
4298,Female,7,13,95.0,69.8,1,4400,2.0,Primary,0,0,0,0,0,1,5.6,Medium,62.6,39.3,0,0
4299,Female,6,10,84.0,72.7,0,18700,0.4,Secondary,1,0,0,0,1,0,3.3,Low,37.6,55.5,0,0
4300,Female,8,14,61.9,54.7,0,8300,4.8,Graduate,1,0,0,0,0,1,4.1,Low,40.3,26.0,0,0
4301,Male,10,17,83.5,68.1,2,7200,0.1,Secondary,0,0,1,0,1,1,3.9,Medium,37.5,39.4,1,0
4302,Female,9,16,94.9,44.3,0,3100,6.3,Higher Secondary,0,0,0,0,0,1,3.7,Low,37.1,17.3,0,0
4303,Female,8,15,94.5,86.1,0,12500,0.4,No Schooling,0,0,1,0,0,1,4.4,Medium,48.0,54.1,0,0
4304,Male,7,14,73.3,86.7,0,7400,1.0,Secondary,0,0,1,0,1,1,8.0,Low,56.5,53.0,2,0
4305,Male,10,15,90.1,63.7,3,7400,3.4,No Schooling,0,1,0,0,0,1,3.9,Low,54.4,30.7,0,1
4306,Male,8,13,87.0,48.2,2,14900,0.8,Higher Secondary,1,0,0,0,1,1,4.4,Medium,43.3,36.5,1,0
4307,Female,7,12,77.6,54.5,1,3600,1.1,Primary,0,0,0,0,0,1,3.0,Low,40.6,41.7,0,0
4308,Male,10,17,83.9,80.6,0,17100,0.5,Secondary,0,0,1,0,1,1,4.5,Low,50.0,49.7,1,0
4309,Female,7,13,88.6,55.9,0,9300,1.7,Higher Secondary,0,1,1,0,1,1,3.1,Medium,31.5,38.6,0,0
4310,Female,7,12,80.4,33.7,0,16900,0.7,Graduate,0,1,0,0,0,1,4.3,Low,39.0,28.1,0,0
4311,Female,6,12,82.0,59.5,3,6200,1.0,No Schooling,0,0,0,0,0,0,3.2,Medium,47.5,22.9,0,1
4312,Female,6,10,71.6,41.9,3,18500,3.2,Primary,0,0,0,0,1,1,0.6,Low,39.4,18.7,0,1
4313,Male,9,14,95.9,100.0,1,3000,1.2,Secondary,0,1,1,0,1,0,7.2,High,47.0,49.6,1,0
4314,Female,8,12,82.4,32.8,1,3000,3.5,Graduate,0,0,0,0,0,0,2.2,Low,45.4,7.7,0,0
4315,Male,10,17,74.5,37.6,0,3900,1.8,Primary,0,0,1,0,0,1,1.9,Medium,24.4,10.8,0,0
4316,Female,6,10,67.1,79.2,0,4400,1.8,Primary,0,0,1,0,0,0,2.1,Low,36.6,27.3,0,0
4317,Female,8,15,96.0,70.8,2,16200,4.7,No Schooling,0,0,0,0,1,1,5.7,Low,60.7,28.9,2,0
4318,Female,9,13,81.8,46.7,0,3000,1.1,Higher Secondary,0,0,0,1,0,1,4.9,Medium,60.6,32.4,0,0
4319,Female,8,12,66.2,70.6,0,14100,0.1,Higher Secondary,0,1,0,1,1,1,1.1,High,31.6,45.5,2,0
4320,Male,8,14,66.9,59.1,0,7400,5.0,Secondary,0,0,1,0,1,1,3.4,Low,35.3,12.9,0,0
4321,Female,8,12,70.3,69.3,0,3400,0.5,No Schooling,0,0,1,0,0,1,5.0,High,56.8,34.7,0,0
4322,Female,9,13,76.8,86.9,0,25700,2.9,Secondary,0,0,1,1,0,1,5.4,High,58.5,56.5,0,0
4323,Female,10,15,77.6,18.2,0,3000,4.2,Secondary,0,0,1,0,0,1,1.8,Low,20.3,7.4,1,0
4324,Male,7,13,81.5,28.0,0,14100,0.8,Primary,0,0,1,0,0,1,2.1,Low,41.5,22.8,0,0
4325,Male,8,12,83.2,100.0,2,18900,3.5,No Schooling,0,0,1,0,0,1,6.5,Low,62.4,61.8,0,0
4326,Female,9,13,78.9,45.5,3,3000,2.4,Graduate,1,0,0,0,0,0,5.0,Low,42.5,19.7,0,0
4327,Male,7,12,93.6,100.0,0,3600,1.0,Secondary,0,0,0,0,0,1,5.4,Low,50.6,34.9,1,0
4328,Female,6,12,92.9,98.2,1,19400,0.5,Secondary,1,0,1,0,0,1,4.2,High,54.0,60.9,0,0
4329,Female,10,14,65.1,79.1,0,8500,8.1,No Schooling,0,0,1,0,0,1,4.7,Low,31.3,31.4,0,0
4330,Female,6,11,92.1,41.5,0,12000,1.6,Higher Secondary,0,0,0,0,1,0,2.7,Low,42.4,14.0,1,0
4331,Male,7,11,66.3,39.5,1,7900,8.9,Graduate,0,1,0,0,0,0,4.2,Low,17.9,11.9,1,0
4332,Female,8,13,72.2,72.4,1,13000,0.2,Higher Secondary,0,0,1,1,0,0,5.9,High,37.1,51.2,0,0
4333,Male,6,11,91.6,61.1,0,3200,2.1,Higher Secondary,0,0,0,1,1,1,2.0,Low,36.6,31.5,0,0
4334,Male,6,12,83.2,53.1,3,12700,14.2,Primary,0,0,1,1,0,1,1.5,Low,44.0,38.6,1,1
4335,Female,6,10,86.9,83.0,0,6700,0.9,No Schooling,0,0,0,0,1,1,4.1,Low,56.4,44.3,0,0
4336,Male,6,13,59.4,31.3,0,6500,1.0,Higher Secondary,0,0,0,0,0,0,3.5,Medium,28.3,25.0,0,0
4337,Male,7,11,79.3,51.3,0,3000,2.9,No Schooling,0,0,1,0,1,1,5.7,Medium,41.0,32.1,1,0
4338,Male,10,17,84.2,54.5,1,3000,1.7,No Schooling,1,0,0,1,0,0,2.0,Low,30.1,32.7,0,0
4339,Male,7,13,91.4,67.5,0,6900,2.6,Primary,0,0,0,0,0,0,3.7,Low,20.5,27.2,0,0
4340,Female,7,12,85.3,51.9,0,17900,4.1,Graduate,0,0,0,0,1,1,1.4,Low,22.9,27.5,0,0
4341,Male,8,13,76.8,71.0,0,8700,3.5,Higher Secondary,0,0,1,0,1,1,3.7,Low,58.9,45.1,0,0
4342,Male,7,14,71.8,18.6,0,3800,1.3,Primary,0,0,0,0,0,1,3.5,Medium,36.8,5.4,0,0
4343,Female,8,15,82.4,73.6,1,6700,1.3,Secondary,0,0,0,0,0,1,3.1,Medium,20.8,44.5,1,0
4344,Male,7,13,78.6,85.1,1,6200,4.0,Primary,0,0,0,0,0,1,4.3,Medium,34.3,22.4,0,0
4345,Female,7,11,85.4,74.7,0,4300,1.8,Secondary,0,0,1,0,0,1,3.7,Medium,58.4,36.5,0,0
4346,Female,7,14,62.9,35.5,2,10200,14.7,Primary,0,0,1,0,0,1,2.5,Low,27.6,39.6,0,1
4347,Female,6,11,80.3,51.1,0,3900,2.1,Primary,0,0,1,0,0,1,1.7,Low,55.2,32.8,0,0
4348,Female,10,14,87.0,91.7,1,4700,0.8,Higher Secondary,0,0,0,0,0,1,5.8,Low,36.2,33.5,0,0
4349,Male,10,17,89.5,66.7,1,3500,1.4,Higher Secondary,0,0,1,0,0,1,4.5,Low,40.0,26.7,0,0
4350,Female,10,14,70.7,70.3,0,4500,3.1,Primary,0,0,1,1,0,1,3.3,Low,42.9,30.8,0,0
4351,Male,6,11,77.5,37.1,2,22200,1.1,Primary,0,0,1,0,0,1,3.1,Medium,25.1,16.6,0,0
4352,Male,9,13,88.4,49.5,0,4600,1.0,Primary,1,0,1,0,1,0,1.3,Low,32.2,27.2,2,0
4353,Female,8,13,74.9,81.4,1,5400,2.9,Secondary,0,0,1,0,0,1,2.6,Low,49.6,17.0,0,0
4354,Male,6,13,98.5,82.1,0,13300,5.6,Graduate,0,0,1,0,1,1,6.7,Medium,61.4,51.4,1,0
4355,Female,10,14,75.9,54.5,0,15800,1.7,No Schooling,0,0,0,1,1,1,2.3,Low,28.5,36.4,1,0
4356,Female,9,13,76.1,79.1,0,5300,0.5,Primary,1,0,0,0,0,0,6.3,Medium,50.6,15.7,0,0
4357,Female,6,13,88.7,72.2,0,18400,4.3,Graduate,0,0,0,0,0,1,4.5,High,36.7,26.0,0,0
4358,Male,10,14,90.1,100.0,1,3800,12.7,No Schooling,1,1,1,1,0,1,6.8,Low,46.1,49.7,0,0
4359,Male,6,10,84.8,61.8,1,12300,0.1,Secondary,1,1,1,0,0,1,6.4,Low,43.6,41.4,0,0
4360,Female,8,14,88.9,70.5,0,7200,1.8,No Schooling,0,0,1,0,0,0,2.4,Low,48.1,45.6,0,0
4361,Male,6,11,83.9,72.7,0,10300,1.6,Primary,0,0,0,0,1,1,4.6,Low,50.9,32.4,0,0
4362,Female,6,13,75.7,31.9,0,11700,1.0,Higher Secondary,0,1,0,0,1,1,1.9,Medium,21.3,29.2,1,0
4363,Female,10,14,91.2,71.9,2,7300,3.4,Secondary,0,0,0,0,0,1,4.0,Low,73.2,34.8,1,0
4364,Female,8,14,69.3,30.2,2,11000,2.3,Graduate,1,0,1,0,0,1,2.6,Medium,43.4,14.8,0,0
4365,Female,7,14,95.3,74.1,0,13200,7.2,Primary,0,0,1,0,0,1,3.2,Medium,46.2,45.5,0,0
4366,Male,9,15,53.5,19.5,3,3000,3.0,Primary,0,1,1,0,0,1,0.6,Medium,22.2,21.4,0,1
4367,Male,10,14,82.5,41.7,0,4100,0.5,Primary,1,0,0,0,0,1,2.6,Low,20.1,18.8,0,0
4368,Female,10,14,88.0,46.7,0,14500,0.4,Primary,0,1,1,0,0,1,1.6,Low,50.8,19.5,0,1
4369,Male,10,14,84.9,77.3,1,3000,7.9,Higher Secondary,0,1,1,0,1,0,4.6,Medium,45.4,30.8,0,0
4370,Male,10,17,95.2,45.2,0,3500,0.9,No Schooling,0,0,0,0,1,1,4.5,Medium,45.4,43.9,1,0
4371,Male,9,13,95.5,81.0,0,22600,3.1,Graduate,0,0,1,1,0,1,3.8,Medium,32.2,28.7,0,0
4372,Male,7,11,91.7,71.8,1,5900,3.3,No Schooling,1,0,0,0,0,1,4.9,Low,17.0,32.7,1,0
4373,Male,10,15,92.8,92.3,2,8800,3.8,Higher Secondary,0,0,1,0,1,0,5.7,Low,46.6,36.2,0,0
4374,Male,6,11,91.5,64.8,0,10200,1.8,No Schooling,0,0,1,0,0,1,3.6,Low,37.4,28.8,0,0
4375,Female,6,10,95.9,100.0,0,10600,1.3,Primary,0,0,1,0,1,1,8.0,Low,57.1,42.4,0,0
4376,Male,8,13,69.9,17.4,3,5400,3.4,Primary,0,0,1,0,0,0,2.4,Low,33.2,13.9,0,0
4377,Female,7,14,85.8,70.1,0,6000,1.0,No Schooling,0,0,0,0,0,1,3.4,Medium,44.0,11.9,0,0
4378,Male,8,12,75.9,60.2,0,34700,0.9,No Schooling,0,0,1,0,0,1,4.4,High,11.5,39.2,2,0
4379,Female,10,17,69.7,55.3,0,3100,2.8,Secondary,0,1,0,0,0,0,4.3,Low,32.3,24.7,0,0
4380,Male,8,14,70.7,57.7,0,4700,1.2,No Schooling,0,0,0,0,0,0,4.3,Low,16.8,1.0,0,0
4381,Female,8,13,93.8,56.0,0,3400,4.6,Graduate,0,0,0,0,0,1,4.9,Medium,41.4,28.2,1,0
4382,Male,7,13,77.4,36.7,0,6700,0.8,No Schooling,0,0,1,0,0,1,3.3,Low,18.9,43.6,0,0
4383,Male,9,14,95.7,59.3,0,4000,0.1,Secondary,0,0,1,0,1,1,2.6,Low,38.9,13.1,0,0
4384,Male,6,10,84.6,64.9,3,18700,1.2,Higher Secondary,1,0,0,0,1,1,5.2,Low,31.8,27.5,1,1
4385,Female,6,10,81.4,45.8,2,23400,1.4,Primary,1,0,0,0,0,1,5.8,Low,48.5,28.2,0,0
4386,Female,9,13,94.3,47.6,0,7500,0.7,Graduate,0,1,0,1,1,1,5.4,Medium,42.2,44.6,0,0
4387,Male,8,14,94.7,96.3,2,3800,13.2,Primary,0,0,1,0,1,0,2.4,Medium,41.0,48.7,0,0
4388,Male,7,11,69.2,80.4,1,27600,7.3,Primary,0,1,1,0,1,1,4.1,Low,55.4,36.9,0,0
4389,Female,7,11,83.4,48.9,0,4500,6.2,Secondary,1,0,0,0,1,1,3.7,Low,41.2,12.9,1,0
4390,Female,6,10,77.9,73.7,2,9000,0.2,Primary,1,0,0,0,0,1,3.2,Low,39.7,25.3,0,0
4391,Male,9,13,72.9,77.7,0,9900,0.8,Secondary,1,1,1,0,1,1,4.7,Low,54.7,44.9,0,0
4392,Female,7,14,79.4,86.1,0,3900,6.1,Primary,0,0,0,0,1,0,7.8,Low,27.9,29.3,1,0
4393,Male,8,12,63.3,49.4,0,5700,8.5,Primary,0,0,0,0,0,0,5.8,Low,42.4,38.8,0,0
4394,Female,10,16,56.2,73.1,1,28100,1.6,Primary,1,0,1,0,0,1,4.0,Low,36.4,26.4,0,0
4395,Male,9,14,72.9,62.7,1,9300,6.0,Secondary,0,0,0,0,0,1,1.8,Medium,39.2,20.4,0,0
4396,Male,6,10,82.4,25.9,2,10800,6.3,Graduate,0,1,0,0,0,1,1.2,Low,19.4,31.9,0,1
4397,Male,9,14,86.9,70.7,0,13600,0.6,Higher Secondary,1,0,1,0,0,0,5.2,Low,31.5,27.2,0,0
4398,Female,6,10,69.4,57.5,0,10400,0.2,Primary,0,0,0,1,0,1,6.0,Low,45.5,43.4,0,0
4399,Male,6,11,79.1,91.6,1,15600,2.8,Primary,1,0,0,0,0,1,7.7,Low,39.8,46.9,0,0
4400,Female,9,16,87.7,100.0,0,11200,9.8,Secondary,0,0,0,0,1,0,6.6,Low,42.4,47.6,0,0
4401,Female,6,12,81.8,36.2,2,7000,1.3,No Schooling,0,0,0,0,0,1,2.5,High,34.3,27.9,1,1
4402,Female,7,14,79.3,86.2,2,50000,1.6,Secondary,1,0,1,1,0,1,5.1,Low,62.9,63.0,0,0
4403,Male,10,16,61.5,46.9,0,5100,6.8,Primary,0,1,1,0,0,1,7.1,Low,38.0,45.0,0,0
4404,Male,9,16,66.9,27.3,3,5900,3.0,Secondary,1,0,0,1,0,1,0.0,Low,44.8,3.4,1,1
4405,Male,10,14,74.8,100.0,0,20400,9.6,Higher Secondary,0,0,0,0,0,0,7.1,Low,29.5,47.6,0,0
4406,Female,10,14,62.6,45.7,0,13400,2.0,Graduate,0,0,1,0,1,0,2.3,High,25.2,10.6,0,0
4407,Female,7,12,59.1,51.0,0,5800,5.3,Higher Secondary,0,1,0,0,0,1,2.1,Medium,17.8,24.4,0,0
4408,Male,9,15,90.5,77.3,5,5500,0.6,Secondary,0,0,1,0,0,0,6.0,High,69.1,55.0,1,0
4409,Female,7,14,97.6,100.0,1,7800,4.7,Graduate,1,0,0,0,0,1,7.3,Low,58.1,21.1,0,0
4410,Male,9,13,78.5,93.3,1,9700,5.6,Graduate,0,0,0,0,1,1,6.3,High,74.3,50.2,0,0
4411,Male,7,11,72.0,100.0,0,7800,0.1,No Schooling,0,0,0,0,0,1,5.8,Low,34.7,49.3,0,0
4412,Male,6,13,81.2,83.2,2,5400,1.1,No Schooling,1,0,0,0,1,1,6.0,Medium,68.2,52.1,1,1
4413,Female,6,12,71.5,36.8,1,12500,2.3,Secondary,1,0,1,1,0,1,1.6,High,57.5,26.0,0,0
4414,Male,9,14,74.8,83.1,0,8200,5.0,Higher Secondary,0,0,0,0,0,1,5.9,High,66.7,34.8,1,0
4415,Male,6,10,85.1,71.3,1,14500,0.1,Secondary,0,1,0,0,0,0,3.1,Medium,36.3,33.6,0,0
4416,Female,8,14,84.4,91.9,0,8700,2.3,Primary,0,0,1,0,0,1,4.9,Low,41.6,54.8,0,0
4417,Female,10,17,57.4,60.6,0,3000,2.5,Secondary,1,0,0,0,0,1,3.2,Low,34.5,20.1,1,0
4418,Male,9,13,53.9,46.4,0,11100,0.8,Primary,0,0,0,0,0,0,2.5,Low,33.3,41.3,0,0
4419,Male,7,11,85.8,96.0,0,15600,0.5,Secondary,0,0,0,0,0,0,6.0,Low,36.4,49.3,0,0
4420,Male,6,13,66.7,100.0,5,10400,1.3,Graduate,0,0,1,0,1,1,6.4,High,48.0,24.7,0,0
4421,Male,10,17,81.4,66.6,0,3000,3.2,Graduate,0,0,0,0,1,1,3.4,High,42.8,27.4,0,0
4422,Male,8,12,76.4,45.3,0,9700,0.7,Higher Secondary,0,0,0,0,0,0,1.0,Low,16.8,5.3,1,0
4423,Female,7,13,67.9,62.8,0,5700,1.2,Secondary,1,0,1,0,0,1,3.2,Low,31.8,19.0,0,0
4424,Male,10,17,82.8,72.8,0,8300,3.2,Primary,0,0,0,0,0,1,4.6,Medium,33.6,35.1,0,0
4425,Female,6,10,90.8,46.9,0,11200,0.8,Secondary,1,0,1,0,0,1,3.5,High,33.6,27.8,0,0
4426,Male,8,12,97.2,78.2,1,6700,3.2,Primary,0,0,0,0,0,1,4.2,Low,47.5,43.6,1,0
4427,Male,6,10,85.3,79.3,0,12400,4.1,Secondary,0,0,0,0,1,0,5.1,Low,32.0,20.3,0,0
4428,Male,6,13,71.4,82.6,0,11200,0.7,Graduate,1,0,1,0,0,0,7.0,Medium,21.2,38.4,1,0
4429,Male,7,14,93.3,28.1,2,10200,0.3,Secondary,0,0,0,0,0,1,4.4,High,39.0,33.7,0,1
4430,Male,9,13,88.6,54.8,0,6200,0.3,Primary,0,0,0,1,0,1,1.8,Low,14.6,11.8,0,0
4431,Male,7,11,85.5,55.8,0,16000,1.0,Secondary,0,0,0,0,1,1,3.4,Low,40.9,30.3,0,0
4432,Female,9,15,79.9,100.0,0,22400,4.0,No Schooling,0,0,1,0,1,1,6.2,Low,35.6,28.9,1,0
4433,Female,9,16,94.9,97.0,2,7900,2.0,Secondary,0,0,0,0,1,1,3.8,Low,34.5,40.9,0,0
4434,Male,10,17,71.3,55.2,0,5700,1.6,Primary,1,0,0,0,1,0,6.3,Low,55.0,14.9,0,0
4435,Female,6,10,72.9,77.6,3,6100,0.1,Secondary,1,0,1,0,1,1,5.2,Low,47.1,41.5,0,0
4436,Female,9,14,86.5,60.3,0,14000,1.6,Primary,0,0,0,1,0,1,3.4,Low,39.9,25.1,0,0
4437,Female,6,10,88.4,84.1,0,8600,1.2,Primary,0,0,1,0,0,1,7.2,Low,44.0,17.3,0,0
4438,Male,9,13,84.1,51.8,0,6800,1.5,Higher Secondary,0,0,1,1,0,1,4.7,High,39.1,16.2,0,0
4439,Male,7,13,98.7,0.3,3,4800,4.4,Primary,0,0,0,0,1,0,6.8,Low,57.3,32.0,0,1
4440,Male,9,14,72.7,40.8,0,10600,0.8,Graduate,0,0,0,0,0,1,2.2,High,50.1,21.3,0,0
4441,Male,6,12,64.6,33.6,0,12400,2.6,Secondary,0,0,1,1,1,1,4.1,Low,47.4,29.2,0,0
4442,Male,9,14,91.2,32.6,0,7700,3.5,Secondary,0,0,0,0,1,1,1.3,Low,46.6,31.0,0,0
4443,Female,6,12,70.5,100.0,0,9800,5.2,No Schooling,0,0,1,0,0,1,6.5,Low,36.7,48.0,1,0
4444,Female,6,12,62.6,51.0,0,11400,0.1,Primary,0,1,0,0,0,1,4.8,Medium,23.3,10.9,0,0
4445,Male,8,12,96.6,41.4,0,15400,3.5,Primary,0,0,0,0,0,1,4.4,High,40.5,21.4,1,0
4446,Male,7,11,74.1,100.0,0,4400,0.7,No Schooling,0,1,0,0,0,1,5.5,Low,55.7,49.3,0,0
4447,Male,9,14,86.9,69.1,0,4900,1.5,Higher Secondary,0,0,0,1,0,1,2.0,Low,54.4,42.6,0,0
4448,Male,9,13,67.4,67.6,0,6100,3.3,Higher Secondary,0,0,1,0,0,1,3.7,Medium,44.1,35.9,0,0
4449,Female,8,12,95.8,62.7,0,8200,4.0,Higher Secondary,0,0,0,0,0,1,6.3,High,42.8,52.9,0,0
4450,Male,9,14,91.8,77.7,0,5800,0.4,Primary,1,0,0,0,0,0,4.0,Medium,28.5,46.9,0,0
4451,Female,9,14,63.9,63.1,0,6600,2.2,No Schooling,0,0,0,0,0,1,4.6,Medium,13.7,13.5,1,0
4452,Female,10,15,91.2,46.4,1,13300,8.2,Secondary,0,1,0,0,0,1,2.6,Low,12.2,38.4,0,0
4453,Female,6,10,71.8,36.2,0,3000,0.7,Graduate,0,0,1,0,1,1,3.6,Low,35.8,42.6,0,0
4454,Female,8,12,75.4,53.0,1,4600,0.1,Primary,0,0,1,0,0,1,4.1,Low,29.9,18.9,0,0
4455,Female,9,16,82.9,59.6,1,5000,0.8,Secondary,0,0,0,0,0,1,4.4,Low,34.7,33.2,1,0
4456,Male,6,12,82.8,10.6,1,19300,1.1,Secondary,0,0,1,1,0,1,0.0,Low,34.3,2.9,0,0
4457,Male,7,12,77.0,94.2,1,8500,6.0,Primary,0,0,0,1,0,1,3.8,Medium,22.0,61.4,0,0
4458,Female,7,11,94.6,100.0,0,9400,0.4,Secondary,0,0,0,1,0,1,4.7,High,59.1,52.8,1,0
4459,Male,8,13,57.5,45.5,3,4500,0.1,Higher Secondary,0,0,0,0,0,1,2.9,Low,29.1,22.7,1,1
4460,Female,7,14,87.5,24.0,2,5700,2.4,No Schooling,0,0,1,0,0,1,1.9,Medium,15.6,15.6,1,0
4461,Male,9,16,93.5,89.7,2,3000,0.8,Primary,0,1,1,0,1,0,3.3,Medium,46.4,32.9,0,0
4462,Male,8,15,96.6,95.3,0,8400,0.9,Secondary,0,0,0,1,0,0,8.0,High,74.7,51.3,0,0
4463,Male,9,13,83.4,44.0,1,5000,0.3,Secondary,1,0,1,0,0,1,0.9,Low,31.7,12.9,0,1
4464,Female,7,12,76.1,76.5,3,3000,2.8,Primary,1,0,0,0,1,1,5.7,Medium,33.5,44.4,0,0
4465,Male,9,13,91.6,25.6,3,9900,6.5,Primary,0,0,0,0,0,1,4.0,Low,38.4,31.9,1,0
4466,Male,9,16,77.4,76.4,0,4200,7.7,Secondary,0,0,1,0,0,1,4.1,Medium,51.3,50.0,0,0
4467,Male,6,10,85.7,72.7,2,8600,0.5,Secondary,0,0,1,1,0,1,3.2,Low,52.3,45.5,1,0
4468,Female,6,12,67.7,85.7,0,9800,0.3,Primary,0,1,0,0,1,1,4.3,Medium,34.3,50.8,0,0
4469,Female,7,12,93.3,65.0,0,50000,4.0,Graduate,0,0,1,0,0,1,7.0,Low,36.9,56.3,0,0
4470,Male,10,16,77.2,60.7,4,6100,4.0,Graduate,0,1,0,0,1,1,4.0,Low,25.3,42.7,1,1
4471,Female,7,14,69.4,100.0,0,9100,2.7,Primary,1,0,0,1,0,1,5.5,Low,59.2,56.1,0,0
4472,Male,6,11,84.8,49.6,0,7700,2.3,Secondary,1,0,1,0,1,1,3.1,Low,48.4,34.8,0,0
4473,Female,6,10,87.5,19.8,3,4700,0.3,Secondary,0,0,0,0,0,0,0.0,High,50.3,18.8,0,0
4474,Male,6,12,84.5,79.7,1,9200,0.1,No Schooling,0,0,1,1,0,0,6.9,High,67.5,61.9,0,0
4475,Male,7,13,81.2,75.5,0,13700,1.5,Higher Secondary,0,0,0,0,0,1,4.1,Low,19.7,22.6,1,0
4476,Female,9,13,87.5,92.8,2,11700,2.7,Primary,0,0,1,0,0,1,5.1,High,34.9,38.3,0,0
4477,Female,8,12,59.8,58.9,0,13000,5.9,No Schooling,0,0,0,0,0,1,3.6,Low,0.0,31.6,0,0
4478,Male,10,16,89.7,57.9,1,4600,3.6,No Schooling,0,0,1,0,0,0,2.8,Low,48.8,39.6,0,0
4479,Female,6,12,74.2,22.5,0,8400,7.9,Primary,0,0,0,0,0,1,0.6,Low,21.4,18.5,0,0
4480,Female,8,12,80.8,43.9,1,3000,9.9,Primary,0,0,0,0,0,1,0.5,Medium,62.4,43.4,0,0
4481,Male,9,15,63.2,16.1,0,3000,0.1,Primary,0,0,0,1,0,1,2.2,High,23.3,13.5,0,1
4482,Female,9,14,88.2,59.0,1,26200,1.2,Secondary,0,0,1,0,0,1,3.4,Low,39.6,45.1,1,0
4483,Female,10,14,77.0,100.0,1,8600,0.3,Primary,1,0,1,0,0,1,4.6,Low,49.3,68.7,0,0
4484,Male,7,13,74.2,52.3,1,12400,0.1,Primary,0,0,0,0,0,1,5.1,Medium,31.8,10.2,2,1
4485,Female,8,14,80.6,68.3,1,12400,1.6,Secondary,0,0,0,0,0,1,6.0,High,42.2,53.2,0,0
4486,Male,9,13,83.0,93.4,1,7800,0.7,Higher Secondary,0,0,1,0,0,1,1.9,Low,41.7,37.5,1,0
4487,Female,6,12,84.2,51.1,5,20300,0.1,No Schooling,1,0,1,1,1,1,2.9,Low,13.4,26.2,0,1
4488,Male,9,13,56.8,57.4,0,7300,8.9,Primary,0,0,1,0,0,0,2.6,Low,47.4,25.8,0,0
4489,Male,7,13,67.7,81.8,1,3000,1.9,No Schooling,0,1,0,0,1,1,5.7,Medium,37.4,44.1,1,1
4490,Female,6,13,91.2,99.6,0,9000,0.5,Primary,0,0,0,0,0,1,5.6,Low,64.2,63.7,0,0
4491,Female,9,16,96.3,98.7,4,15400,0.7,No Schooling,0,0,0,0,1,0,7.9,Low,38.6,55.6,1,0
4492,Female,9,14,92.9,100.0,2,3000,2.5,Primary,0,0,0,0,0,0,3.5,Low,43.8,51.3,0,0
4493,Female,10,15,73.1,40.5,0,6600,0.6,Primary,0,1,1,0,1,1,2.2,Medium,36.9,32.1,2,0
4494,Male,10,14,88.5,53.6,2,17400,1.7,Primary,0,0,0,0,0,1,0.9,Medium,28.1,15.4,0,0
4495,Male,7,14,77.5,81.9,1,14900,0.1,Graduate,0,0,0,0,0,1,4.2,Low,62.9,31.2,0,0
4496,Male,9,14,92.8,54.5,0,7300,1.0,Secondary,0,0,0,0,0,1,2.0,High,33.1,3.9,0,0
4497,Male,10,17,99.9,7.6,0,4700,1.0,Higher Secondary,0,0,0,0,0,1,5.1,Medium,49.7,23.9,0,0
4498,Male,7,14,68.6,97.0,1,7900,4.0,Graduate,0,0,1,1,0,1,6.4,High,50.7,46.4,0,0
4499,Female,8,13,83.6,57.3,0,9500,2.7,Primary,0,0,1,0,1,1,3.0,Medium,21.0,30.4,0,0
4500,Female,10,16,87.9,100.0,2,13400,15.0,No Schooling,0,0,0,0,0,1,3.9,High,30.2,30.6,0,0
4501,Male,6,11,96.1,74.9,0,7200,0.4,Primary,0,0,0,0,0,0,5.8,Low,39.4,35.3,0,0
4502,Male,10,16,89.9,96.7,0,23700,2.0,Graduate,0,0,0,1,1,1,6.0,Low,16.6,53.4,0,0
4503,Female,8,12,76.8,98.8,0,9400,5.1,Secondary,0,0,0,0,1,1,5.3,Medium,44.3,48.3,0,0
4504,Male,10,17,75.0,62.5,0,6200,0.1,Secondary,0,0,0,0,1,0,7.1,Low,23.8,16.2,0,0
4505,Male,8,12,89.2,49.4,0,5400,1.2,Graduate,0,0,1,0,0,0,6.1,Low,20.2,53.7,0,0
4506,Male,9,15,86.1,85.0,4,4400,1.7,Primary,0,0,0,0,0,1,5.6,Low,74.8,59.0,0,0
4507,Male,9,16,83.3,67.0,0,16300,1.0,Higher Secondary,0,0,0,1,0,0,1.1,Low,42.3,28.9,0,0
4508,Male,6,13,76.8,79.1,1,6900,3.5,Secondary,1,0,0,0,1,1,4.3,Low,58.1,37.1,1,0
4509,Female,8,15,73.7,53.8,0,3000,5.4,Higher Secondary,0,0,0,0,1,1,1.2,Medium,41.3,33.9,0,0
4510,Male,10,16,84.9,54.9,0,6100,0.4,Higher Secondary,1,0,0,0,1,1,5.9,Low,49.0,40.6,0,0
4511,Female,10,17,85.4,46.1,1,18800,3.7,No Schooling,0,0,0,1,0,1,5.4,Medium,39.2,13.5,0,0
4512,Male,10,17,91.1,78.5,0,5800,1.6,Primary,0,0,0,0,0,1,4.8,Low,12.5,32.1,0,0
4513,Female,9,14,75.8,69.3,5,3100,2.1,Primary,0,0,0,0,1,1,5.6,High,17.5,23.7,1,0
4514,Male,9,15,81.8,66.8,0,5700,3.3,Secondary,0,0,1,0,1,1,5.7,High,42.6,43.4,0,0
4515,Male,8,13,91.8,63.1,0,12000,0.9,Primary,0,0,0,0,0,1,4.6,Low,44.9,30.2,0,0
4516,Male,8,13,98.9,65.1,4,6700,10.5,Secondary,0,0,0,0,0,1,5.2,Medium,31.0,26.9,0,0
4517,Male,8,15,79.6,87.7,0,4100,2.0,Primary,0,0,0,1,1,1,8.0,Medium,48.1,50.7,1,0
4518,Male,6,10,89.1,87.8,4,11900,0.2,Primary,0,0,0,0,1,1,5.2,High,34.8,34.5,0,0
4519,Female,6,10,70.6,49.8,2,17800,3.7,Primary,1,0,0,0,1,0,2.0,Low,33.8,28.2,0,1
4520,Male,8,12,78.4,50.7,0,22100,4.8,Secondary,0,1,1,0,0,0,3.3,Low,44.4,35.3,0,0
4521,Male,7,11,83.1,62.7,0,9100,1.4,Secondary,0,0,1,0,1,1,3.7,Low,32.4,39.5,0,0
4522,Male,7,13,69.4,40.7,0,7000,0.9,Secondary,0,0,1,1,0,1,3.9,Low,21.8,11.0,0,0
4523,Female,6,13,70.8,35.5,3,10700,0.1,Primary,0,0,1,0,0,1,5.9,Low,49.8,33.3,0,1
4524,Female,9,16,87.7,60.3,1,19100,0.9,Higher Secondary,0,0,0,0,0,0,4.4,Medium,51.7,45.5,2,0
4525,Female,10,17,64.4,91.4,0,16400,0.4,Primary,0,0,1,0,1,0,7.8,Low,40.6,32.9,0,1
4526,Female,8,15,74.0,77.4,1,7500,0.4,Primary,0,0,1,0,1,0,1.9,Medium,58.0,28.6,0,0
4527,Female,10,15,86.5,57.3,2,4100,3.0,Primary,0,0,1,0,1,0,5.1,Medium,34.7,34.5,0,0
4528,Female,10,17,82.3,72.3,0,9400,1.0,Primary,0,0,1,1,1,1,4.2,Medium,36.5,40.1,1,0
4529,Male,6,11,91.5,48.5,0,7900,0.3,Secondary,1,1,0,1,1,0,4.0,Medium,33.7,11.6,2,0
4530,Female,6,12,64.2,81.0,2,10900,1.7,No Schooling,0,0,1,0,0,1,7.0,Medium,51.8,57.4,0,1
4531,Female,6,10,79.2,31.9,2,3700,2.8,Primary,0,0,0,0,0,0,4.5,High,33.6,23.8,0,0
4532,Male,6,13,88.6,49.1,1,5000,1.0,Secondary,0,0,0,0,1,1,2.7,High,23.6,16.0,1,0
4533,Female,8,15,67.4,63.3,1,14700,8.0,Graduate,0,0,1,0,1,1,5.7,Low,40.4,28.9,0,0
4534,Male,7,13,84.2,96.7,0,9100,0.2,Secondary,0,0,0,0,1,1,6.2,High,33.5,30.5,0,0
4535,Male,10,14,61.3,18.2,0,3500,1.0,Secondary,0,0,1,0,0,1,1.6,Medium,35.5,3.1,1,0
4536,Male,8,13,63.2,54.6,1,19900,0.1,Primary,0,0,1,0,1,1,4.5,Low,26.3,32.3,1,0
4537,Female,7,13,73.9,42.1,1,6500,6.9,No Schooling,0,0,1,0,0,1,1.2,Low,30.4,18.8,1,1
4538,Female,10,15,97.4,86.5,0,10400,0.4,Secondary,0,0,0,0,0,0,1.1,Low,50.7,29.4,1,0
4539,Male,10,16,77.9,75.0,3,5700,7.4,Higher Secondary,0,0,0,0,0,0,5.9,Medium,25.4,30.8,0,0
4540,Male,9,14,70.7,34.4,0,9600,0.2,Primary,0,0,0,0,1,1,1.8,Medium,9.5,16.3,0,0
4541,Male,9,16,88.4,59.6,0,19900,2.6,No Schooling,0,0,0,0,0,0,6.6,Low,20.1,43.4,1,0
4542,Male,10,14,67.3,63.7,1,20000,0.3,Graduate,0,0,0,0,0,1,3.9,Medium,47.8,9.0,1,0
4543,Female,8,13,65.4,76.8,3,23500,0.8,Graduate,0,0,1,0,0,0,2.2,High,41.7,30.5,1,1
4544,Male,10,14,80.6,69.3,0,5700,4.0,Higher Secondary,1,0,0,0,0,1,4.1,High,62.5,34.2,0,0
4545,Male,6,12,66.4,69.2,0,12500,1.1,Primary,0,0,1,0,0,0,5.8,Medium,32.9,30.7,1,0
4546,Male,8,13,65.0,31.6,0,3000,0.3,Primary,0,0,1,1,1,1,1.4,Low,30.9,33.7,3,0
4547,Female,8,13,79.2,64.5,1,10000,6.5,Primary,1,1,1,0,0,1,5.0,Medium,25.8,35.8,0,0
4548,Male,6,10,75.7,49.8,0,29100,0.1,Secondary,0,1,1,0,0,1,2.5,Low,14.2,8.4,0,1
4549,Female,6,13,96.6,39.1,0,3400,6.6,Graduate,0,0,1,0,1,0,4.1,Medium,26.4,11.1,0,0
4550,Male,6,10,90.7,79.0,0,4500,0.8,No Schooling,1,0,0,0,0,1,2.0,Low,34.1,36.5,0,0
4551,Male,7,14,83.6,50.3,3,7200,3.8,Secondary,0,0,0,1,0,1,6.2,High,37.3,24.4,0,1
4552,Female,6,13,70.3,86.2,0,6700,7.7,Primary,1,0,0,0,0,1,5.2,Medium,47.6,52.9,0,0
4553,Male,7,14,69.9,79.6,0,14200,2.0,No Schooling,0,0,1,0,1,1,3.9,High,48.2,37.4,0,0
4554,Female,9,14,79.4,88.8,0,13600,0.1,Primary,0,1,1,0,0,1,6.6,Medium,37.3,47.9,0,0
4555,Male,8,14,96.1,98.5,0,3000,1.7,Higher Secondary,0,0,0,0,0,1,5.9,Low,55.4,28.1,0,0
4556,Female,9,16,57.2,70.7,4,3900,0.2,Primary,0,0,0,0,1,0,3.9,Medium,28.4,39.6,0,1
4557,Female,6,10,62.7,47.0,1,7200,0.2,Graduate,0,0,1,1,1,0,2.8,Medium,28.0,18.6,0,0
4558,Female,10,14,85.7,14.3,1,5400,8.2,Higher Secondary,0,0,1,0,0,0,0.8,Medium,46.8,6.8,0,0
4559,Male,6,10,50.6,40.8,0,10300,1.4,Primary,0,0,0,0,0,1,4.0,Medium,50.2,19.9,0,0
4560,Female,7,14,69.5,36.6,0,10700,0.6,No Schooling,1,1,0,1,0,1,4.2,Medium,41.1,42.7,1,0
4561,Female,8,12,76.2,62.9,0,3000,0.7,No Schooling,0,0,0,0,1,1,4.6,High,33.1,38.4,1,0
4562,Male,10,17,98.3,2.0,0,6500,3.9,Higher Secondary,1,0,0,0,1,1,3.3,Medium,31.3,20.1,0,0
4563,Male,10,17,70.2,84.0,0,4400,11.6,Primary,0,0,0,0,1,0,8.0,Medium,42.1,27.2,2,0
4564,Female,9,16,96.0,96.3,0,8700,0.5,Primary,0,0,0,0,0,1,4.7,Low,57.9,30.5,1,0
4565,Male,9,15,81.1,46.6,1,12900,0.3,No Schooling,0,0,0,0,0,1,3.7,Low,18.7,9.7,0,0
4566,Female,8,14,60.3,21.1,0,7000,8.9,Secondary,0,0,0,0,0,1,0.2,Medium,33.6,38.8,1,0
4567,Female,9,15,94.5,56.7,5,3300,6.3,Primary,0,0,0,0,1,1,3.0,Low,39.8,21.1,0,0
4568,Male,6,12,91.1,100.0,0,20400,2.9,Secondary,0,0,1,0,0,0,3.0,Low,65.6,38.6,0,0
4569,Female,7,14,68.1,80.3,0,4700,4.0,Primary,0,0,0,1,1,1,6.5,Medium,24.7,38.6,1,0
4570,Female,10,15,58.5,34.8,0,5600,0.2,Higher Secondary,0,0,1,0,0,1,0.0,Low,19.6,26.0,0,0
4571,Male,10,17,77.5,53.1,1,3000,2.7,Primary,1,1,0,0,0,1,1.0,Medium,38.4,27.2,0,1
4572,Female,7,12,82.7,54.1,2,11800,1.6,Secondary,0,0,0,0,0,1,4.2,Low,42.9,25.2,0,0
4573,Male,7,11,71.2,86.9,4,8200,1.2,Primary,0,0,0,0,1,1,7.6,Medium,60.6,50.0,0,0
4574,Male,7,14,82.5,78.1,0,11400,0.9,No Schooling,0,1,1,0,1,1,6.6,Medium,28.1,34.3,1,0
4575,Female,8,14,74.7,73.9,0,4600,6.7,No Schooling,0,0,0,0,1,0,5.8,Low,41.5,20.8,1,0
4576,Male,7,11,84.0,73.2,4,12800,3.9,Primary,0,0,1,0,1,1,2.6,Low,45.8,22.0,0,0
4577,Female,9,13,78.2,28.4,0,21800,0.3,No Schooling,0,0,1,0,0,1,3.4,Low,36.3,20.2,1,0
4578,Male,6,10,87.3,43.5,1,3000,0.1,Graduate,0,1,0,0,0,1,2.5,Medium,25.9,34.1,1,0
4579,Male,6,12,78.8,73.7,3,11100,1.0,Secondary,0,0,0,0,0,1,1.4,Low,25.3,28.3,1,0
4580,Male,7,14,74.0,57.4,0,3000,0.5,Secondary,0,0,1,1,0,1,3.5,Low,23.8,26.0,0,0
4581,Female,9,14,85.0,59.1,0,11100,0.2,No Schooling,0,0,0,0,0,0,5.0,Low,50.5,35.5,0,0
4582,Female,7,11,93.8,77.5,2,17100,2.8,Secondary,0,0,1,1,0,1,3.8,Low,36.6,22.5,0,0
4583,Female,8,15,96.8,60.7,1,3900,2.4,Primary,0,0,0,0,0,1,5.5,Medium,44.8,29.9,1,0
4584,Female,9,15,77.4,57.8,0,4600,1.7,Secondary,0,0,0,0,1,1,4.4,Medium,38.8,19.2,0,0
4585,Female,9,15,81.2,42.8,4,8900,3.7,Secondary,0,0,0,0,0,1,1.8,High,40.1,26.1,0,1
4586,Female,7,11,98.0,76.0,1,8000,0.8,Primary,0,0,0,0,1,1,4.2,Low,45.4,19.6,0,0
4587,Male,9,15,83.0,46.4,0,3100,0.9,Graduate,0,0,1,0,0,0,1.4,Medium,50.6,26.1,0,0
4588,Female,7,12,84.1,71.1,0,5400,1.3,Higher Secondary,0,1,1,0,0,1,5.0,Low,34.1,34.0,0,0
4589,Female,9,13,63.0,62.1,2,4700,0.9,Primary,0,0,0,0,0,1,5.6,Low,36.4,19.5,0,0
4590,Female,8,13,67.2,55.9,4,6900,4.6,Higher Secondary,0,0,1,0,1,1,2.8,Medium,45.9,15.2,1,1
4591,Male,10,14,56.2,50.9,0,27700,2.7,Primary,0,0,1,0,0,1,4.7,Medium,58.8,29.7,0,0
4592,Male,10,15,91.9,77.1,0,9000,2.4,No Schooling,0,0,0,0,0,1,5.6,Medium,46.6,27.9,2,0
4593,Female,9,16,64.2,45.5,0,3800,0.1,No Schooling,0,0,0,0,0,1,2.9,Low,31.2,25.8,0,0
4594,Male,10,17,60.9,0.0,0,9800,3.2,Primary,0,0,1,0,1,1,0.0,Low,23.0,0.0,0,0
4595,Male,6,12,87.7,81.3,0,6800,2.2,Primary,0,0,0,0,1,1,1.1,Low,48.2,34.7,0,0
4596,Female,9,16,75.1,51.2,3,22200,3.0,Primary,0,0,0,0,0,1,4.0,Low,41.9,25.2,2,1
4597,Male,6,13,72.1,81.7,0,5900,1.7,Primary,1,1,1,0,0,1,6.5,Medium,36.4,31.9,0,0
4598,Male,7,11,80.5,58.7,0,6600,3.0,No Schooling,0,0,0,0,0,1,4.4,Low,37.3,22.5,0,0
4599,Male,8,13,77.2,47.5,4,17700,4.1,Secondary,0,0,1,1,0,1,1.6,High,38.2,28.3,0,0
4600,Male,9,14,69.6,50.3,0,4500,0.1,Primary,0,0,0,0,0,1,3.8,Low,31.2,26.4,0,0
4601,Female,9,15,65.6,95.0,0,3500,1.6,Primary,0,1,0,0,0,1,5.7,Medium,9.2,36.1,1,1
4602,Female,10,17,85.2,65.2,0,9800,5.7,No Schooling,0,0,1,0,0,1,6.0,Low,61.3,34.8,2,0
4603,Female,8,15,85.3,44.7,0,9100,2.5,Graduate,0,0,1,1,0,1,1.9,High,58.0,31.8,0,0
4604,Female,10,14,93.4,69.8,0,3200,2.6,No Schooling,0,0,1,0,0,0,1.4,Medium,44.7,16.2,1,1
4605,Female,10,16,76.7,53.6,0,3000,1.6,Secondary,0,0,1,0,1,1,5.8,High,41.8,43.4,0,0
4606,Male,10,14,81.5,42.6,1,10100,4.6,Secondary,0,1,0,1,1,1,4.3,Low,53.3,28.8,1,0
4607,Female,7,12,87.5,58.3,0,10100,1.0,Secondary,0,0,1,0,0,0,3.8,High,39.6,40.1,0,0
4608,Male,8,13,94.1,32.2,2,11800,2.1,Primary,0,0,0,0,1,0,2.0,Medium,36.9,16.8,0,0
4609,Male,9,15,81.9,72.2,0,16400,0.1,Higher Secondary,0,0,0,0,0,1,2.0,Medium,37.7,38.2,1,0
4610,Female,10,17,85.8,87.7,5,8700,0.1,Secondary,0,0,0,0,0,1,4.9,Medium,56.0,66.4,0,1
4611,Female,6,13,77.6,45.3,2,7300,2.8,No Schooling,0,0,0,1,1,1,5.7,Low,28.2,8.4,0,0
4612,Male,7,12,65.4,26.1,0,13400,7.2,Secondary,0,0,1,0,1,0,1.7,Low,24.5,29.2,2,0
4613,Female,7,13,78.5,89.6,2,8700,1.2,Primary,0,0,1,0,0,1,5.5,Low,50.5,42.3,2,0
4614,Male,7,11,88.3,100.0,0,3000,1.5,Secondary,0,0,1,1,0,1,7.2,Low,31.6,33.5,0,0
4615,Male,9,13,68.6,56.9,0,9500,10.1,Secondary,0,0,0,0,1,1,1.1,Medium,22.8,42.1,0,0
4616,Male,6,13,56.3,62.8,0,12800,12.1,Secondary,1,0,0,0,0,0,5.1,Low,15.6,11.6,0,0
4617,Male,7,14,69.8,51.5,2,4300,6.1,Secondary,1,0,0,0,1,1,3.9,Medium,34.2,13.8,0,1
4618,Female,9,16,91.0,79.6,0,26900,2.0,Primary,0,0,0,0,0,0,7.1,Low,55.0,33.5,0,0
4619,Male,7,12,83.7,38.6,0,6500,0.8,Secondary,0,0,0,0,0,1,2.2,Medium,24.8,20.7,1,0
4620,Male,6,12,58.2,50.0,2,17200,0.6,Secondary,0,0,0,0,0,1,5.1,High,31.9,21.3,1,0
4621,Male,8,12,87.8,38.4,5,4100,0.6,Higher Secondary,0,0,1,0,0,1,1.0,High,23.5,30.7,0,1
4622,Female,8,14,92.6,70.7,3,14400,0.2,Higher Secondary,0,0,1,0,0,1,3.7,Low,25.0,46.7,0,0
4623,Female,10,15,58.9,97.7,4,21200,1.2,Graduate,1,0,1,0,0,1,7.5,Low,24.6,37.8,1,0
4624,Female,9,16,88.4,78.9,0,4600,0.1,Secondary,0,1,0,0,1,1,5.3,Medium,64.4,41.7,0,1
4625,Male,10,15,72.9,33.4,0,9900,8.2,Secondary,0,0,0,0,1,1,3.1,Low,5.2,0.0,1,0
4626,Female,6,12,59.1,78.5,0,6900,0.9,Higher Secondary,0,0,0,0,1,1,5.2,Low,45.6,45.5,0,0
4627,Female,9,15,90.1,53.7,1,4000,4.4,Graduate,0,0,0,1,0,1,4.5,High,40.6,31.1,0,1
4628,Male,8,15,92.6,99.2,4,8800,0.5,Secondary,0,0,1,0,0,1,8.0,Low,62.9,28.4,0,0
4629,Male,9,13,87.9,47.1,4,6500,0.5,Primary,0,0,0,0,0,1,4.2,Low,41.2,8.8,0,1
4630,Male,8,13,93.4,40.2,1,6700,2.0,Primary,0,0,0,0,0,1,3.7,Low,46.9,36.9,0,0
4631,Male,6,11,85.5,49.6,2,3600,0.6,Secondary,0,0,0,0,0,0,1.7,Medium,40.5,41.1,0,1
4632,Male,6,10,94.1,6.9,2,14800,3.7,Primary,0,0,0,0,1,1,0.0,Low,32.6,27.8,1,1
4633,Male,10,17,68.1,42.0,0,6000,8.5,Secondary,0,0,0,0,1,1,2.8,Low,38.5,9.1,0,0
4634,Male,9,16,64.4,100.0,1,6600,1.5,Secondary,0,0,1,0,1,1,4.9,Low,36.9,36.1,1,0
4635,Female,6,10,88.0,16.0,2,3900,0.4,Higher Secondary,0,0,0,0,1,1,1.2,Low,28.0,21.2,2,0
4636,Male,9,15,56.2,22.0,0,17200,1.0,Secondary,0,0,0,0,0,1,2.6,Low,13.5,0.0,0,0
4637,Male,9,16,72.2,97.8,0,3200,0.1,Primary,1,0,1,0,0,1,5.7,High,48.1,61.6,2,0
4638,Female,8,13,95.7,69.9,2,3000,1.1,No Schooling,1,0,0,0,0,0,4.4,High,54.7,33.6,0,0
4639,Male,7,13,96.0,70.4,2,8900,0.1,No Schooling,0,0,1,0,0,1,6.2,Medium,32.4,30.0,1,0
4640,Male,10,16,76.6,45.0,1,5700,0.5,Primary,0,0,1,0,1,1,1.1,Low,19.7,24.2,0,0
4641,Male,9,13,91.3,40.8,0,12600,5.5,No Schooling,0,0,0,0,0,1,4.5,Medium,56.8,22.0,0,0
4642,Male,9,16,73.8,94.4,0,24000,1.5,Primary,0,0,0,0,1,1,5.1,Medium,47.5,52.1,0,0
4643,Male,9,16,76.4,37.6,0,19900,0.2,No Schooling,0,1,0,1,0,1,3.7,Low,26.9,27.7,0,1
4644,Male,9,14,65.7,33.5,0,15800,1.1,No Schooling,0,0,1,0,0,1,4.7,Medium,35.3,0.0,0,0
4645,Male,6,11,84.6,92.2,0,4300,0.6,Graduate,0,0,0,0,0,1,5.8,Medium,65.9,37.3,0,0
4646,Female,10,17,85.5,50.8,0,16800,0.2,Primary,0,0,1,0,0,1,4.2,High,54.6,32.7,1,1
4647,Female,7,14,94.7,74.8,1,5900,2.9,Primary,0,1,0,0,0,1,6.0,Low,60.3,38.9,0,0
4648,Male,10,14,76.0,47.1,1,3600,5.9,Primary,0,0,0,0,1,1,4.8,Low,51.0,42.5,0,0
4649,Male,10,15,82.4,54.8,0,11900,3.0,Primary,0,0,0,0,0,0,7.3,Medium,37.3,8.9,0,0
4650,Male,9,15,67.4,93.6,0,6000,1.0,No Schooling,0,0,0,0,0,1,5.1,Low,36.0,64.6,0,1
4651,Female,8,12,84.5,60.4,0,7300,0.3,Higher Secondary,0,0,1,0,0,1,4.2,Low,44.5,28.0,0,0
4652,Female,6,13,91.7,87.3,0,13000,3.0,Primary,0,0,1,0,0,1,7.1,Medium,36.0,29.7,1,0
4653,Male,8,12,85.9,59.3,2,14000,1.6,Secondary,1,1,0,0,0,1,3.4,Low,66.8,17.3,1,0
4654,Male,8,15,70.7,42.9,0,6500,5.4,Primary,0,0,0,0,1,1,2.9,Low,34.4,8.2,0,0
4655,Male,6,10,68.5,4.6,0,8900,4.5,Primary,0,1,1,0,0,1,1.6,Low,35.0,15.7,1,1
4656,Female,6,13,61.7,66.2,2,15500,2.4,Primary,0,0,1,1,0,1,4.1,Medium,31.3,29.5,1,0
4657,Female,10,14,65.5,26.4,0,4900,0.3,No Schooling,1,0,0,1,0,0,0.8,Low,34.0,24.9,0,0
4658,Male,7,13,92.3,60.5,0,3000,0.6,Secondary,1,0,0,0,1,1,4.4,High,60.7,28.4,0,0
4659,Female,7,12,84.9,33.9,1,5700,0.4,Primary,0,0,0,0,0,1,6.7,Low,35.7,24.5,4,0
4660,Male,7,12,70.7,71.1,4,6500,0.6,Primary,1,0,1,0,0,1,5.3,Low,40.3,17.5,1,0
4661,Female,9,13,91.2,100.0,3,7400,9.7,Higher Secondary,0,0,1,0,1,1,7.4,Low,49.7,34.4,0,0
4662,Female,8,14,77.3,100.0,0,39500,0.2,Primary,0,0,1,1,0,1,5.4,Medium,39.1,43.6,1,1
4663,Male,9,15,94.5,69.8,0,4900,1.3,Primary,0,0,0,0,1,1,3.2,Low,27.3,21.6,2,0
4664,Male,8,13,96.4,66.5,0,7200,0.2,Graduate,0,0,0,0,0,1,4.2,Medium,57.1,41.6,0,0
4665,Female,6,11,74.4,45.3,0,4400,3.1,No Schooling,0,0,1,0,1,1,1.6,Medium,45.9,30.0,0,0
4666,Male,8,14,92.0,56.1,2,9600,4.8,Graduate,0,0,1,1,1,1,5.4,Low,47.1,32.2,0,0
4667,Female,6,12,85.4,46.6,2,11700,0.2,Secondary,0,1,1,0,1,1,5.7,Low,40.8,18.9,0,0
4668,Male,10,16,64.1,78.0,4,13700,2.2,Secondary,0,1,0,0,1,1,8.0,Low,38.0,41.9,0,1
4669,Female,6,10,74.9,47.1,0,9700,4.5,No Schooling,0,0,0,0,0,1,1.4,Medium,30.4,39.7,0,0
4670,Male,6,12,79.1,100.0,1,8700,0.3,Graduate,0,0,1,0,0,1,6.3,Low,57.0,46.2,0,1
4671,Male,8,13,80.5,48.8,0,3000,3.4,Primary,0,0,0,0,0,1,5.1,Low,21.9,19.7,0,0
4672,Male,6,11,67.7,46.3,0,13400,0.5,No Schooling,0,1,1,0,0,0,1.3,Medium,40.0,31.8,0,0
4673,Male,8,13,77.7,41.7,1,21200,0.2,Secondary,0,0,1,0,1,1,3.1,Medium,45.1,26.6,0,0
4674,Male,8,13,99.7,100.0,0,4700,2.0,Primary,0,0,1,0,0,1,3.2,Medium,63.6,67.4,1,0
4675,Female,10,14,89.4,67.7,2,4400,0.9,Secondary,1,0,1,0,0,1,2.2,Low,49.7,44.4,0,0
4676,Male,6,11,65.1,59.6,1,3800,0.3,No Schooling,0,0,0,1,0,0,2.7,Low,29.4,44.5,0,0
4677,Male,8,14,74.0,42.1,0,12500,0.2,No Schooling,0,1,0,0,1,1,3.1,Low,27.3,22.4,0,0
4678,Male,9,13,74.7,80.9,0,3700,0.2,No Schooling,0,0,0,0,0,1,7.0,Low,36.1,39.2,0,0
4679,Male,6,13,80.1,72.7,5,7400,5.6,Primary,0,0,0,0,0,1,7.0,High,44.6,26.8,0,1
4680,Female,9,14,79.3,92.0,0,3000,0.2,No Schooling,0,0,0,0,0,1,3.4,Low,46.5,34.8,0,0
4681,Female,10,16,92.0,70.2,1,10800,0.1,Higher Secondary,1,0,0,0,0,1,4.6,Low,39.1,41.1,1,0
4682,Male,9,13,96.4,72.8,0,6000,6.6,No Schooling,0,0,0,0,1,1,3.6,Medium,37.6,25.8,0,0
4683,Female,10,14,79.5,48.3,1,9400,0.9,No Schooling,0,0,0,0,0,0,2.4,Low,35.7,17.0,0,0
4684,Female,9,16,69.9,91.9,0,4500,2.2,Primary,0,0,0,1,0,1,7.9,Low,28.2,45.3,1,0
4685,Female,7,14,94.7,64.6,0,4900,0.9,Higher Secondary,0,0,1,0,0,1,5.1,Medium,57.4,47.4,0,0
4686,Male,10,14,87.8,75.9,0,5400,5.5,Secondary,0,1,0,0,0,1,7.2,High,32.7,38.6,0,1
4687,Male,7,14,98.0,65.6,0,4500,6.8,Primary,0,0,0,0,0,1,6.2,Medium,65.5,37.6,0,0
4688,Male,8,15,76.3,46.1,2,4300,0.1,Primary,0,0,0,0,0,1,2.8,High,24.3,34.6,1,0
4689,Female,9,13,81.7,47.1,2,3300,2.8,No Schooling,0,0,0,0,0,1,3.0,Medium,51.0,11.1,1,0
4690,Female,10,14,63.0,86.1,4,11300,2.4,No Schooling,0,0,1,1,1,1,8.0,Low,28.0,13.3,2,0
4691,Male,10,14,85.0,76.7,1,10000,4.5,No Schooling,0,0,0,0,0,1,6.6,Medium,43.7,50.9,0,0
4692,Male,6,13,83.1,88.8,0,6000,0.7,Primary,0,0,0,0,0,1,4.2,Low,47.2,18.8,0,0
4693,Female,9,16,63.4,53.7,2,13700,3.6,No Schooling,0,0,1,0,1,0,5.2,Low,31.6,34.0,1,0
4694,Female,6,12,87.0,35.9,3,22800,6.1,Primary,0,0,1,0,0,0,2.7,Low,40.9,26.0,0,1
4695,Male,9,14,63.5,29.8,0,4900,0.7,Secondary,0,0,1,0,1,1,5.5,Low,60.2,34.1,0,0
4696,Female,9,16,82.8,100.0,0,9400,3.6,Secondary,0,1,0,0,0,1,5.4,Low,49.5,63.3,1,0
4697,Male,6,13,93.4,62.2,0,9400,1.8,No Schooling,0,1,0,0,0,1,4.1,Low,42.9,63.3,0,0
4698,Male,10,17,94.1,39.7,0,5200,0.3,Higher Secondary,0,0,0,0,1,1,5.5,Low,18.3,0.0,1,0
4699,Female,8,13,84.3,52.8,1,3300,12.2,No Schooling,0,0,0,0,0,1,3.0,Low,71.7,48.5,0,0
4700,Female,8,14,79.7,55.2,3,45000,0.3,Higher Secondary,0,0,1,1,0,1,1.2,Medium,34.4,37.6,0,1
4701,Female,10,16,73.7,64.2,3,10300,0.1,Higher Secondary,1,0,1,0,1,1,8.0,Low,43.5,53.2,0,0
4702,Male,9,13,75.8,59.1,0,8300,1.3,No Schooling,0,0,0,0,1,1,7.6,High,37.5,18.5,0,1
4703,Male,8,14,92.3,84.4,1,10200,7.6,Secondary,0,0,0,0,0,1,4.6,Medium,54.1,39.2,1,0
4704,Male,6,12,97.7,38.7,0,44300,3.5,Graduate,0,0,1,1,0,0,3.8,Low,33.2,25.3,0,0
4705,Male,6,12,74.5,43.7,0,7000,2.2,No Schooling,0,0,0,1,1,1,5.8,Low,32.5,0.0,1,0
4706,Male,6,11,83.2,83.0,0,8400,1.8,No Schooling,0,0,1,0,1,1,5.9,Low,69.5,43.7,1,0
4707,Male,7,13,84.7,56.2,3,8400,0.2,Primary,0,1,1,0,0,0,1.7,High,44.4,36.1,1,0
4708,Male,7,14,88.9,83.3,0,17400,1.0,Higher Secondary,0,1,0,0,0,1,3.5,High,35.4,14.5,1,0
4709,Male,8,14,88.2,100.0,1,9800,0.5,Primary,0,0,1,1,0,0,8.0,Medium,43.2,50.7,0,0
4710,Male,9,16,95.0,38.5,1,3000,2.3,Secondary,0,0,0,0,0,1,2.0,Low,53.6,19.0,0,0
4711,Female,6,13,95.1,78.2,0,3000,0.7,Primary,0,0,1,0,1,0,5.2,Medium,47.7,36.0,0,0
4712,Male,8,13,77.1,60.5,1,16700,0.1,Higher Secondary,0,0,0,0,0,1,4.0,High,57.4,25.9,0,0
4713,Female,10,16,89.7,46.5,0,9600,1.3,Primary,1,0,1,0,0,1,3.5,Medium,38.4,20.4,0,0
4714,Female,6,12,77.1,85.9,0,6400,1.2,Secondary,0,0,0,0,0,1,8.0,Medium,69.9,31.7,0,0
4715,Female,9,16,80.2,81.5,0,4700,3.3,Secondary,0,0,0,0,0,1,5.7,High,51.7,37.9,0,0
4716,Male,6,11,94.4,62.6,0,27500,2.8,No Schooling,0,0,1,1,0,0,4.3,Medium,57.3,21.8,0,0
4717,Male,8,12,74.8,53.2,0,9500,0.1,No Schooling,0,1,1,0,0,1,3.8,Medium,50.0,19.9,0,0
4718,Female,9,15,64.8,69.7,0,11700,6.5,No Schooling,0,0,0,0,0,1,4.4,Medium,36.5,16.2,0,1
4719,Male,6,12,66.1,63.1,3,14400,7.1,Higher Secondary,1,0,0,0,1,1,5.4,Low,12.8,45.0,0,0
4720,Male,7,13,92.8,31.9,0,10900,2.1,Graduate,0,0,0,0,1,1,0.0,Low,22.0,4.3,2,1
4721,Male,10,16,93.0,53.0,2,5900,1.2,Primary,1,1,0,1,0,1,4.3,Low,11.3,10.7,0,1
4722,Female,7,13,59.6,56.8,0,7000,1.2,Primary,0,0,1,0,0,1,3.4,Low,26.2,28.2,1,0
4723,Male,9,13,72.3,45.2,0,12700,1.4,Primary,0,0,1,1,0,1,4.6,Low,43.4,19.0,1,0
4724,Female,8,15,84.3,49.0,0,15100,3.2,No Schooling,0,0,0,0,1,1,4.1,Medium,51.0,21.6,1,0
4725,Male,6,11,66.2,40.3,0,17000,4.6,Primary,0,0,0,0,0,1,2.3,Low,26.4,18.5,0,0
4726,Male,9,13,70.2,79.5,1,4600,4.8,Primary,0,0,0,0,0,1,4.5,Medium,42.6,22.2,0,0
4727,Female,8,15,85.2,56.9,0,9200,1.0,No Schooling,0,0,0,0,1,0,4.1,Low,20.3,31.8,1,0
4728,Male,6,13,84.1,61.2,0,4600,2.1,No Schooling,0,0,0,1,0,1,3.2,High,66.1,26.2,0,0
4729,Female,10,16,76.6,93.1,0,7400,1.8,Primary,0,1,0,1,0,0,6.4,Low,58.8,31.8,0,0
4730,Male,8,14,74.0,49.9,0,6800,2.5,Primary,0,0,1,0,0,1,3.9,Low,49.0,13.6,0,0
4731,Male,9,13,84.7,56.7,1,8100,2.3,Higher Secondary,0,0,0,0,0,1,4.6,Low,24.0,11.4,0,0
4732,Female,6,11,86.0,81.3,0,15500,0.1,Higher Secondary,0,0,0,0,0,1,3.5,Low,41.7,26.1,1,0
4733,Male,6,10,86.0,67.9,5,4500,2.0,Higher Secondary,0,0,1,1,0,0,5.6,Low,45.6,29.8,1,0
4734,Male,9,14,95.0,100.0,0,32000,5.7,Secondary,0,0,1,0,1,0,3.9,Low,38.7,35.6,1,0
4735,Female,9,14,84.4,93.0,3,19400,2.9,Graduate,0,0,1,0,0,0,7.5,Medium,51.9,26.2,1,0
4736,Female,7,11,78.8,77.9,2,3000,4.6,Primary,0,0,0,0,0,1,4.3,Medium,38.2,45.5,2,0
4737,Female,9,15,80.6,77.0,2,10100,2.2,Secondary,0,0,0,0,0,1,6.1,Low,39.5,33.0,0,0
4738,Male,8,14,62.9,93.5,1,3600,1.0,Secondary,0,1,0,1,1,1,5.4,Low,38.8,43.1,1,0
4739,Male,7,12,88.3,65.3,0,10300,0.3,No Schooling,1,0,0,0,0,1,5.1,Low,39.5,42.1,0,0
4740,Female,9,16,99.3,46.1,2,3000,2.8,Secondary,0,0,1,0,0,1,4.3,Low,33.4,29.4,1,0
4741,Male,8,13,83.5,61.7,0,18100,2.3,Secondary,0,0,1,1,0,1,3.8,Medium,48.9,45.3,1,0
4742,Male,8,12,67.8,52.2,0,18700,1.4,Secondary,0,1,0,0,0,1,7.5,Low,35.3,21.3,1,0
4743,Female,9,16,90.9,57.2,0,5800,1.1,Secondary,0,0,0,1,1,1,3.0,Low,51.5,37.1,0,0
4744,Male,8,12,79.2,100.0,0,9100,0.2,Secondary,0,0,1,0,0,1,5.6,High,66.1,28.8,1,0
4745,Male,10,14,68.5,61.3,0,3300,0.2,Graduate,1,0,0,0,1,1,5.2,Low,47.4,40.5,0,0
4746,Male,9,14,97.4,81.5,2,5400,3.1,Secondary,0,0,1,0,1,0,3.9,Low,55.9,35.4,0,0
4747,Male,7,13,98.3,88.2,1,7200,0.1,Primary,0,0,0,0,1,1,4.7,Low,49.2,45.4,1,0
4748,Female,8,13,58.8,61.2,1,3000,6.3,No Schooling,1,0,0,0,1,1,4.8,Medium,47.3,36.8,0,0
4749,Female,10,17,90.3,69.7,1,25000,2.7,Primary,0,0,1,0,0,0,7.1,Low,37.3,28.0,0,0
4750,Male,10,15,91.3,75.9,0,8800,1.4,Primary,0,1,1,0,1,0,3.7,High,37.2,53.6,0,0
4751,Male,6,13,91.4,56.4,1,19100,7.4,Higher Secondary,0,0,1,0,0,1,4.1,Medium,48.3,9.5,0,0
4752,Female,7,13,67.5,54.3,1,7000,9.1,No Schooling,1,0,0,1,0,1,5.5,High,44.9,41.1,1,1
4753,Male,7,11,87.4,37.4,1,4900,3.9,No Schooling,0,0,0,0,0,1,2.5,Low,46.2,38.7,0,0
4754,Male,10,15,90.3,58.2,1,8500,0.8,No Schooling,0,0,0,0,0,0,1.5,Medium,46.4,32.0,0,0
4755,Female,10,14,72.4,44.4,0,15500,0.5,Primary,0,1,0,0,0,1,3.2,Medium,52.0,32.3,1,0
4756,Female,9,16,60.2,43.1,0,5000,1.8,Primary,0,0,0,1,0,1,3.8,Low,41.4,24.4,1,1
4757,Male,7,13,83.1,61.7,1,9500,1.7,Higher Secondary,0,0,0,0,0,1,4.4,Low,14.2,38.8,1,0
4758,Female,10,15,89.6,74.4,0,5300,0.2,Graduate,0,0,0,0,0,1,3.4,Low,50.3,46.0,0,0
4759,Male,6,12,71.9,33.7,0,3000,2.2,No Schooling,0,0,0,0,0,1,6.3,Low,37.3,32.8,1,1
4760,Female,7,13,64.6,29.5,1,6200,0.3,Primary,0,0,0,1,0,1,2.9,Low,7.0,23.6,1,1
4761,Male,7,13,71.0,39.9,0,8700,2.0,Secondary,0,0,0,0,0,1,2.8,Low,37.4,5.3,0,0
4762,Male,8,13,93.4,62.8,0,8000,1.2,Secondary,0,0,0,0,1,1,4.0,Low,38.2,37.8,0,0
4763,Female,8,13,69.5,57.7,0,6500,1.4,No Schooling,0,0,0,0,0,1,3.5,High,34.2,31.7,0,0
4764,Male,7,12,67.0,62.1,0,8500,6.6,Graduate,0,0,0,0,1,1,4.3,Low,39.5,29.4,0,0
4765,Male,6,13,71.3,60.5,2,5100,1.6,No Schooling,0,1,0,0,0,1,1.7,Low,25.0,33.6,1,1
4766,Male,9,14,83.4,53.4,2,11300,0.4,Secondary,0,0,1,0,0,1,3.6,Low,29.5,21.2,1,0
4767,Female,6,11,94.1,44.3,0,5800,2.6,No Schooling,0,0,0,0,1,1,3.2,Medium,44.2,35.1,1,0
4768,Female,8,14,93.4,62.5,0,14100,0.4,Higher Secondary,0,0,0,0,1,0,2.8,Low,42.0,21.7,0,0
4769,Male,6,12,73.8,42.3,0,3000,2.6,Primary,0,0,0,0,0,1,4.0,Low,9.0,15.4,0,0
4770,Female,7,14,65.6,50.7,0,8400,15.0,Higher Secondary,1,0,1,0,1,0,5.6,Low,44.4,20.7,0,0
4771,Female,7,11,44.5,45.0,0,11200,14.0,No Schooling,0,0,1,0,0,0,4.0,Medium,26.3,0.9,1,0
4772,Male,9,13,75.5,43.7,4,19000,1.2,Graduate,0,0,1,0,0,1,1.1,Low,19.8,50.6,1,1
4773,Male,8,13,84.4,64.5,1,5400,0.4,Higher Secondary,0,0,0,0,0,0,3.3,Low,32.9,21.5,0,1
4774,Male,7,13,87.4,49.1,0,18000,0.2,Higher Secondary,0,0,1,0,0,1,4.5,Low,46.4,4.2,1,0
4775,Male,10,17,70.4,79.9,0,10700,1.9,Primary,1,0,1,1,1,0,5.1,Low,41.8,23.0,0,0
4776,Male,6,12,69.2,34.7,0,26500,1.6,No Schooling,0,0,0,0,1,1,1.3,Low,28.0,33.6,0,0
4777,Male,9,16,90.6,49.2,1,3000,0.1,Primary,0,0,0,0,1,1,2.6,Medium,43.1,13.6,1,0
4778,Male,7,11,82.4,73.6,0,9300,1.2,Primary,0,0,1,1,0,1,5.5,Low,62.4,46.6,0,0
4779,Male,10,16,87.6,41.9,2,7700,0.2,No Schooling,1,0,1,0,0,1,4.4,Low,46.8,11.5,1,0
4780,Female,6,13,84.2,58.6,1,8800,0.2,Graduate,0,0,1,0,0,0,3.1,Low,60.5,58.5,0,0
4781,Male,8,14,86.2,54.1,0,14500,2.6,Secondary,0,0,0,1,1,0,2.6,Medium,51.8,24.3,0,0
4782,Female,8,13,62.4,65.8,0,20900,0.7,Primary,0,0,0,0,0,1,5.4,Low,66.7,27.0,1,0
4783,Female,8,15,89.1,100.0,0,9900,0.1,Graduate,0,0,1,0,1,1,7.3,Low,45.9,50.5,0,0
4784,Female,9,16,69.5,67.9,0,3000,2.0,Primary,0,0,0,0,0,1,2.8,Low,44.0,21.0,1,0
4785,Female,6,11,96.4,83.4,3,6000,0.8,Secondary,0,1,1,0,1,1,1.0,High,39.1,39.3,2,0
4786,Female,7,13,81.5,59.7,1,50000,3.6,Secondary,1,0,0,1,0,0,2.9,Low,51.1,28.3,0,1
4787,Male,10,17,79.8,72.3,0,4000,0.3,No Schooling,1,0,0,0,0,1,4.6,Low,57.2,10.6,0,0
4788,Female,10,14,84.6,77.9,0,8900,2.1,Higher Secondary,0,0,0,0,0,1,2.7,Medium,40.0,41.6,1,1
4789,Male,8,12,90.3,86.7,1,13100,1.3,No Schooling,1,0,0,0,0,1,5.4,Low,45.6,18.8,1,1
4790,Female,8,14,85.3,45.7,3,15800,0.2,Primary,0,0,0,0,0,1,4.3,High,27.6,35.4,1,0
4791,Male,9,16,75.4,70.4,0,5200,5.4,Primary,0,0,1,0,0,1,7.4,Low,24.6,24.8,0,0
4792,Male,9,13,85.6,45.8,1,21600,4.0,Secondary,0,0,0,0,0,1,2.1,Low,28.7,37.6,0,0
4793,Male,10,16,61.9,57.9,5,18500,2.6,Primary,0,0,1,0,1,1,2.9,Low,17.0,35.2,1,1
4794,Female,10,16,81.1,39.2,1,10700,1.3,Primary,0,0,1,0,1,1,4.0,Medium,42.9,35.3,0,0
4795,Male,7,14,84.3,63.8,1,4100,1.1,Secondary,0,0,1,0,0,1,4.5,Low,40.2,12.4,0,0
4796,Male,9,16,80.3,81.5,2,5300,3.9,Primary,1,0,1,0,0,1,4.9,Medium,36.3,46.9,0,1
4797,Male,8,12,88.8,5.5,0,4900,1.7,No Schooling,1,1,0,0,0,1,1.0,Medium,30.7,11.6,0,0
4798,Male,6,12,75.4,60.1,0,6600,0.8,Secondary,0,1,0,1,0,0,0.5,Medium,35.2,24.5,0,1
4799,Female,10,16,66.6,51.3,0,20600,5.9,Graduate,0,0,0,0,0,1,0.6,Low,28.3,34.7,0,0
4800,Female,8,13,76.5,69.6,0,9600,0.4,Primary,0,0,0,0,1,1,5.7,High,39.5,18.0,0,0
4801,Male,6,10,67.4,21.8,2,12100,1.9,Primary,0,0,0,0,0,1,1.4,Low,13.6,4.8,0,1
4802,Male,9,14,78.9,80.0,2,8700,1.7,No Schooling,0,0,0,0,0,1,3.2,Low,47.1,27.7,0,0
4803,Male,7,13,73.4,71.9,1,22800,0.5,Higher Secondary,0,0,1,1,0,1,2.0,Low,37.1,39.0,0,0
4804,Male,6,12,72.9,83.6,0,3000,0.4,No Schooling,0,0,0,1,0,1,3.9,Medium,25.6,43.9,0,1
4805,Female,8,14,67.7,53.0,1,3000,0.9,Primary,0,0,0,0,0,0,4.3,Low,32.0,17.9,0,1
4806,Female,9,15,59.2,58.6,1,7600,3.4,Secondary,0,1,0,0,0,1,4.9,Medium,33.6,14.8,0,1
4807,Male,8,15,71.6,68.2,0,7700,2.2,Primary,0,0,0,0,1,1,1.5,Low,35.8,18.3,0,0
4808,Female,6,12,49.5,23.8,0,7500,5.6,Secondary,0,0,1,0,0,1,1.0,Low,21.2,14.0,0,0
4809,Male,8,12,70.2,28.8,2,4800,1.3,No Schooling,0,0,1,0,0,0,3.5,Low,36.1,22.1,0,0
4810,Female,6,11,70.1,62.7,2,3100,2.7,Primary,0,0,0,1,0,0,5.3,Medium,31.9,36.8,0,0
4811,Male,10,14,72.1,81.2,1,7200,0.1,No Schooling,0,0,1,0,0,1,4.5,Low,48.3,43.3,0,0
4812,Female,7,14,80.6,78.3,0,6000,0.5,No Schooling,0,0,1,0,0,1,3.4,Low,50.4,42.9,0,1
4813,Male,10,17,94.1,84.2,3,9200,1.6,Secondary,0,1,0,0,0,1,5.2,Low,42.5,44.8,0,0
4814,Female,6,13,83.5,50.5,2,12600,1.9,Graduate,1,0,0,0,0,1,1.8,Low,28.1,29.0,1,0
4815,Male,6,10,90.4,85.2,1,17600,12.4,No Schooling,0,0,0,0,1,1,5.3,Low,21.1,37.0,0,0
4816,Male,8,14,85.3,100.0,1,13800,6.6,Primary,0,0,0,0,0,0,7.8,Low,35.5,37.0,0,0
4817,Male,9,13,82.0,100.0,0,7700,0.1,Higher Secondary,1,0,1,0,1,1,7.5,Low,69.8,27.6,0,0
4818,Male,10,15,98.7,97.7,1,10700,3.3,Primary,0,0,0,0,0,1,4.2,Low,65.0,48.0,0,0
4819,Female,8,13,79.3,76.1,2,3400,0.9,No Schooling,0,0,0,0,0,1,4.4,Medium,33.6,30.8,1,0
4820,Female,7,12,87.0,89.4,1,4300,2.1,No Schooling,0,0,0,1,0,1,7.7,Medium,43.2,37.9,0,0
4821,Female,6,11,52.6,42.0,3,25800,2.0,Primary,0,0,0,0,0,1,4.5,Low,15.0,26.2,0,1
4822,Male,8,13,84.6,61.7,0,16200,1.1,Primary,0,0,0,1,0,1,2.0,Low,48.8,32.3,0,0
4823,Female,7,11,69.0,83.6,0,3000,9.9,No Schooling,0,0,0,0,1,0,5.9,Low,41.9,32.7,0,0
4824,Female,10,17,64.6,70.9,5,4800,2.2,Primary,0,1,1,0,0,1,3.9,Low,29.9,31.1,0,1
4825,Male,8,13,89.5,71.5,2,28600,2.7,Higher Secondary,0,0,0,0,0,1,3.4,Low,39.1,35.4,1,0
4826,Male,9,16,67.8,41.9,0,4600,2.2,No Schooling,0,0,1,1,0,1,5.3,Low,19.0,22.3,0,1
4827,Male,10,14,68.2,79.0,3,3000,0.1,No Schooling,0,0,0,0,0,1,7.5,Low,24.6,33.4,1,0
4828,Male,6,13,93.4,76.3,0,5500,3.3,No Schooling,0,0,1,0,1,0,2.5,Low,31.8,37.4,0,0
4829,Female,8,14,86.9,69.7,0,5600,0.8,Graduate,0,0,0,0,0,1,5.8,Medium,45.9,20.0,0,0
4830,Female,10,14,84.6,84.7,0,17500,1.4,Higher Secondary,0,1,1,0,0,0,8.0,Low,54.8,43.1,2,0
4831,Female,7,14,98.0,69.1,3,14400,1.6,No Schooling,0,1,1,0,0,0,5.7,Low,30.3,27.1,0,0
4832,Male,8,14,88.7,3.9,5,5700,4.6,Primary,0,0,0,0,0,1,0.0,Low,31.8,9.1,0,1
4833,Female,10,16,79.5,54.0,0,7700,0.4,Secondary,0,0,1,1,0,1,4.2,Low,50.2,26.4,0,0
4834,Female,7,14,76.7,42.9,2,9900,0.1,Graduate,0,0,1,0,1,1,2.7,Low,35.5,12.5,0,0
4835,Male,10,17,69.6,34.5,0,13400,2.2,No Schooling,0,0,1,0,0,1,0.3,Medium,60.1,24.7,0,1
4836,Female,7,11,85.7,75.3,3,6200,0.2,Higher Secondary,1,0,1,1,0,0,4.7,Medium,36.4,28.9,0,0
4837,Male,8,13,77.1,55.9,3,9900,0.5,Higher Secondary,0,0,0,0,0,1,2.2,High,52.3,20.5,0,1
4838,Male,7,11,93.0,91.9,2,22000,0.1,Secondary,0,0,1,0,0,1,6.0,Low,54.3,55.6,0,0
4839,Male,8,12,78.0,100.0,0,7300,0.5,Primary,0,1,0,0,1,1,6.7,Low,54.5,59.3,0,0
4840,Male,6,10,70.6,59.8,0,8900,2.8,Graduate,0,0,0,0,1,1,2.3,Low,20.9,23.4,0,0
4841,Female,6,12,85.3,77.7,0,12400,3.8,Higher Secondary,0,0,1,0,0,1,5.6,Low,59.2,45.8,0,0
4842,Male,7,13,53.8,31.0,0,5400,0.1,Primary,0,0,1,0,1,1,1.5,Low,11.9,28.3,0,0
4843,Male,7,11,60.1,68.9,0,4400,0.3,Secondary,0,1,0,1,0,1,3.8,Low,37.8,43.0,2,0
4844,Male,8,13,89.8,95.3,1,10700,0.2,No Schooling,0,0,1,0,0,1,7.7,Low,34.0,28.9,1,0
4845,Male,6,10,89.4,100.0,0,12200,2.8,No Schooling,0,0,0,0,0,1,2.9,Medium,73.8,48.3,0,0
4846,Male,6,10,79.8,55.1,1,7700,0.1,Higher Secondary,0,0,1,0,1,1,4.0,High,45.9,35.7,0,0
4847,Male,6,10,68.3,68.1,0,5200,2.6,Primary,1,1,0,1,1,1,2.6,Medium,31.3,27.0,0,0
4848,Female,8,14,56.9,71.1,0,5800,6.9,Secondary,1,0,0,0,0,0,3.3,Low,45.7,22.6,0,0
4849,Male,7,11,93.5,64.9,1,9700,3.6,Secondary,0,0,0,0,0,1,4.9,Low,19.0,34.5,0,0
4850,Female,6,13,83.1,61.6,1,3600,6.0,Higher Secondary,0,0,0,0,0,0,4.4,Low,52.6,40.3,0,0
4851,Male,8,15,64.0,52.6,0,16900,2.4,Secondary,0,0,1,0,0,1,2.2,Low,26.7,27.0,0,0
4852,Female,9,16,79.1,56.6,0,24200,0.1,Secondary,0,0,1,1,0,0,1.7,Low,20.5,29.2,0,1
4853,Female,9,16,97.3,75.2,1,3000,1.5,Secondary,0,0,1,0,0,1,4.5,Medium,37.0,30.6,0,0
4854,Male,7,14,92.9,43.2,1,12000,4.7,No Schooling,0,0,1,0,1,1,5.4,Low,18.6,30.9,1,0
4855,Male,10,17,81.2,50.9,0,14100,0.1,No Schooling,0,0,0,0,1,0,2.3,Low,43.0,33.3,0,0
4856,Female,8,15,50.1,79.6,0,14900,0.1,Secondary,1,0,0,0,0,1,6.0,Low,30.9,15.9,0,0
4857,Male,8,12,85.9,64.1,0,3000,2.2,Secondary,0,0,0,0,0,1,3.8,Medium,57.2,35.8,0,0
4858,Female,6,12,77.5,75.3,0,6500,2.7,Primary,0,1,0,0,0,1,4.1,Medium,45.6,20.8,0,0
4859,Male,7,12,80.3,61.8,2,5400,4.0,No Schooling,0,1,1,0,1,1,4.2,Medium,19.4,20.3,0,0
4860,Male,8,15,79.8,78.8,2,6800,0.1,No Schooling,0,0,1,0,0,1,4.3,Low,35.5,33.0,0,0
4861,Male,7,11,72.4,60.3,0,3400,0.9,No Schooling,0,0,1,0,0,1,4.3,Low,9.7,12.1,0,0
4862,Female,9,14,84.8,6.1,1,27100,1.2,No Schooling,0,0,0,0,0,1,0.0,Low,27.8,9.1,0,0
4863,Male,7,12,73.2,78.0,0,11000,0.7,Higher Secondary,0,0,0,0,0,1,3.1,Medium,47.0,30.7,0,0
4864,Female,6,13,87.5,61.2,1,4000,0.1,Higher Secondary,0,0,1,0,1,1,4.6,Low,50.2,52.1,0,0
4865,Female,6,11,82.7,65.7,2,5500,0.7,Primary,1,1,0,0,1,1,4.8,Low,56.0,37.5,0,1
4866,Male,6,13,83.6,87.9,3,21600,1.5,No Schooling,0,1,0,0,0,0,4.4,Low,54.1,29.3,0,1
4867,Male,8,13,91.3,7.6,0,7600,7.3,Primary,0,0,0,0,1,1,6.5,Medium,55.5,45.1,0,0
4868,Male,6,12,82.3,32.1,0,19800,0.4,Graduate,1,0,0,0,1,1,4.0,Low,19.0,9.2,2,0
4869,Male,8,14,88.7,59.8,0,13000,0.5,No Schooling,0,0,1,0,0,1,1.4,High,47.2,27.5,0,0
4870,Female,7,12,72.5,47.4,0,3100,1.6,Higher Secondary,0,0,0,0,0,0,3.7,Low,42.4,14.6,0,0
4871,Male,8,13,98.5,3.8,0,4100,1.3,Primary,0,0,0,0,1,1,3.2,Low,48.1,9.5,1,0
4872,Male,10,15,73.8,85.7,0,3600,4.4,Primary,0,0,0,1,0,0,4.5,Low,41.7,26.3,0,0
4873,Female,10,16,86.7,80.7,2,11200,0.7,No Schooling,0,0,0,0,1,0,8.0,Medium,53.2,38.1,0,0
4874,Female,8,13,85.9,74.5,1,30800,1.6,Primary,1,0,1,1,0,1,4.4,Low,68.5,45.3,0,1
4875,Male,7,14,93.2,82.3,0,9100,0.4,No Schooling,1,1,1,0,1,0,6.4,Low,38.9,46.1,0,0
4876,Female,9,13,58.3,52.6,1,7500,3.1,Higher Secondary,0,0,0,1,0,1,3.6,Low,54.3,44.8,0,0
4877,Male,10,14,85.6,54.2,0,11800,2.6,Secondary,0,0,0,0,0,1,2.7,Medium,44.8,30.5,0,0
4878,Female,8,12,67.2,42.8,1,7700,1.1,Higher Secondary,0,0,0,0,0,1,1.6,Medium,13.0,12.6,0,0
4879,Male,6,13,54.8,60.4,0,6400,2.1,Higher Secondary,1,0,1,0,0,0,4.6,Low,30.2,26.7,0,0
4880,Male,9,14,83.0,59.4,0,9300,8.9,Secondary,0,0,0,0,0,1,3.6,Medium,30.3,37.2,0,0
4881,Male,6,10,91.2,67.7,0,13800,2.3,Secondary,0,0,1,1,0,1,6.9,Medium,43.2,67.9,1,0
4882,Female,9,13,92.1,51.2,0,5700,1.4,Secondary,0,0,0,0,0,1,3.3,Low,36.0,41.9,0,0
4883,Female,6,13,98.7,81.7,0,4000,0.3,Secondary,0,0,0,0,0,0,3.6,Medium,71.8,39.9,0,1
4884,Male,6,13,88.5,90.2,0,15700,0.4,Primary,0,0,0,0,0,1,6.6,Low,29.2,31.3,0,0
4885,Female,9,14,73.5,54.9,4,3000,0.7,Primary,1,0,0,0,0,1,3.6,Low,20.3,35.6,1,1
4886,Female,9,15,78.4,51.9,0,3200,0.3,Graduate,0,0,0,0,1,1,3.7,Low,42.3,25.4,0,0
4887,Male,8,13,71.4,93.2,0,8200,7.2,Graduate,0,0,0,0,1,1,6.0,Medium,40.1,36.8,0,0
4888,Female,10,17,72.6,56.8,1,15100,2.1,Secondary,1,0,0,0,0,1,1.0,Low,47.9,27.0,0,0
4889,Male,10,16,77.0,100.0,0,9300,1.4,No Schooling,0,0,0,1,0,1,8.0,High,35.9,36.1,0,0
4890,Female,8,13,71.7,62.7,0,5400,3.7,No Schooling,0,0,0,0,1,0,5.5,Low,25.4,26.9,1,0
4891,Male,10,17,86.1,81.7,1,14300,0.1,Primary,0,0,1,0,0,0,5.0,Low,49.1,21.9,0,0
4892,Male,7,11,72.3,64.1,4,4700,0.5,Higher Secondary,1,0,0,0,0,0,5.3,Low,36.5,33.5,0,1
4893,Male,6,13,61.9,48.5,0,12900,0.7,Primary,0,0,0,0,1,1,2.4,Low,19.7,3.0,0,0
4894,Male,10,15,96.0,94.6,1,5900,4.7,Primary,0,0,0,0,0,1,6.9,Low,49.7,60.0,0,0
4895,Female,7,14,76.4,79.4,2,3500,2.8,Secondary,0,0,0,0,0,1,5.0,Low,46.3,42.9,0,1
4896,Male,10,17,95.8,95.6,0,13300,3.7,Primary,0,0,0,0,0,1,3.9,Low,56.8,34.6,0,0
4897,Male,6,12,88.5,73.1,0,24500,0.2,Secondary,0,0,1,0,0,1,3.7,Low,25.7,34.1,0,0
4898,Male,6,10,79.0,52.4,2,6100,4.4,Secondary,0,0,0,0,0,1,2.9,Medium,53.6,28.5,0,0
4899,Female,6,13,88.3,84.1,1,16200,2.0,Higher Secondary,0,1,1,1,0,1,3.6,High,48.1,25.3,0,1
4900,Female,8,14,80.0,65.9,0,3000,4.4,Secondary,0,0,0,0,1,0,6.6,Low,59.4,41.6,0,0
4901,Male,10,17,65.0,32.4,3,3100,0.6,Higher Secondary,0,0,1,0,0,1,4.5,High,38.3,0.0,2,1
4902,Male,7,11,70.4,52.4,0,4100,7.7,Higher Secondary,0,1,1,0,1,1,2.1,High,43.9,46.9,0,0
4903,Male,6,10,78.9,73.5,1,7200,7.0,No Schooling,0,0,1,0,0,0,3.2,Low,53.1,66.2,0,0
4904,Female,7,12,81.6,0.0,0,11200,1.4,Secondary,0,0,0,0,0,0,0.1,Low,34.7,0.0,0,0
4905,Female,7,12,76.6,65.6,0,3400,0.1,Secondary,0,0,0,1,0,1,3.7,Low,44.4,25.9,0,0
4906,Female,9,13,83.1,47.5,0,4100,2.2,Primary,0,0,0,0,0,1,0.0,Low,54.8,48.6,0,0
4907,Female,9,13,56.4,47.7,0,14100,3.7,Primary,1,1,0,0,0,1,3.0,Low,24.2,33.3,0,0
4908,Male,6,11,75.1,100.0,0,4400,1.1,Secondary,0,0,1,0,0,0,7.9,Low,42.6,26.0,1,0
4909,Female,7,14,91.9,58.0,0,20900,9.0,Graduate,0,0,0,0,0,1,4.1,Low,8.5,3.5,1,0
4910,Male,9,13,76.1,95.9,1,4800,7.8,No Schooling,0,0,1,0,0,0,3.7,Low,34.5,49.4,0,0
4911,Male,7,11,87.0,80.0,4,17800,0.3,Higher Secondary,1,0,0,0,1,1,2.6,Low,56.1,22.3,0,0
4912,Male,7,14,93.2,48.0,2,14000,1.9,Primary,0,1,0,0,0,0,6.0,Medium,43.7,30.0,0,1
4913,Male,8,12,96.8,58.1,3,8400,0.8,Secondary,0,0,0,1,1,1,5.1,Low,44.7,52.7,0,0
4914,Female,7,11,73.4,56.5,0,9200,2.7,Primary,0,0,0,0,0,1,4.4,Low,35.7,31.3,0,0
4915,Male,6,13,93.5,92.2,0,8600,5.5,Higher Secondary,0,0,1,1,0,1,8.0,Low,46.4,50.2,0,0
4916,Female,7,12,86.7,100.0,0,17500,14.2,Secondary,1,0,1,0,1,1,6.1,Medium,56.8,29.9,0,0
4917,Female,9,14,79.4,46.8,0,3000,1.4,Higher Secondary,1,0,0,0,0,1,5.4,Low,45.7,24.0,0,0
4918,Female,7,11,69.5,56.8,0,6200,0.7,Graduate,0,0,1,0,0,1,6.2,High,18.1,19.6,0,0
4919,Female,9,14,74.1,55.5,0,9000,0.4,No Schooling,0,0,0,0,0,1,4.3,High,19.2,35.0,0,0
4920,Male,8,15,92.5,61.9,2,18400,4.8,Primary,0,0,1,1,1,0,5.1,Low,49.8,48.0,1,0
4921,Male,8,15,83.5,43.4,0,5300,1.1,No Schooling,1,0,0,0,0,1,3.2,Low,15.0,3.6,0,0
4922,Male,9,15,68.0,40.9,0,3000,0.3,Higher Secondary,0,0,1,0,1,1,2.6,Low,26.8,24.7,0,0
4923,Male,7,13,80.8,67.7,4,3000,1.7,Primary,0,0,0,0,0,0,3.7,Low,57.2,52.2,0,1
4924,Female,7,13,83.8,63.3,1,8300,3.0,Secondary,0,0,1,1,0,0,3.8,High,54.2,32.8,0,0
4925,Male,6,12,96.1,10.2,0,3200,0.6,Graduate,0,0,1,0,0,0,4.0,Low,48.2,17.8,1,0
4926,Male,9,15,78.3,100.0,0,6700,0.5,Secondary,0,0,1,0,1,1,5.7,Medium,33.6,20.7,1,0
4927,Male,8,12,95.0,100.0,0,3200,1.6,Primary,0,0,1,0,0,0,5.6,Low,35.5,28.6,0,0
4928,Male,9,16,85.5,72.6,2,6200,0.4,No Schooling,0,0,0,0,0,0,4.4,Low,28.7,16.3,2,0
4929,Female,8,15,81.8,61.3,5,31100,2.2,Secondary,0,0,1,0,0,1,5.8,Medium,47.8,19.3,0,1
4930,Male,7,11,91.7,58.9,0,19300,4.0,Primary,0,0,0,0,0,0,1.2,Medium,68.5,35.6,0,0
4931,Female,7,11,57.1,38.4,2,7800,0.7,Graduate,0,0,0,0,0,1,2.1,High,34.7,27.5,0,0
4932,Female,6,13,70.3,58.3,0,6500,6.3,Higher Secondary,0,0,0,0,0,1,5.2,Low,59.1,48.7,1,0
4933,Female,10,14,84.9,38.0,1,4200,9.0,Graduate,0,0,0,0,0,1,4.6,Low,36.7,7.5,1,0
4934,Male,6,13,89.0,44.6,2,11700,2.0,Graduate,0,0,0,1,0,1,2.9,Medium,48.1,34.6,0,0
4935,Female,10,17,64.8,70.7,0,6200,0.6,Secondary,0,0,0,0,1,0,3.4,Medium,44.1,32.5,0,0
4936,Male,6,10,74.1,75.8,1,20300,4.1,Primary,0,0,0,0,1,0,1.6,Low,24.1,31.9,0,0
4937,Male,8,15,65.3,66.1,4,8600,4.1,Primary,0,0,0,0,0,0,1.5,Medium,25.8,9.3,2,1
4938,Female,6,10,96.1,57.0,1,8800,1.2,Primary,0,0,0,0,0,1,3.8,Medium,51.1,40.1,0,0
4939,Female,9,14,63.8,50.7,1,3000,1.2,Higher Secondary,0,0,0,0,0,1,5.4,Medium,42.6,38.1,0,0
4940,Male,6,12,84.8,29.9,0,5300,0.8,Secondary,0,0,0,0,0,0,1.0,Medium,30.5,12.2,1,0
4941,Female,8,14,91.3,80.9,0,29200,0.6,Primary,0,0,0,0,0,0,5.4,Low,62.9,45.2,0,0
4942,Male,10,14,89.9,61.4,0,3000,1.4,Primary,1,0,1,0,1,1,4.2,Low,7.2,14.2,0,0
4943,Female,9,13,95.5,47.3,0,6600,0.1,Secondary,0,0,0,0,1,0,3.5,Low,53.3,25.7,0,0
4944,Female,6,11,81.6,59.5,0,6700,1.6,Higher Secondary,0,0,0,0,0,1,5.2,Low,46.2,25.2,0,0
4945,Female,9,15,94.1,68.3,2,9400,1.8,Secondary,0,0,0,0,0,1,5.1,Low,41.0,40.9,1,0
4946,Female,8,13,88.8,65.5,0,10300,11.2,No Schooling,1,0,1,0,0,0,8.0,Medium,49.7,59.3,0,0
4947,Female,6,11,88.2,45.6,2,5400,1.1,Primary,0,1,0,1,0,1,0.9,Low,52.3,48.2,0,0
4948,Female,8,12,87.3,73.7,3,14400,2.9,Graduate,1,0,1,0,0,0,4.6,High,29.3,41.2,1,0
4949,Female,9,16,87.8,58.3,0,5100,3.2,Higher Secondary,0,0,0,0,0,1,2.7,Medium,25.9,34.1,1,0
4950,Female,7,13,80.7,70.5,0,11700,1.4,Primary,0,0,0,0,0,1,5.6,Medium,49.8,22.4,0,0
4951,Male,9,16,90.6,100.0,2,3000,0.3,No Schooling,1,0,1,0,0,0,5.7,Low,55.5,51.6,0,0
4952,Female,9,14,77.7,58.3,4,4600,0.8,Graduate,0,0,1,1,1,0,3.1,Low,36.2,28.8,2,0
4953,Male,8,15,60.6,77.7,0,3000,3.2,Primary,0,0,0,0,1,0,5.6,Medium,39.9,46.8,0,0
4954,Female,7,13,94.7,40.9,0,9400,1.1,Secondary,0,0,1,0,0,0,4.0,Low,53.2,40.7,0,0
4955,Male,9,15,83.6,63.2,1,9700,1.8,Higher Secondary,0,1,1,0,0,0,4.5,Low,46.9,43.0,1,1
4956,Male,7,12,74.1,32.7,0,5900,2.1,Secondary,0,0,0,1,1,0,3.1,Low,44.8,1.7,1,0
4957,Female,6,12,76.0,75.4,0,9400,0.8,Secondary,0,1,1,0,0,0,2.8,Low,21.8,59.0,0,0
4958,Male,7,12,75.0,78.9,0,3400,0.3,Primary,1,0,0,0,0,1,4.5,Low,30.5,32.3,1,0
4959,Male,10,16,86.4,46.9,2,18500,2.2,Higher Secondary,0,1,0,0,0,1,0.0,Low,40.5,16.3,0,0
4960,Female,7,12,88.8,64.0,0,14600,1.5,Secondary,0,0,0,0,0,1,4.4,Low,42.7,32.5,0,0
4961,Male,7,14,96.0,91.6,1,4000,0.5,Primary,0,0,0,0,0,1,4.3,Low,49.6,57.1,0,0
4962,Male,6,13,76.0,54.5,1,3400,0.1,Primary,0,0,0,0,0,1,1.5,Low,50.1,6.6,0,0
4963,Male,6,11,92.2,39.9,3,5500,0.7,Secondary,0,0,0,0,1,1,2.5,Low,29.5,39.7,0,0
4964,Male,10,15,57.6,62.9,0,9100,1.1,Graduate,0,0,1,0,0,1,2.5,Medium,32.3,22.2,0,0
4965,Male,8,15,87.0,87.2,0,8500,0.8,Primary,0,0,0,1,1,1,5.1,Low,58.0,53.3,0,0
4966,Male,9,15,82.8,59.8,3,3700,1.7,Higher Secondary,0,0,1,0,0,1,4.8,Medium,50.6,31.1,0,0
4967,Male,9,13,72.6,81.0,0,5800,2.7,Secondary,0,1,1,0,1,1,5.8,Medium,37.5,24.8,0,0
4968,Male,7,14,99.9,91.3,4,9800,0.5,No Schooling,0,0,1,0,1,0,6.5,High,53.4,26.6,0,0
4969,Male,9,15,53.7,59.0,0,5900,0.8,Secondary,0,0,0,0,0,0,5.0,Low,49.1,50.5,0,0
4970,Female,10,16,70.1,14.8,0,8400,0.4,No Schooling,0,1,0,0,0,0,1.7,Medium,22.4,1.0,0,0
4971,Female,9,16,83.0,35.8,2,15600,1.0,Secondary,0,0,1,0,0,1,2.8,Low,24.5,27.5,1,1
4972,Male,9,13,89.7,70.7,0,5000,2.5,No Schooling,0,0,0,0,0,1,5.2,Medium,44.9,28.9,0,0
4973,Male,8,15,58.0,58.1,0,14600,13.8,No Schooling,0,1,1,1,0,0,5.0,Medium,18.1,16.4,0,1
4974,Female,10,14,80.2,98.6,0,7600,1.2,Secondary,0,1,1,0,1,0,5.6,High,27.2,35.4,1,0
4975,Female,6,13,88.3,100.0,2,7200,3.3,Higher Secondary,1,1,0,0,0,1,7.9,Low,36.9,30.1,0,0
4976,Male,9,15,85.7,90.9,0,3000,1.5,Primary,0,0,1,0,0,0,6.3,Low,31.4,20.5,0,0
4977,Male,7,13,75.7,51.3,0,13600,0.2,Higher Secondary,0,0,1,0,0,0,1.7,Medium,38.9,23.5,0,0
4978,Male,8,14,89.4,56.7,0,31300,4.8,Graduate,0,1,1,0,0,1,1.8,Low,33.2,14.8,0,0
4979,Female,10,15,97.2,85.4,3,3800,6.1,Graduate,0,0,0,0,1,1,4.3,Low,38.1,48.3,0,0
4980,Female,8,15,90.9,71.4,1,4100,1.1,Primary,1,1,1,0,1,1,4.0,Low,20.5,14.6,2,1
4981,Female,6,10,75.0,49.1,0,23700,0.7,Secondary,0,0,1,1,1,1,3.9,High,32.6,10.0,1,0
4982,Male,9,15,98.9,24.5,3,12600,2.6,Secondary,0,0,0,0,1,1,4.8,Low,31.1,33.0,0,0
4983,Male,10,17,67.4,32.8,0,5000,2.5,Higher Secondary,0,0,0,0,0,1,0.0,Medium,32.7,23.4,0,0
4984,Male,9,13,90.3,77.7,0,26200,0.9,Primary,0,0,1,1,0,1,4.2,High,45.3,18.7,0,0
4985,Male,10,16,66.4,45.5,0,5900,12.2,Secondary,0,0,0,0,1,1,5.8,Medium,40.4,24.3,0,0
4986,Male,10,17,62.3,83.0,1,8300,0.6,Secondary,1,0,0,1,1,1,2.1,Low,46.5,42.0,1,0
4987,Female,10,16,78.9,64.0,3,10300,0.1,Primary,0,0,0,0,0,0,5.8,Low,30.6,45.0,1,0
4988,Male,7,13,70.4,51.0,1,13800,1.4,Graduate,1,0,0,0,0,1,3.9,Medium,52.6,37.1,0,0
4989,Female,8,12,78.1,65.7,1,11000,1.3,Primary,0,0,0,0,0,1,3.2,Low,65.9,44.0,1,0
4990,Male,10,17,87.6,57.7,1,34400,2.8,Secondary,0,0,1,1,1,0,6.2,Low,39.9,35.0,0,0
4991,Male,10,17,78.6,49.2,0,21200,2.3,Secondary,0,1,1,0,1,0,3.1,High,21.2,7.5,0,0
4992,Female,6,13,89.9,41.9,2,24300,1.0,Secondary,1,0,1,1,0,1,4.2,High,43.4,19.9,0,0
4993,Female,6,10,87.8,94.8,1,5100,2.9,Primary,0,0,1,0,0,1,5.5,High,29.6,33.4,0,0
4994,Male,7,12,58.1,17.6,0,10200,1.4,No Schooling,0,0,0,0,0,1,1.2,Medium,33.4,16.5,0,0
4995,Female,9,16,67.7,30.4,1,26300,5.0,No Schooling,0,0,0,0,1,1,0.9,Low,46.0,17.5,0,0
4996,Male,10,16,81.8,59.2,0,6100,1.6,Secondary,0,0,0,1,0,1,2.7,Low,28.7,21.4,0,0
4997,Male,8,15,90.5,53.0,1,6200,0.2,No Schooling,0,0,1,0,0,1,4.7,Low,30.8,30.4,0,0
4998,Male,6,12,86.4,100.0,0,15500,4.6,No Schooling,1,0,0,0,0,1,6.3,Medium,33.7,34.2,1,0
4999,Male,7,13,73.5,55.9,0,11200,3.0,Primary,0,0,1,0,1,1,3.6,Medium,50.1,36.9,0,0
5000,Female,10,15,81.2,64.0,2,8000,4.3,Primary,0,0,0,1,0,0,3.5,Low,44.8,20.1,0,1
5001,Male,7,14,68.8,100.0,0,9800,1.8,Primary,1,0,0,0,0,1,6.0,Low,39.7,44.7,0,0
5002,Female,6,12,95.2,98.3,0,3000,0.1,Primary,1,0,0,0,1,0,6.4,Medium,37.6,36.5,0,0
5003,Female,7,14,70.5,39.7,1,6400,1.4,No Schooling,1,1,0,1,0,1,2.2,Low,18.9,31.0,1,1
5004,Male,9,13,82.8,69.5,1,4500,7.6,No Schooling,0,0,0,1,1,1,5.0,Low,30.8,39.8,0,0
5005,Male,8,13,74.1,92.4,0,24900,0.8,Higher Secondary,0,0,1,0,0,0,6.4,Medium,61.3,34.9,1,0
5006,Male,6,10,68.4,39.3,0,7200,1.8,No Schooling,0,0,0,0,0,1,2.5,Low,40.5,23.7,1,0
5007,Female,7,13,79.3,66.0,0,8600,4.2,Higher Secondary,1,0,0,0,0,1,4.1,Low,43.3,33.4,0,0
5008,Female,10,16,76.9,68.6,2,17500,4.5,No Schooling,0,1,0,0,1,1,5.6,Low,26.0,15.0,0,0
5009,Female,8,13,73.5,100.0,2,24000,0.2,Secondary,0,0,0,0,0,1,4.6,High,33.8,37.9,0,1
5010,Male,8,13,63.6,66.0,0,9800,0.1,Higher Secondary,0,0,0,0,0,1,5.5,Low,33.0,54.0,0,0
5011,Male,6,12,64.5,60.5,4,4500,1.5,Primary,0,0,0,0,1,1,5.8,Low,16.7,33.8,0,0
5012,Female,7,14,84.8,64.8,0,5500,4.9,Higher Secondary,0,1,0,0,0,1,2.4,Medium,37.4,14.0,0,0
5013,Male,9,14,81.0,35.7,1,10000,3.5,No Schooling,0,0,0,0,0,0,5.0,High,45.9,24.7,0,0
5014,Female,9,14,69.8,39.7,0,10200,9.5,Primary,1,0,1,0,0,1,3.7,Low,24.6,46.3,0,0
5015,Male,8,12,83.2,59.1,0,4600,7.7,No Schooling,0,0,0,0,1,1,3.2,Low,44.1,50.7,1,0
5016,Male,10,17,81.8,66.5,0,3000,0.9,Higher Secondary,0,1,0,0,0,1,4.4,Low,39.5,32.1,0,0
5017,Male,7,14,67.7,42.9,0,3000,5.7,Primary,0,0,1,0,1,1,5.4,High,52.8,40.5,1,0
5018,Male,10,16,72.9,93.6,0,3500,0.5,Secondary,0,0,1,0,1,1,7.4,Medium,44.7,23.2,0,0
5019,Female,6,13,64.8,100.0,1,6900,0.6,Secondary,1,0,0,0,0,1,4.5,Medium,34.8,27.0,1,0
5020,Male,7,14,82.3,19.8,0,6500,0.5,Secondary,1,0,0,0,0,1,0.7,Low,24.3,17.7,0,1
5021,Female,10,17,60.1,57.4,4,3000,2.2,Higher Secondary,0,0,1,0,0,1,2.4,Low,35.4,39.5,0,0
5022,Female,10,15,91.5,45.6,2,6800,0.6,Primary,0,0,1,0,0,1,6.9,Low,48.1,16.7,0,0
5023,Female,9,13,73.0,77.8,0,26000,2.1,Secondary,0,0,0,0,0,1,8.0,Low,37.1,9.4,0,0
5024,Female,9,16,76.4,59.3,0,10400,1.2,Graduate,0,0,1,0,0,0,3.0,Medium,37.8,17.3,0,0
5025,Female,9,13,75.8,80.5,3,32900,1.5,Higher Secondary,0,0,1,1,0,0,6.6,Low,29.0,28.0,0,1
5026,Female,9,14,85.1,47.0,0,8100,1.6,Secondary,0,0,0,1,0,1,4.1,Low,47.2,9.3,0,0
5027,Male,7,13,72.2,26.9,5,8000,0.2,No Schooling,0,0,1,0,1,0,3.4,Low,54.8,3.5,0,1
5028,Male,8,15,87.2,73.2,0,9900,4.1,No Schooling,0,0,0,0,0,1,6.8,High,37.9,46.5,0,1
5029,Female,9,15,64.9,38.8,3,29000,1.9,Primary,0,0,0,0,0,1,3.2,Medium,34.3,35.3,0,1
5030,Male,8,13,82.8,73.1,1,24400,0.7,Primary,0,0,0,1,1,1,2.4,Low,26.7,40.2,0,1
5031,Male,10,17,76.7,78.7,0,13800,0.4,Secondary,0,0,0,0,1,1,4.6,Medium,28.7,44.2,1,0
5032,Female,8,12,76.2,76.3,0,10900,0.8,Secondary,0,0,1,0,0,0,5.8,Medium,37.0,25.2,0,0
5033,Male,6,10,79.2,44.6,0,4400,3.0,Secondary,0,1,1,0,0,1,3.3,Low,44.8,31.8,0,0
5034,Female,6,12,63.8,51.6,1,49034,5.2,Secondary,0,0,0,0,1,1,4.9,Low,33.2,37.8,0,1
5035,Female,10,15,68.5,22.4,0,5900,2.5,No Schooling,0,1,0,0,0,0,2.5,Low,22.3,21.1,1,1
5036,Male,6,11,80.1,28.5,2,23700,0.8,Primary,0,0,0,0,0,1,0.3,Medium,40.8,14.5,0,0
5037,Female,10,15,82.0,77.6,2,28300,0.1,Graduate,0,0,0,0,0,1,5.4,Medium,16.7,11.7,0,0
5038,Male,6,11,91.7,70.1,1,3000,9.4,Secondary,1,0,0,0,1,0,5.0,Low,58.4,38.4,0,0
5039,Female,7,14,86.4,96.6,0,20800,4.0,Secondary,1,0,0,0,0,1,6.1,Low,57.1,44.4,0,0
5040,Female,9,14,78.5,57.5,3,29100,2.5,Higher Secondary,1,1,0,0,0,0,3.1,Medium,25.2,37.3,0,1
5041,Male,7,13,84.6,55.4,0,19400,1.9,Secondary,1,0,0,1,0,0,2.0,High,62.5,35.3,0,0
5042,Male,10,14,96.4,92.9,1,5900,1.9,Higher Secondary,0,0,1,0,0,1,7.5,Low,24.5,45.5,0,0
5043,Male,6,13,84.2,97.0,0,14400,0.6,Higher Secondary,1,0,1,0,0,1,7.3,Low,46.1,52.1,2,0
5044,Male,8,15,68.7,39.7,0,3000,0.1,No Schooling,0,1,0,1,0,1,2.7,Low,36.3,28.8,0,0
5045,Male,8,12,98.3,69.5,3,3000,0.6,No Schooling,1,1,1,0,0,0,2.4,Low,39.4,43.5,0,0
5046,Female,10,16,67.5,55.7,0,46700,3.0,Higher Secondary,0,0,1,1,0,1,5.1,Low,57.2,35.6,0,0
5047,Male,6,12,55.1,56.9,1,5900,0.2,Primary,0,0,0,1,1,1,2.9,Low,21.8,36.9,1,0
5048,Female,7,11,90.1,64.3,0,3700,4.8,Secondary,0,0,0,1,1,1,2.2,Low,57.0,30.5,0,0
5049,Male,9,16,81.8,55.3,1,6300,0.7,Secondary,0,0,0,0,0,1,5.1,Low,40.4,33.3,1,0
5050,Female,10,17,88.1,83.8,1,30000,1.4,Graduate,0,0,1,0,0,1,4.6,Low,48.5,13.4,0,0
5051,Male,10,17,74.5,32.2,0,18300,4.2,Higher Secondary,0,0,1,0,0,1,5.0,Low,49.8,43.4,0,0
5052,Male,10,16,70.1,51.1,0,5100,6.5,Secondary,0,0,0,0,0,1,4.5,Low,48.5,21.0,0,0
5053,Female,8,14,77.5,54.9,0,7800,0.2,No Schooling,0,0,0,0,0,1,2.2,Low,31.5,13.5,0,0
5054,Male,8,14,82.8,71.0,0,11500,3.7,Secondary,0,0,0,1,0,1,3.8,Low,51.6,18.7,0,0
5055,Female,10,17,77.3,53.6,0,13100,8.9,Graduate,0,0,1,0,0,1,3.4,Low,35.0,30.3,0,0
5056,Male,10,16,73.4,56.4,0,11600,0.2,No Schooling,0,0,0,0,0,1,6.2,Low,30.2,22.2,0,0
5057,Female,9,15,97.9,47.4,1,4200,1.4,Secondary,0,0,0,0,0,1,2.8,Low,35.7,23.0,0,1
5058,Female,9,13,59.6,62.4,1,7000,0.9,Graduate,0,0,0,0,0,1,6.2,Low,38.0,19.8,1,0
5059,Female,10,16,85.3,87.7,1,3800,0.1,No Schooling,0,0,0,0,0,1,5.4,High,67.3,36.7,0,0
5060,Male,6,10,80.6,75.7,1,16000,0.1,Primary,0,0,0,0,0,1,4.4,High,48.7,21.0,0,0
5061,Male,7,12,69.5,93.0,0,7700,1.3,Primary,0,0,0,0,1,0,0.9,Medium,39.8,41.2,0,0
5062,Male,10,17,79.1,90.1,0,10400,1.8,Primary,0,0,0,0,1,1,5.3,Low,65.4,57.4,0,0
5063,Male,8,12,68.1,21.7,2,5100,0.4,No Schooling,0,0,0,0,0,1,0.8,High,24.3,14.4,1,0
5064,Male,6,13,87.9,61.3,0,12800,1.4,Secondary,0,1,1,0,0,1,6.0,Medium,56.5,44.4,0,0
5065,Female,8,13,79.7,85.1,0,13100,0.2,Primary,0,0,0,0,0,1,8.0,High,30.6,47.6,2,0
5066,Male,9,16,74.0,53.1,0,3000,4.0,No Schooling,1,0,1,0,1,1,5.4,Low,10.8,30.8,0,0
5067,Female,10,17,81.0,62.8,1,14300,2.9,Graduate,0,0,0,0,0,1,5.5,Low,54.4,51.7,0,0
5068,Male,9,13,93.9,74.0,1,3600,0.1,Secondary,0,1,1,0,1,1,5.4,Low,56.8,26.7,0,0
5069,Male,6,10,65.2,39.3,0,5100,0.2,Primary,0,0,0,0,0,1,2.9,Low,27.7,12.9,0,0
5070,Male,8,15,85.9,97.8,0,15600,2.8,No Schooling,0,0,1,0,0,1,6.8,Low,76.2,56.8,0,0
5071,Male,6,11,84.4,54.0,0,5200,0.1,Higher Secondary,0,0,0,0,0,1,2.2,Low,45.2,22.3,0,0
5072,Male,10,15,81.7,100.0,1,8900,1.9,Higher Secondary,0,0,0,1,0,0,5.6,Low,48.6,35.0,0,0
5073,Male,6,10,86.6,57.2,1,7700,9.1,Primary,0,0,1,0,1,1,3.3,High,31.8,39.9,0,1
5074,Male,8,14,84.5,54.2,0,3000,2.7,Higher Secondary,0,0,1,0,1,1,2.1,High,38.7,42.1,0,0
5075,Female,8,12,71.8,53.2,1,22100,5.1,Secondary,0,0,1,1,0,1,4.6,Low,36.9,56.1,1,0
5076,Male,8,13,69.8,36.3,2,22300,0.8,No Schooling,0,0,0,0,0,0,3.8,Medium,13.1,15.9,0,1
5077,Male,8,13,94.5,86.5,0,11400,0.1,Secondary,0,0,1,0,0,1,4.4,Low,44.7,39.1,0,0
5078,Male,9,16,72.1,47.8,0,6700,2.7,Higher Secondary,1,1,1,0,0,1,2.6,High,29.8,32.1,1,0
5079,Male,8,13,73.1,44.7,0,8800,1.0,Secondary,0,0,0,0,0,1,4.2,Low,39.9,36.1,0,0
5080,Female,6,13,90.3,90.0,1,21000,2.4,Secondary,0,0,0,0,0,1,4.8,Low,41.8,48.2,0,0
5081,Male,7,13,97.9,30.0,3,5700,0.3,Secondary,0,1,1,0,1,1,1.8,Low,44.6,15.8,0,0
5082,Female,8,13,60.2,33.7,0,6100,0.1,No Schooling,1,1,0,0,0,1,3.4,Low,28.5,40.1,0,1
5083,Male,7,11,64.2,54.2,2,7100,0.3,Secondary,0,1,0,0,1,0,5.2,Low,21.0,44.8,1,0
5084,Male,9,16,84.4,61.3,0,3000,9.2,Primary,0,0,0,0,0,1,5.7,Medium,41.9,36.6,1,0
5085,Female,7,12,88.2,68.8,2,13500,0.9,Primary,0,0,1,0,0,1,3.9,High,49.4,37.5,0,1
5086,Male,10,16,93.9,84.3,2,9500,0.6,Primary,0,0,0,0,0,1,5.5,Low,38.9,38.1,1,0
5087,Female,6,11,84.0,50.2,1,14800,2.0,Primary,0,0,0,0,0,1,2.9,Low,54.1,38.3,1,0
5088,Male,9,14,83.8,87.7,0,5900,4.5,Primary,0,0,1,0,1,1,5.0,Low,31.2,43.3,0,0
5089,Female,6,12,91.4,14.9,0,3000,1.0,Secondary,0,0,0,0,0,1,7.7,Low,49.8,58.5,0,0
5090,Male,8,13,71.9,52.6,0,9100,1.1,Primary,0,0,1,0,0,1,3.8,Low,33.5,27.0,1,0
5091,Male,7,14,92.5,61.1,0,3700,0.6,Primary,0,1,1,0,0,1,3.1,Medium,54.4,29.0,1,0
5092,Female,9,15,79.4,39.6,2,12400,0.2,Primary,0,0,0,0,1,1,1.7,Low,43.8,28.2,0,1
5093,Male,6,13,78.5,96.5,1,13100,1.7,Higher Secondary,0,0,1,1,0,1,5.9,Low,56.1,46.2,0,0
5094,Male,9,14,91.8,43.3,0,37100,1.3,No Schooling,0,0,1,0,0,1,3.6,Low,27.9,15.8,1,0
5095,Female,8,12,91.1,51.2,0,22200,2.5,No Schooling,0,0,1,1,0,0,2.5,Medium,34.1,43.2,0,0
5096,Female,10,14,75.2,61.5,0,10000,2.3,Primary,1,0,1,1,0,1,3.4,Low,24.8,19.5,0,0
5097,Female,9,16,77.3,34.2,3,6900,0.1,Primary,0,0,0,0,0,1,3.6,Medium,25.4,21.2,2,1
5098,Female,8,15,85.2,77.9,1,15400,5.1,Secondary,0,0,0,0,0,1,3.6,High,40.0,36.1,0,0
5099,Female,10,16,91.4,67.8,3,10300,1.6,No Schooling,0,0,1,0,0,1,2.7,Low,35.6,28.8,0,0
5100,Female,6,12,79.0,70.2,0,6000,3.9,Primary,0,0,1,1,1,1,5.6,Low,39.1,45.0,0,0
5101,Female,9,13,88.4,82.6,0,3000,1.4,Secondary,0,0,0,0,1,1,3.7,Low,62.1,48.9,0,0
5102,Male,7,14,76.6,75.8,2,41500,0.6,Secondary,0,1,1,0,0,1,3.5,Low,36.2,42.1,0,1
5103,Male,9,15,87.5,43.4,5,17500,0.3,No Schooling,1,0,1,0,0,1,4.1,Low,30.6,29.5,0,1
5104,Female,6,12,77.9,56.1,0,13000,3.2,Primary,0,0,1,1,0,0,6.3,Medium,52.3,41.6,0,0
5105,Female,7,11,70.9,42.7,0,8700,0.9,Secondary,0,0,1,1,1,1,0.0,Medium,27.3,23.4,2,0
5106,Male,9,15,89.2,59.2,1,31400,4.5,Primary,0,0,1,0,0,1,5.5,Low,27.0,33.7,1,0
5107,Male,8,14,73.5,78.6,1,15500,0.4,Primary,0,0,0,0,0,1,5.4,High,46.9,36.6,0,0
5108,Male,7,14,92.4,55.1,2,3100,1.8,Primary,0,1,0,0,0,1,2.9,Low,55.9,26.8,0,1
5109,Male,8,12,57.3,18.2,1,6900,1.2,No Schooling,0,0,0,0,0,1,0.0,Low,10.5,6.8,1,1
5110,Female,10,14,81.9,65.9,4,14100,3.3,Primary,1,0,1,0,0,1,3.3,Low,40.5,50.5,0,1
5111,Male,6,13,84.4,60.4,0,19300,0.7,No Schooling,1,0,1,0,0,1,3.8,Medium,28.0,13.4,0,0
5112,Female,7,12,79.8,71.6,1,6800,0.9,Higher Secondary,1,1,1,0,0,1,5.9,Low,37.4,22.7,0,0
5113,Female,10,15,83.1,100.0,1,24200,0.1,Primary,0,0,1,1,0,0,4.5,Medium,56.4,45.4,1,0
5114,Female,10,16,86.8,60.9,0,3300,0.5,Graduate,1,0,0,0,0,0,3.6,Low,34.7,12.3,0,0
5115,Male,6,11,72.9,62.2,3,6900,1.3,No Schooling,0,0,1,0,1,1,4.0,Low,33.7,49.8,2,1
5116,Female,8,15,86.2,42.2,0,7100,0.2,Higher Secondary,0,0,1,0,1,1,4.4,Low,33.8,29.9,0,0
5117,Female,6,13,88.3,97.9,1,16100,1.8,No Schooling,1,0,0,0,0,1,3.1,Low,64.1,37.8,0,1
5118,Female,10,15,91.9,57.1,0,20600,0.1,Higher Secondary,0,0,1,0,0,1,3.9,Low,35.3,22.3,1,0
5119,Male,8,12,86.6,33.1,0,20300,0.1,Secondary,0,0,0,0,0,1,2.9,Low,14.1,0.0,0,0
5120,Male,7,14,79.5,74.5,0,3100,1.1,Secondary,0,0,0,0,0,1,6.9,Low,49.0,40.0,0,1
5121,Female,7,13,86.3,41.5,0,9200,4.3,Primary,0,0,1,1,0,1,3.1,Low,55.5,60.9,0,0
5122,Male,8,15,93.8,77.7,0,3000,1.4,No Schooling,0,0,1,0,0,1,3.2,Low,36.9,44.4,1,0
5123,Male,6,11,74.2,40.7,1,8500,3.1,Secondary,0,0,0,0,0,0,1.8,Medium,15.8,4.8,0,0
5124,Female,9,14,85.7,69.3,0,26600,0.1,Primary,1,0,0,0,0,0,2.7,Medium,45.3,25.8,0,0
5125,Female,8,12,75.2,5.2,1,34200,0.6,Primary,0,0,0,0,0,1,0.0,Medium,46.3,23.6,0,0
5126,Male,8,13,75.4,71.8,4,11600,3.8,Primary,0,0,1,1,0,0,3.0,Medium,52.4,41.3,0,1
5127,Male,10,16,82.7,25.7,0,10200,13.8,Higher Secondary,1,1,0,0,1,1,0.0,Medium,43.5,13.4,0,0
5128,Male,6,10,72.2,49.3,0,7300,2.9,No Schooling,0,1,0,0,0,1,4.4,Medium,32.2,23.9,0,0
5129,Female,6,12,98.7,74.9,0,8200,1.0,Higher Secondary,0,0,1,0,1,1,3.8,High,46.3,30.0,0,0
5130,Female,7,13,86.1,66.7,1,22900,2.0,No Schooling,0,0,0,0,0,1,5.3,High,61.7,46.0,1,0
5131,Male,9,16,81.3,100.0,1,4500,0.3,Secondary,0,0,1,0,0,1,6.8,Low,48.6,58.3,1,0
5132,Male,6,10,79.8,38.4,0,6900,0.7,Primary,0,1,1,0,0,1,2.4,Low,23.8,21.9,0,0
5133,Male,9,13,91.6,62.7,2,8400,7.8,No Schooling,0,0,1,0,0,0,2.9,Low,64.9,37.8,0,0
5134,Male,8,13,76.3,62.0,0,5000,2.2,Primary,0,0,0,0,0,1,5.5,Low,50.1,46.7,0,0
5135,Female,8,15,79.6,72.1,1,11700,1.0,Secondary,0,0,0,0,1,1,2.4,High,51.3,26.1,0,0
5136,Male,8,12,78.6,64.9,2,24400,1.6,Higher Secondary,0,0,0,0,1,1,3.5,Low,44.5,29.9,0,0
5137,Male,6,13,60.1,100.0,3,12800,0.2,Secondary,0,1,0,0,0,0,5.3,High,52.3,50.7,0,1
5138,Male,7,14,82.2,59.2,0,5000,2.7,Primary,0,0,0,0,0,0,3.5,High,32.9,24.7,1,0
5139,Male,9,13,83.4,81.7,0,4800,10.3,Secondary,1,1,1,1,1,1,3.5,Medium,64.0,46.7,0,0
5140,Female,7,12,84.6,94.6,0,3400,3.2,No Schooling,1,0,0,0,0,1,4.8,Low,51.3,28.3,0,0
5141,Female,8,13,82.6,83.5,0,7600,0.5,Secondary,0,1,0,0,0,1,5.8,Medium,39.9,18.8,1,0
5142,Female,10,15,55.5,61.2,1,4500,1.8,Secondary,0,0,1,1,1,1,5.5,Medium,27.7,40.7,0,0
5143,Male,6,13,64.4,12.3,1,9600,0.9,Graduate,0,0,1,0,0,1,1.1,Low,25.1,4.4,0,0
5144,Female,8,13,85.7,77.2,0,5000,0.7,Secondary,1,0,1,0,1,1,4.5,Low,40.1,26.9,0,0
5145,Male,7,13,78.7,65.2,0,3000,1.8,Secondary,1,0,1,0,0,0,5.3,High,31.2,22.2,0,0
5146,Female,6,10,88.3,52.1,4,3000,0.1,Primary,0,0,1,0,0,1,4.1,Low,35.9,32.4,2,0
5147,Female,10,16,89.5,61.5,0,12600,0.7,Primary,0,0,1,0,1,0,6.0,High,59.3,38.9,0,0
5148,Male,10,15,85.0,35.8,1,3100,0.8,No Schooling,0,0,0,0,0,1,3.5,Low,48.0,21.8,0,0
5149,Female,7,14,57.4,80.9,0,11500,0.1,Primary,0,0,0,0,0,0,5.6,Low,15.4,28.6,1,0
5150,Male,10,17,95.8,78.5,0,5100,0.5,Primary,0,0,1,1,0,1,5.2,High,16.1,35.9,1,0
5151,Female,6,10,79.0,19.0,0,9700,3.9,Higher Secondary,0,1,1,0,0,1,2.2,Low,27.8,9.8,0,0
5152,Male,10,16,97.8,77.9,0,7800,0.2,No Schooling,0,0,0,0,1,1,6.2,Low,57.2,32.1,1,0
5153,Male,10,15,61.1,51.1,0,9000,0.4,No Schooling,0,0,0,0,0,1,3.9,Low,38.0,18.0,1,0
5154,Male,6,11,77.3,24.4,2,15800,0.8,Primary,1,0,1,1,0,1,3.5,Low,35.9,29.5,0,1
5155,Male,8,13,86.8,71.9,3,4900,0.2,Secondary,0,1,1,0,1,1,7.3,Low,43.7,28.5,0,0
5156,Male,9,16,78.4,100.0,0,23000,1.6,Primary,0,0,1,0,0,1,5.3,Medium,54.6,40.3,0,0
5157,Male,7,12,88.6,26.4,1,13800,0.6,No Schooling,1,1,0,0,0,1,1.7,High,20.9,15.1,1,1
5158,Female,7,11,95.0,55.3,0,6400,1.7,Primary,0,1,1,0,1,0,3.6,Low,23.7,43.9,0,0
5159,Male,8,12,91.2,41.2,0,6900,0.3,Secondary,0,0,0,0,1,1,3.6,Low,30.1,0.0,0,0
5160,Male,6,13,58.3,8.4,0,8800,0.6,Secondary,0,0,0,0,0,1,3.5,High,25.7,13.7,1,0
5161,Female,6,11,61.9,13.5,0,6000,0.7,No Schooling,0,0,0,1,0,1,3.8,Low,32.1,14.7,0,0
5162,Female,7,11,68.9,22.0,0,3000,2.1,No Schooling,1,1,0,0,0,1,1.8,Low,31.8,32.9,0,1
5163,Male,9,14,90.6,98.3,0,4100,5.6,Graduate,0,0,0,0,0,1,5.6,Medium,37.0,44.3,0,0
5164,Male,7,14,88.8,83.6,0,4100,10.6,Graduate,0,0,0,0,0,0,6.8,Low,67.0,58.7,0,0
5165,Female,8,15,67.7,44.9,0,7000,4.9,No Schooling,0,0,0,1,0,1,0.2,Medium,35.3,24.1,0,0
5166,Female,6,13,66.8,96.0,1,3400,3.7,Secondary,0,1,0,1,0,1,5.1,Low,33.4,25.5,1,0
5167,Male,6,12,87.7,64.4,3,14500,0.6,Secondary,0,0,0,0,0,1,3.5,Medium,28.4,27.9,2,0
5168,Female,9,16,69.0,40.3,0,8900,1.5,Secondary,0,0,0,0,0,0,0.1,Low,26.2,32.4,0,0
5169,Male,6,13,81.4,60.3,0,6000,1.0,Primary,0,0,0,0,1,0,6.2,Low,53.2,53.5,0,0
5170,Male,9,13,89.9,56.0,0,4600,0.8,No Schooling,0,0,1,0,1,0,2.9,Low,56.0,19.3,0,0
5171,Female,7,12,95.4,38.6,5,8200,1.0,Higher Secondary,0,0,1,0,1,1,4.7,Low,39.4,20.8,0,0
5172,Female,9,15,60.7,55.2,2,15600,0.4,Primary,0,0,0,1,1,0,3.6,Low,22.5,0.0,0,1
5173,Female,7,12,64.9,56.1,0,3000,1.8,Primary,1,0,1,0,0,1,3.9,Low,44.0,30.5,1,0
5174,Male,10,17,85.0,33.1,0,3000,3.1,Primary,0,1,0,0,1,1,1.6,Low,41.3,8.7,2,0
5175,Male,6,13,48.0,72.5,0,3900,6.2,No Schooling,0,0,0,0,0,0,3.1,Low,39.9,19.0,0,0
5176,Male,10,16,82.2,71.2,0,3200,2.5,Graduate,0,0,0,0,0,1,4.2,Medium,41.5,21.2,0,0
5177,Male,7,11,87.8,46.5,0,3000,0.7,Secondary,0,0,0,0,0,1,3.4,Low,53.8,44.7,0,0
5178,Male,6,11,97.3,43.2,0,8100,2.1,Primary,0,0,0,0,0,1,4.4,Medium,52.5,13.1,0,0
5179,Male,8,12,74.8,72.5,1,7900,0.3,Secondary,0,0,0,0,1,0,3.8,Low,35.3,38.7,1,0
5180,Female,7,12,92.0,73.8,2,6200,5.9,No Schooling,1,0,0,0,0,1,5.5,High,34.3,24.2,0,0
5181,Female,8,12,86.4,95.4,0,9300,3.4,No Schooling,0,0,0,1,0,1,4.6,Medium,45.3,41.5,1,0
5182,Male,9,13,71.3,78.1,0,7600,3.9,Graduate,0,0,1,1,0,1,3.1,Low,37.5,22.2,0,0
5183,Male,9,13,78.4,25.8,1,4800,0.3,Primary,0,0,1,0,0,1,2.6,Low,12.5,3.9,1,0
5184,Female,8,13,95.8,41.4,5,6000,0.2,Graduate,1,0,0,1,1,1,5.7,Low,38.7,24.4,0,1
5185,Male,10,14,81.8,69.0,3,9400,2.4,Primary,0,0,1,1,0,1,5.5,Low,28.3,17.0,1,1
5186,Female,8,12,82.8,90.8,0,3500,0.2,Primary,0,0,1,0,1,1,4.2,Low,43.2,29.2,0,0
5187,Male,6,11,86.6,68.6,0,9900,2.8,No Schooling,1,1,0,0,0,1,4.4,Medium,30.5,34.8,0,0
5188,Female,9,15,70.6,60.0,3,3000,8.1,Primary,0,0,1,0,0,0,4.7,Medium,49.0,32.4,0,0
5189,Female,7,13,83.2,32.7,1,7900,1.2,Primary,1,0,1,0,1,1,1.6,Low,16.4,17.2,0,0
5190,Female,6,11,81.0,89.0,0,10100,5.8,No Schooling,0,1,1,1,0,0,5.8,Low,48.0,22.0,0,0
5191,Female,6,12,74.6,99.8,1,4100,1.4,No Schooling,0,0,1,0,1,0,3.4,Medium,56.6,57.5,0,0
5192,Female,7,11,64.1,32.8,0,17100,0.6,Secondary,0,0,0,0,1,1,0.0,Low,32.4,29.3,0,1
5193,Male,7,13,72.3,77.4,1,18000,3.0,No Schooling,0,0,0,0,0,1,3.7,Low,44.1,11.7,0,0
5194,Female,7,11,75.0,64.0,3,9400,0.2,No Schooling,0,0,0,0,1,1,4.5,High,29.0,19.6,0,0
5195,Female,8,12,84.7,81.0,0,25200,1.9,Secondary,1,0,1,1,0,1,7.2,Low,54.6,53.8,0,0
5196,Female,9,16,85.4,90.8,0,4600,0.6,Primary,1,0,0,0,0,1,2.7,Low,39.0,43.2,0,0
5197,Male,10,15,82.3,92.5,0,15000,1.8,Higher Secondary,1,0,1,0,0,0,6.4,High,48.9,34.6,0,0
5198,Male,6,12,87.5,74.7,0,21800,2.2,Secondary,0,0,1,0,0,1,4.1,Medium,46.0,34.8,0,0
5199,Female,6,11,82.0,63.6,0,3600,0.5,No Schooling,1,0,0,0,1,1,4.1,Low,29.6,41.6,0,0
5200,Female,8,14,77.8,73.3,1,8600,1.4,Secondary,0,0,0,0,0,1,3.9,Low,41.3,37.3,0,0
5201,Male,6,12,71.6,54.7,0,3000,1.4,Higher Secondary,0,0,1,0,0,0,1.8,Low,42.0,39.5,0,0
5202,Male,7,14,89.2,100.0,2,14500,0.6,Secondary,0,0,0,0,0,1,4.5,Medium,46.0,30.4,0,0
5203,Male,8,12,85.8,70.1,2,26000,3.2,Secondary,0,0,1,0,0,1,3.7,Low,36.3,21.4,1,0
5204,Male,9,15,87.2,95.7,0,5500,0.9,Graduate,0,0,0,0,0,1,5.0,High,42.5,55.5,0,0
5205,Male,6,13,71.9,86.3,0,7900,0.7,Secondary,0,0,0,0,0,1,6.8,Medium,43.4,32.1,0,0
5206,Male,9,14,91.1,45.6,1,5700,0.9,Primary,0,0,1,0,0,1,2.9,Low,40.6,54.0,0,0
5207,Male,9,14,82.7,58.8,4,46400,1.8,No Schooling,0,0,1,0,0,1,5.2,Low,44.7,22.9,0,0
5208,Female,10,16,88.9,43.7,0,4300,0.3,Primary,1,0,0,0,0,1,5.2,Low,69.8,50.7,0,0
5209,Male,7,13,61.2,46.5,2,4300,0.9,Primary,0,0,0,0,1,0,0.8,High,33.3,16.5,1,0
5210,Male,9,14,77.4,78.8,4,12000,0.4,No Schooling,0,0,1,0,0,1,4.1,Low,45.4,24.7,1,0
5211,Male,9,16,80.5,30.2,2,7600,6.0,Secondary,0,0,0,0,0,0,1.5,Low,45.3,25.5,0,1
5212,Male,7,13,92.7,100.0,1,47000,2.5,Primary,0,0,1,1,0,1,5.3,Low,42.7,44.5,0,0
5213,Female,8,14,86.6,76.5,3,32500,1.8,Secondary,0,0,1,0,0,1,4.2,Medium,43.2,21.3,1,0
5214,Female,9,13,81.7,87.6,0,12500,2.2,No Schooling,0,0,1,0,0,0,4.8,Low,22.8,25.1,0,0
5215,Male,7,13,70.2,66.8,2,15600,2.9,No Schooling,0,0,1,0,0,0,6.6,Low,47.9,35.6,0,0
5216,Male,8,15,60.2,48.6,1,13500,0.1,Secondary,0,0,0,1,0,1,4.2,High,3.9,26.4,0,1
5217,Male,8,14,97.0,88.1,0,16800,1.2,No Schooling,0,0,1,0,0,1,6.1,Low,37.1,55.0,0,0
5218,Male,9,15,67.4,94.8,2,11700,2.6,Higher Secondary,1,0,1,0,1,0,8.0,Low,18.8,42.7,0,0
5219,Male,6,12,84.3,90.6,1,4000,5.7,Primary,1,0,1,0,0,1,2.2,Medium,60.0,31.8,0,0
5220,Male,8,12,87.9,97.3,2,4600,2.9,Secondary,0,0,0,0,1,1,6.4,Low,28.0,43.0,1,0
5221,Male,6,10,84.8,45.5,0,16000,0.2,Secondary,0,0,0,0,0,1,1.9,Low,42.4,20.1,0,0
5222,Female,9,15,51.4,71.3,1,5700,0.4,No Schooling,0,0,1,0,0,1,3.9,Low,8.8,16.7,0,1
5223,Male,9,13,89.3,51.6,0,20700,3.3,Secondary,1,0,0,0,0,1,3.4,Medium,52.3,8.0,0,0
5224,Male,8,12,66.3,46.7,1,13500,3.6,Secondary,1,0,1,0,0,1,1.7,Low,48.6,29.2,0,0
5225,Male,8,15,95.2,48.9,1,3500,0.3,Higher Secondary,0,0,0,0,1,0,1.7,Low,40.7,28.8,0,0
5226,Male,7,12,74.7,37.6,1,3600,2.1,Primary,1,0,1,0,0,1,3.1,High,13.2,16.2,1,1
5227,Male,7,14,91.3,73.5,2,3200,2.2,Primary,0,1,1,0,0,1,5.7,Medium,42.1,48.4,0,0
5228,Male,9,16,91.0,82.5,0,14000,3.5,Secondary,1,0,0,0,0,0,3.3,Medium,53.6,29.4,0,0
5229,Male,6,10,74.1,100.0,1,18300,4.5,Higher Secondary,0,0,0,0,0,1,3.5,Low,40.4,66.6,1,0
5230,Male,9,16,72.8,91.3,0,6200,13.8,No Schooling,0,0,0,0,0,1,2.9,Medium,31.6,25.6,1,0
5231,Female,9,14,95.4,86.2,1,8100,0.8,Primary,0,0,0,0,1,0,5.9,Low,54.3,29.9,0,0
5232,Female,10,16,88.3,89.8,0,10100,1.7,Secondary,0,0,0,0,0,1,5.0,Low,66.9,46.5,0,0
5233,Male,7,11,83.6,69.7,0,15000,0.1,Secondary,0,0,1,0,1,1,5.1,Medium,67.7,48.6,0,0
5234,Male,8,13,68.7,50.8,0,6300,1.2,Graduate,1,1,1,0,0,1,6.7,Low,41.5,12.5,0,0
5235,Female,6,12,87.6,73.8,0,11000,2.6,Graduate,0,0,0,0,1,1,2.4,Medium,27.3,16.7,1,0
5236,Female,10,15,92.0,72.4,0,7700,0.8,Primary,1,0,1,0,0,1,6.1,Low,73.3,43.0,0,0
5237,Male,9,15,85.1,75.5,1,3000,12.7,Higher Secondary,0,0,0,0,0,1,5.9,Medium,37.8,17.3,0,0
5238,Male,8,12,90.7,86.3,0,21100,2.2,No Schooling,0,0,1,0,0,1,6.1,Low,49.1,39.5,0,0
5239,Male,9,13,86.7,46.1,0,10100,0.5,Secondary,0,0,1,0,0,1,3.2,Low,39.5,36.1,0,0
5240,Female,7,13,95.9,85.6,0,7100,3.9,No Schooling,0,0,0,0,0,0,4.0,High,54.2,45.8,0,0
5241,Male,8,13,76.7,80.2,1,46562,4.3,No Schooling,0,0,1,0,1,0,4.1,High,3.5,34.1,1,1
5242,Male,9,15,70.0,56.3,0,4900,4.2,Graduate,0,0,0,1,0,1,1.1,Low,53.3,17.5,1,0
5243,Male,6,11,81.2,55.3,0,3000,0.1,Graduate,0,0,0,0,0,1,2.6,High,35.2,29.9,0,0
5244,Male,10,14,86.3,91.9,0,3700,2.8,Graduate,0,0,1,1,1,0,5.0,Low,50.3,39.4,2,0
5245,Male,10,16,82.2,42.9,0,4200,1.5,Higher Secondary,0,0,0,0,1,0,2.1,Low,43.5,13.5,0,0
5246,Female,10,14,63.4,59.7,2,5500,0.7,No Schooling,0,0,0,0,1,0,5.3,Low,28.0,27.4,0,1
5247,Male,9,16,74.0,60.3,0,20400,1.3,No Schooling,0,1,1,1,0,1,4.6,Low,31.7,19.2,1,0
5248,Male,7,11,88.0,72.9,0,12300,7.0,No Schooling,0,1,1,0,0,1,6.0,High,53.0,30.1,0,0
5249,Male,8,15,93.6,71.9,0,4300,0.5,Primary,1,0,1,1,1,1,5.1,High,57.6,25.3,2,0
5250,Female,6,11,80.3,40.6,2,3000,6.1,Graduate,0,0,0,0,1,1,0.0,Low,35.6,48.3,0,1
5251,Male,9,16,93.9,48.3,3,4300,0.6,Higher Secondary,0,0,0,0,1,1,3.1,Low,50.0,19.1,1,1
5252,Male,6,10,88.1,100.0,1,22300,1.4,Secondary,0,0,0,0,0,1,5.4,Medium,61.0,52.9,0,0
5253,Male,10,15,90.0,71.1,1,12900,1.3,Higher Secondary,1,0,1,0,0,1,1.5,Low,45.2,14.2,0,0
5254,Female,7,12,78.9,73.3,2,7100,0.7,Graduate,1,0,0,0,0,1,4.1,Medium,44.8,10.8,0,0
5255,Female,6,10,78.3,54.6,0,8000,0.4,Higher Secondary,0,0,0,0,0,1,2.9,Low,31.0,19.4,0,0
5256,Female,6,11,80.3,57.1,0,18100,2.1,Graduate,0,0,0,0,1,1,6.2,Low,42.1,38.7,0,0
5257,Female,9,13,87.7,65.1,0,8000,3.2,Graduate,0,0,0,0,0,1,6.3,Medium,53.7,54.2,1,0
5258,Male,6,11,66.8,74.0,0,39600,0.5,Primary,0,1,0,0,0,1,3.5,High,56.4,40.3,0,0
5259,Male,6,11,75.3,61.8,0,8600,2.3,No Schooling,0,0,0,0,0,0,1.1,Low,44.5,7.0,1,0
5260,Male,6,10,80.8,46.6,0,4200,3.5,Primary,0,1,0,0,1,1,3.6,Medium,42.3,26.4,0,0
5261,Female,7,14,80.5,86.2,0,3000,1.3,Graduate,0,0,0,0,0,1,6.2,Medium,51.2,51.2,0,1
5262,Female,10,16,86.3,58.6,0,11000,1.5,Primary,0,0,0,0,1,1,3.2,High,26.5,10.5,1,0
5263,Male,8,15,81.6,98.8,2,7000,2.0,No Schooling,1,0,1,0,0,0,6.6,Low,42.4,27.1,2,0
5264,Female,7,14,87.4,72.6,1,4200,0.4,Secondary,0,0,0,0,0,0,2.9,Medium,52.2,16.4,1,0
5265,Male,6,11,94.9,78.3,2,13200,1.0,No Schooling,0,0,1,0,1,1,6.8,Low,52.8,55.0,0,0
5266,Male,6,11,70.2,67.4,1,9800,1.2,Higher Secondary,0,0,0,0,0,1,2.7,Low,21.1,29.5,0,0
5267,Male,7,14,85.2,76.8,0,5900,4.5,Primary,0,0,0,1,0,1,3.0,Medium,59.4,52.2,0,0
5268,Female,6,11,85.3,63.9,1,10000,5.1,Higher Secondary,0,0,0,0,0,0,2.7,Low,30.1,25.1,0,0
5269,Female,6,10,68.9,45.0,1,7400,3.1,Primary,1,1,0,1,0,0,3.0,Medium,68.3,28.0,1,1
5270,Male,6,12,87.2,44.6,0,15500,3.0,Secondary,0,1,1,0,1,1,0.9,Low,52.2,15.5,0,0
5271,Female,7,14,81.3,73.7,0,8600,1.5,Secondary,0,0,0,0,0,1,4.7,Low,54.5,56.4,1,0
5272,Female,9,13,82.9,60.8,0,6200,0.5,Primary,0,0,0,0,1,1,3.7,Medium,37.1,31.6,0,0
5273,Female,6,12,90.8,70.6,2,19400,0.8,No Schooling,1,1,1,1,0,0,5.8,Low,45.7,37.1,0,0
5274,Female,9,14,84.6,72.0,1,3800,0.6,Higher Secondary,0,0,0,0,0,1,4.6,Low,39.3,43.0,0,0
5275,Male,8,13,91.1,63.5,1,3000,0.4,Secondary,0,0,0,0,1,0,4.1,Low,20.4,27.0,0,0
5276,Female,10,15,62.9,56.8,5,5300,4.7,Primary,0,0,1,1,0,1,1.7,Low,60.1,3.6,0,1
5277,Female,6,10,76.1,79.8,0,3000,3.9,Primary,0,0,1,0,0,0,7.3,High,47.6,18.6,0,0
5278,Female,9,14,56.2,61.3,0,3000,1.1,Higher Secondary,1,0,1,0,0,1,1.4,High,22.7,28.7,0,1
5279,Male,10,15,88.7,78.3,0,6900,0.3,Graduate,0,0,1,0,0,1,4.6,High,46.3,46.5,2,0
5280,Female,10,17,91.8,59.3,0,8400,0.2,Primary,0,0,1,0,1,1,4.9,High,63.3,35.1,0,0
5281,Female,9,13,88.9,75.8,0,6700,3.3,Secondary,0,0,1,1,1,1,5.2,Medium,39.2,27.2,0,0
5282,Male,6,13,86.7,67.8,0,11500,1.6,Secondary,0,0,0,0,1,1,4.7,Low,42.4,49.1,0,0
5283,Female,10,14,90.9,85.2,0,5800,0.7,No Schooling,0,0,1,0,0,1,6.4,Medium,35.0,26.0,0,0
5284,Male,9,14,84.8,95.0,0,3000,2.0,Primary,0,0,0,0,0,1,7.5,Low,27.2,35.4,0,0
5285,Male,6,11,76.9,67.6,0,13700,13.7,Graduate,0,0,0,0,0,1,5.0,Medium,47.7,27.9,0,0
5286,Male,6,11,82.3,89.5,1,7600,0.1,Primary,0,0,0,1,0,0,6.0,Low,40.3,53.0,0,0
5287,Female,10,17,80.5,56.9,0,13200,8.1,Primary,0,0,0,0,0,1,4.0,Medium,31.9,26.5,0,0
5288,Female,6,13,80.0,56.7,0,12600,8.7,Secondary,0,0,0,0,0,0,2.0,Low,35.6,23.6,0,0
5289,Male,9,15,68.0,31.0,0,17300,0.6,Primary,0,0,0,0,1,0,4.2,Medium,35.0,19.5,0,0
5290,Female,7,13,62.5,29.9,0,4400,0.4,Higher Secondary,0,1,0,0,0,1,0.7,Low,26.4,15.3,0,0
5291,Male,9,15,67.4,23.3,1,3500,0.4,Graduate,1,0,1,1,0,1,3.0,Low,22.5,15.0,1,0
5292,Male,6,13,83.5,51.7,0,7600,5.1,Secondary,1,0,1,1,1,1,2.2,Low,35.8,30.2,0,0
5293,Female,9,16,71.4,47.7,0,7300,2.0,Secondary,0,0,1,0,1,1,3.5,High,28.6,32.2,0,0
5294,Female,8,15,92.6,69.0,0,19400,3.0,Primary,0,1,0,0,1,1,3.8,Low,43.3,38.6,0,0
5295,Female,10,14,82.3,50.4,0,11600,0.1,Secondary,0,1,0,0,0,1,2.1,Low,30.5,36.5,0,0
5296,Female,6,11,76.3,83.2,1,9000,7.7,Higher Secondary,0,0,0,0,0,0,4.8,Low,73.1,37.2,0,1
5297,Female,6,11,61.6,52.3,0,3500,0.6,Secondary,0,0,0,0,0,1,2.7,Low,28.2,41.9,0,0
5298,Male,6,10,91.9,86.8,1,4900,2.8,No Schooling,0,0,0,0,0,1,6.2,Medium,48.5,54.5,0,0
5299,Male,6,13,93.8,93.1,2,3000,1.6,Secondary,1,0,0,0,0,0,6.1,Low,36.9,41.4,0,1
5300,Male,10,14,81.2,100.0,2,4600,1.3,No Schooling,1,0,0,0,1,1,7.4,Low,58.1,67.5,0,0
5301,Female,6,13,95.4,84.5,2,9200,4.9,Primary,1,1,0,0,0,1,2.6,Low,57.5,49.3,1,0
5302,Female,6,13,86.0,57.7,0,11100,2.8,Graduate,0,0,0,0,1,0,2.1,Medium,31.8,11.4,0,0
5303,Female,9,15,98.1,99.7,1,12700,1.1,Primary,0,0,0,0,0,1,4.8,High,52.0,23.1,0,0
5304,Male,7,12,57.7,57.8,0,13800,5.5,Higher Secondary,0,0,0,0,1,1,4.9,Medium,19.0,20.9,1,0
5305,Male,7,12,95.4,93.0,1,12100,1.5,Primary,0,0,1,0,1,1,4.5,Medium,50.0,40.1,1,0
5306,Female,9,15,82.2,80.0,0,5300,2.7,Primary,0,1,1,0,0,1,4.7,Low,27.2,43.2,0,0
5307,Female,7,13,90.3,80.0,3,4700,2.5,Secondary,0,0,0,0,0,1,2.5,Medium,49.8,39.2,0,0
5308,Male,10,16,90.9,64.3,0,20100,0.4,Secondary,0,0,0,0,1,1,4.2,Medium,48.7,25.2,0,0
5309,Male,9,15,82.5,58.3,2,6200,4.5,Secondary,0,0,0,1,0,1,4.8,Low,24.4,29.3,1,0
5310,Male,7,14,90.1,76.6,0,6400,7.1,Primary,0,1,1,0,0,0,8.0,Low,45.9,36.5,0,0
5311,Male,8,15,87.7,60.2,0,7500,2.3,No Schooling,0,0,1,0,0,1,4.5,Low,27.0,14.6,0,0
5312,Male,10,17,97.2,11.9,1,3000,0.1,Primary,0,0,0,0,0,0,7.6,Medium,36.3,25.9,0,0
5313,Male,7,12,90.1,35.5,1,7100,1.7,Secondary,0,0,1,0,1,0,1.8,Low,48.0,32.7,0,0
5314,Female,9,13,79.8,95.6,0,3000,5.2,No Schooling,1,0,1,0,0,1,4.1,Low,46.6,55.9,0,0
5315,Male,7,12,87.2,52.2,0,12600,0.3,No Schooling,0,0,0,1,0,1,4.6,Low,58.0,60.2,1,0
5316,Male,8,13,94.2,78.1,3,5900,4.3,Secondary,0,0,0,0,0,1,5.4,Low,58.6,53.3,0,0
5317,Male,9,14,98.0,6.7,0,5400,1.1,Primary,0,0,0,0,0,0,3.1,High,33.8,22.8,0,0
5318,Female,6,12,81.4,31.4,1,3000,3.8,Secondary,0,0,0,0,0,1,2.5,Low,40.3,20.0,1,0
5319,Male,8,15,69.9,61.8,0,10100,4.7,No Schooling,0,0,0,0,0,1,5.4,Low,26.5,3.3,0,0
5320,Male,6,13,84.4,57.0,0,43300,1.2,Higher Secondary,0,0,0,0,0,1,4.8,Low,39.8,40.2,0,0
5321,Male,9,15,94.8,60.0,1,5400,0.3,Higher Secondary,0,1,0,0,0,1,4.1,Medium,40.9,15.8,0,0
5322,Female,8,14,63.0,55.5,0,7800,3.3,No Schooling,1,0,0,0,1,0,3.7,High,33.1,34.5,0,1
5323,Female,7,12,70.7,96.6,1,24500,0.3,No Schooling,1,0,1,0,0,1,6.4,Low,49.6,37.1,0,0
5324,Male,6,12,72.2,100.0,0,42600,8.6,Secondary,1,1,1,0,0,1,3.5,Low,44.9,25.2,0,0
5325,Male,10,15,96.2,70.9,0,3500,1.9,No Schooling,0,0,0,1,0,0,6.0,Low,28.0,28.9,0,0
5326,Male,7,14,95.0,1.8,0,18900,4.1,Primary,1,0,0,0,1,1,6.9,Low,34.0,58.9,0,0
5327,Female,7,14,83.3,44.5,0,3000,1.4,Higher Secondary,0,0,1,0,0,1,2.4,High,40.8,14.0,0,0
5328,Female,6,11,56.3,27.5,4,3000,2.6,Secondary,1,0,0,0,1,0,3.4,High,32.3,6.4,3,1
5329,Male,8,14,72.4,46.4,0,3000,5.4,Graduate,0,0,0,0,0,1,0.7,Low,46.8,16.1,0,0
5330,Male,7,11,96.6,78.9,1,6300,0.2,Higher Secondary,0,0,0,0,1,1,4.0,Medium,52.8,28.1,0,1
5331,Female,10,15,81.4,85.8,2,3000,0.3,Primary,0,0,1,0,0,1,3.6,Low,33.9,51.9,0,0
5332,Female,9,16,76.1,91.8,0,20300,0.2,Graduate,0,0,1,0,0,1,3.0,Low,44.5,34.8,0,0
5333,Male,6,12,86.0,82.4,1,8300,1.7,Primary,0,0,0,0,1,1,4.1,Medium,55.2,42.6,0,0
5334,Male,8,14,79.6,100.0,2,12500,11.6,Secondary,0,1,0,0,0,1,7.3,Low,36.5,52.3,0,0
5335,Male,7,11,84.0,92.5,0,6400,10.4,Primary,0,0,1,0,0,0,6.4,High,50.9,38.0,0,0
5336,Female,6,13,74.8,49.8,2,5400,5.7,Secondary,1,0,0,0,0,1,4.0,High,54.1,15.7,2,1
5337,Female,8,15,79.0,70.2,4,7600,0.4,Primary,0,0,0,0,1,1,4.5,Low,32.0,29.9,0,1
5338,Female,6,11,76.9,25.8,0,31700,1.6,Primary,1,0,0,0,0,1,0.9,Medium,35.6,19.2,2,0
5339,Female,10,17,97.5,62.0,0,9300,1.3,Secondary,0,0,1,0,0,0,4.8,Low,37.3,34.9,1,0
5340,Male,8,14,90.5,44.0,3,9100,5.7,Secondary,0,1,1,1,0,1,5.9,Low,34.8,22.5,0,0
5341,Male,6,11,37.2,39.8,0,3900,1.1,Primary,0,0,1,0,1,1,1.9,High,26.7,3.8,2,1
5342,Male,10,15,94.3,72.2,0,4000,0.4,Higher Secondary,0,0,0,1,0,0,7.1,Medium,8.9,52.3,0,0
5343,Female,8,14,81.0,62.0,0,5000,12.2,Higher Secondary,0,0,0,0,0,1,3.4,High,51.2,37.0,0,0
5344,Female,6,11,70.3,67.0,1,12500,0.5,Primary,0,0,0,1,0,1,4.2,Medium,48.9,32.4,0,0
5345,Male,8,14,69.1,89.7,3,10200,0.1,Secondary,0,0,0,0,0,1,5.0,Low,47.7,21.7,0,0
5346,Male,10,14,80.8,71.8,0,3000,10.5,Graduate,0,0,1,1,0,1,4.4,Low,52.4,11.8,0,0
5347,Female,7,12,90.6,58.3,2,11100,1.0,Secondary,0,0,0,0,1,1,4.6,Medium,41.7,33.5,1,0
5348,Female,7,13,79.4,89.5,0,13400,0.5,Primary,0,0,0,1,0,1,3.3,High,43.0,39.1,0,0
5349,Female,8,15,71.4,30.6,1,12200,3.0,Secondary,1,0,0,0,0,1,1.7,Low,53.9,16.2,0,0
5350,Male,7,12,70.0,78.7,0,12100,0.1,Primary,0,0,0,1,0,1,6.4,Low,28.9,29.6,2,0
5351,Female,6,12,60.5,47.8,2,12300,0.1,Primary,0,0,0,0,0,1,2.0,Medium,24.0,16.6,0,1
5352,Female,8,13,88.3,13.2,0,10500,1.4,Secondary,0,1,1,0,0,1,3.4,Low,34.8,11.2,0,1
5353,Female,10,17,70.3,64.2,1,3200,2.2,No Schooling,0,1,0,0,0,1,2.9,Low,30.7,31.1,0,1
5354,Female,9,14,59.8,31.6,0,16000,0.2,No Schooling,1,0,1,1,0,1,2.0,High,34.7,22.0,1,0
5355,Female,6,12,71.7,100.0,1,27000,0.3,Secondary,0,0,0,0,0,1,5.6,Medium,27.5,48.0,0,0
5356,Female,7,12,64.1,77.5,1,19700,0.8,Primary,0,0,1,0,1,1,5.5,Low,66.4,46.5,0,1
5357,Female,6,11,88.6,60.1,0,9800,1.1,No Schooling,0,0,0,0,0,1,5.5,Medium,26.5,29.3,0,0
5358,Male,7,13,66.6,76.8,0,7700,1.4,Graduate,0,1,0,0,0,1,5.4,Low,35.2,35.6,0,0
5359,Male,9,15,72.5,36.0,0,5200,1.8,Graduate,0,0,1,0,0,0,3.3,Medium,34.2,34.8,0,0
5360,Female,7,13,91.0,76.9,0,3000,0.8,Primary,1,1,1,0,0,0,3.3,Low,55.8,32.6,0,0
5361,Female,10,17,79.1,100.0,0,15900,5.9,Secondary,0,0,0,1,1,1,6.6,Low,38.8,40.8,0,0
5362,Male,8,14,70.1,37.7,5,3000,2.6,Higher Secondary,0,0,0,0,0,0,7.4,Low,36.2,7.1,1,1
5363,Male,9,16,81.4,97.1,0,6300,10.7,Primary,1,0,0,0,0,1,6.5,Low,52.6,28.8,0,0
5364,Female,10,15,70.5,74.4,0,6200,1.6,Primary,0,0,0,0,0,1,6.5,Low,50.1,31.1,0,0
5365,Female,9,15,91.0,78.6,0,19500,2.0,Secondary,0,0,0,0,1,1,5.3,Medium,49.6,47.4,0,0
5366,Female,10,15,76.4,75.0,0,12900,3.2,Primary,0,0,1,0,0,1,5.4,Low,33.3,23.9,0,0
5367,Male,9,15,74.9,54.4,3,5300,2.4,Primary,0,0,0,0,0,1,2.0,Medium,40.1,25.4,0,1
5368,Female,8,12,73.1,39.2,1,7500,1.0,Secondary,0,0,1,0,1,1,3.0,Low,37.6,15.9,0,0
5369,Female,7,14,90.0,5.4,0,7000,2.7,Higher Secondary,0,0,1,0,0,1,0.0,High,49.4,27.4,0,0
5370,Male,7,13,78.7,46.9,1,12500,2.5,No Schooling,0,0,1,0,0,1,1.3,Medium,31.3,18.5,0,1
5371,Male,10,16,68.1,43.6,0,4000,4.7,Primary,0,0,0,0,0,0,2.7,Low,38.9,11.6,1,0
5372,Female,6,13,79.6,44.4,0,10000,8.3,Higher Secondary,0,0,1,0,0,1,3.4,Medium,37.0,41.0,0,0
5373,Male,10,15,59.7,46.0,0,7000,0.2,Secondary,0,1,1,0,1,1,5.2,Medium,35.7,7.9,0,0
5374,Female,7,12,80.7,15.6,0,45000,3.0,Graduate,0,0,1,0,0,1,2.2,High,23.9,6.4,0,1
5375,Female,9,15,92.2,45.8,1,4700,0.1,Secondary,1,0,0,1,0,1,3.0,Medium,23.2,34.3,0,0
5376,Female,7,14,82.6,82.4,0,19100,5.2,Higher Secondary,0,0,1,1,0,1,7.9,Medium,25.4,31.1,0,0
5377,Male,10,15,72.2,87.7,0,6000,2.6,Primary,0,0,1,1,0,0,6.4,Low,42.0,21.4,0,0
5378,Female,6,10,92.1,67.2,0,7600,0.4,No Schooling,0,0,0,0,1,0,1.9,Low,38.0,53.7,0,1
5379,Male,7,11,96.5,64.7,1,20900,0.2,No Schooling,0,0,0,0,0,1,3.9,High,37.2,43.0,0,0
5380,Female,10,16,89.6,13.7,0,11900,9.0,Higher Secondary,0,1,0,0,0,1,1.6,Low,44.4,17.8,0,1
5381,Male,7,11,80.3,76.1,0,7500,1.3,Secondary,0,0,0,0,0,1,3.6,Low,32.0,43.8,0,0
5382,Female,7,13,93.2,100.0,0,6300,1.0,Primary,0,0,1,1,0,1,5.6,Low,28.6,39.9,0,0
5383,Female,10,17,75.9,85.1,0,21500,1.8,Higher Secondary,0,0,0,0,0,1,4.4,Low,41.7,53.8,1,0
5384,Male,10,16,86.5,79.7,1,6300,0.2,Higher Secondary,0,0,0,0,0,1,4.1,High,52.4,51.1,0,1
5385,Male,6,10,77.8,39.5,0,6300,1.3,Secondary,0,0,0,1,0,1,4.3,Medium,25.2,25.1,1,0
5386,Female,8,14,96.6,100.0,2,5000,1.2,No Schooling,1,1,0,0,0,1,4.8,Low,23.8,50.1,0,0
5387,Male,7,12,86.4,100.0,0,28800,1.3,Primary,0,0,0,0,0,0,6.7,Low,37.3,63.4,0,0
5388,Male,6,10,79.6,85.6,0,3400,0.8,No Schooling,1,1,1,0,0,1,7.1,Low,63.5,34.4,0,0
5389,Male,8,12,71.7,77.7,0,9900,3.8,Secondary,0,0,0,0,0,1,5.2,Medium,58.7,35.7,1,0
5390,Female,6,12,96.5,56.2,0,10300,12.5,Graduate,0,0,0,0,0,0,2.9,Low,27.6,12.3,0,0
5391,Female,8,14,86.8,81.4,1,3500,0.5,Primary,0,0,1,0,0,1,2.9,Low,36.2,51.6,1,0
5392,Male,7,12,85.6,91.2,0,6700,1.4,Secondary,1,0,0,0,0,0,8.0,Low,45.2,57.4,0,0
5393,Female,10,17,85.3,63.7,0,6200,0.3,Secondary,0,0,1,1,0,1,5.5,Low,61.0,53.9,1,0
5394,Male,8,14,90.6,54.9,0,5300,3.7,No Schooling,0,0,0,0,0,1,3.3,Low,29.9,45.2,1,0
5395,Male,6,13,76.0,99.7,1,8700,0.3,Primary,0,0,0,0,0,1,6.0,High,49.3,31.7,0,0
5396,Male,10,14,83.5,100.0,0,10100,12.3,No Schooling,0,0,0,0,1,0,3.5,Medium,51.7,52.2,0,0
5397,Male,10,15,92.4,100.0,0,6600,6.9,Secondary,0,0,0,0,0,1,3.8,High,62.9,48.3,0,0
5398,Male,7,11,60.4,69.8,5,33000,0.1,No Schooling,0,0,0,0,0,1,3.8,Low,54.8,36.4,0,0
5399,Female,10,15,89.5,3.1,1,5100,0.5,Graduate,0,0,0,0,0,1,4.3,High,35.0,13.4,0,0
5400,Male,7,14,89.1,73.7,0,9700,2.9,Secondary,0,0,1,0,0,1,6.3,Medium,47.4,19.0,0,0
5401,Female,7,12,79.0,18.1,0,8800,2.2,Higher Secondary,0,0,0,0,0,1,0.8,Low,42.6,30.5,0,0
5402,Male,7,12,79.6,62.8,0,12400,6.9,Secondary,1,0,1,1,0,1,4.0,Low,31.6,24.2,1,0
5403,Male,6,10,69.6,54.6,0,9400,2.1,Higher Secondary,0,1,0,1,0,1,2.1,Low,44.5,25.2,0,0
5404,Male,9,14,84.9,49.8,0,4500,4.1,No Schooling,0,0,1,0,0,1,3.6,Medium,30.0,16.9,0,0
5405,Female,8,12,75.3,96.6,1,12800,1.1,Primary,0,0,1,0,0,1,6.5,Low,14.9,37.3,1,0
5406,Female,10,14,84.9,97.7,0,8200,4.7,No Schooling,0,0,0,0,1,1,6.8,Low,47.5,38.2,0,0
5407,Male,7,11,96.3,13.8,2,16100,3.9,Graduate,1,0,0,0,0,1,3.7,Medium,37.3,0.0,1,1
5408,Male,6,12,95.3,77.3,0,14100,0.5,No Schooling,0,0,1,0,0,0,2.2,Low,34.9,58.0,0,0
5409,Male,7,13,91.8,100.0,1,12400,0.4,No Schooling,0,1,0,0,0,1,4.7,Low,56.2,43.8,0,0
5410,Female,6,12,79.8,53.6,1,15600,1.2,Secondary,0,0,1,0,0,1,3.7,Low,42.5,29.2,1,0
5411,Male,10,14,81.7,32.4,2,5500,0.5,Graduate,0,0,0,1,0,1,3.5,Medium,9.8,32.8,0,0
5412,Female,9,16,54.3,34.3,2,8700,0.9,Secondary,0,0,0,0,0,0,4.4,Low,33.3,21.7,0,1
5413,Male,9,15,85.2,61.6,4,17700,3.7,No Schooling,1,0,1,1,1,1,5.6,Low,27.2,36.6,0,1
5414,Male,9,15,70.2,47.5,0,9600,1.8,Primary,0,0,0,0,1,1,1.6,High,46.9,27.7,0,0
5415,Female,7,14,92.8,59.2,0,4700,0.3,Primary,0,0,1,0,1,1,4.3,Medium,42.0,30.4,0,0
5416,Male,6,11,77.5,100.0,4,3900,2.3,Higher Secondary,0,0,0,0,0,1,3.4,Medium,43.6,50.1,1,0
5417,Male,7,13,92.0,81.4,2,13900,4.7,Primary,1,0,0,0,0,0,4.8,High,36.8,33.0,0,0
5418,Female,10,14,88.0,73.4,2,5500,12.1,Primary,0,0,0,0,0,1,6.0,Low,38.5,0.0,0,0
5419,Male,7,12,85.3,99.9,1,7800,0.9,Primary,0,0,0,0,1,1,6.6,Low,41.1,32.6,1,0
5420,Male,6,11,76.5,72.2,3,21800,3.6,Higher Secondary,0,0,0,0,0,1,5.6,High,32.8,41.2,1,0
5421,Male,9,13,69.6,55.3,0,4500,4.4,Secondary,1,0,1,0,1,1,5.9,Low,27.7,21.9,2,0
5422,Male,6,12,66.4,70.4,0,18600,7.9,No Schooling,0,0,1,0,1,1,7.3,High,45.7,21.4,0,0
5423,Female,8,12,74.6,38.4,5,4000,7.8,Secondary,0,1,0,0,1,0,1.1,Low,25.1,13.8,0,1
5424,Male,6,13,77.3,52.0,0,18800,0.6,Graduate,1,0,1,1,0,1,5.4,Medium,47.5,21.4,0,0
5425,Female,8,12,85.3,79.7,3,9100,3.9,Higher Secondary,0,0,1,0,0,0,6.6,Low,26.7,43.9,1,0
5426,Female,7,11,70.8,100.0,0,3000,0.6,Primary,1,0,0,0,0,0,5.4,Medium,31.6,48.7,0,0
5427,Female,10,15,86.5,76.3,1,3500,1.5,Primary,0,1,0,0,0,0,5.4,Low,57.8,48.1,1,0
5428,Female,9,14,91.1,74.2,0,4400,3.6,Secondary,0,0,0,1,0,1,5.4,Medium,45.1,48.3,0,0
5429,Female,6,12,65.7,27.7,1,8900,1.8,Primary,0,0,0,0,1,1,1.3,Low,12.5,11.7,0,1
5430,Female,9,15,92.5,83.9,3,17800,1.9,Secondary,0,0,0,0,0,1,5.0,Low,33.0,24.5,0,0
5431,Male,9,15,73.3,86.2,1,10600,0.5,Higher Secondary,0,0,1,0,0,1,5.7,Low,50.1,42.1,1,0
5432,Male,9,15,97.1,66.5,2,4400,2.0,Higher Secondary,0,0,1,1,0,0,4.0,Medium,62.8,33.8,0,0
5433,Female,10,17,64.8,27.9,0,22300,1.3,Secondary,1,0,1,0,1,1,3.3,Low,22.8,22.5,0,0
5434,Male,9,15,77.1,58.5,0,7800,4.4,Higher Secondary,0,0,0,0,0,1,5.0,Low,55.0,20.5,1,0
5435,Female,6,10,78.6,65.9,3,4300,4.6,Higher Secondary,0,0,0,0,0,0,4.9,Low,30.7,24.8,1,0
5436,Male,7,12,68.2,72.6,4,7500,0.7,No Schooling,0,0,0,0,0,1,3.9,Medium,42.5,45.8,0,1
5437,Female,7,13,78.5,60.3,0,8200,2.0,Higher Secondary,0,1,0,0,0,1,3.9,Low,48.8,19.7,0,0
5438,Male,8,13,86.8,79.5,2,4500,7.2,Primary,0,0,1,0,1,0,4.0,Low,55.0,44.0,0,0
5439,Female,10,17,78.6,39.2,1,15800,14.0,No Schooling,0,0,1,0,0,1,4.2,Medium,32.7,9.3,1,0
5440,Male,8,13,73.4,82.8,0,6300,2.1,Secondary,0,0,1,0,0,1,6.1,High,27.6,52.1,0,0
5441,Male,7,12,68.0,50.2,0,4500,1.2,Secondary,0,0,1,1,0,0,3.9,Low,32.9,23.5,0,0
5442,Female,10,15,74.3,80.7,2,12400,2.9,Higher Secondary,1,0,1,1,1,1,2.5,Medium,37.0,37.0,1,0
5443,Female,9,15,79.5,93.1,5,10700,4.3,No Schooling,0,0,0,0,0,1,4.4,Low,56.7,55.7,0,1
5444,Female,7,13,65.5,11.3,0,14100,1.9,Graduate,0,1,0,0,1,1,1.4,Low,27.2,11.5,0,1
5445,Female,10,15,88.6,63.5,0,13800,2.6,Primary,0,0,1,0,0,1,4.0,Low,40.8,41.3,0,0
5446,Male,7,11,81.6,48.0,0,5100,12.3,No Schooling,0,0,1,0,0,1,0.5,High,33.6,17.1,0,0
5447,Female,8,12,94.4,51.5,3,7500,2.5,Secondary,0,0,0,0,0,1,3.1,Medium,13.0,27.5,1,0
5448,Male,8,13,72.1,46.7,2,3000,4.1,Primary,0,1,1,0,0,0,1.8,Low,18.3,11.2,0,0
5449,Female,10,17,62.3,53.9,0,8900,2.2,Primary,0,0,0,0,1,1,5.6,Low,52.0,34.5,0,0
5450,Male,7,14,89.5,30.4,2,9600,3.2,Higher Secondary,0,0,1,0,1,1,3.0,Low,22.7,27.0,0,0
5451,Male,7,13,89.4,77.5,0,7000,2.9,No Schooling,1,0,1,0,0,1,4.1,Medium,41.4,35.7,1,0
5452,Female,9,15,54.9,21.0,1,4100,3.2,Higher Secondary,0,0,0,0,0,1,2.6,Medium,22.4,5.8,0,1
5453,Female,10,16,86.9,70.1,1,17000,3.4,No Schooling,0,1,1,1,0,1,5.1,Low,40.9,49.7,1,0
5454,Male,6,10,64.3,100.0,0,3500,1.4,Higher Secondary,0,0,1,0,0,1,6.6,Low,32.7,41.3,0,0
5455,Female,6,11,88.8,56.9,0,23200,1.1,Primary,1,0,1,1,1,0,5.2,Low,49.4,26.7,1,0
5456,Female,10,17,90.3,48.3,0,3000,0.9,No Schooling,1,0,0,0,0,1,4.4,Medium,50.8,24.7,0,0
5457,Male,9,15,96.7,73.9,5,6700,2.9,Primary,0,0,0,0,0,1,6.4,High,47.9,29.4,0,1
5458,Female,7,11,68.6,51.9,0,3000,0.3,Primary,1,1,0,0,1,1,2.1,Medium,26.3,32.7,0,1
5459,Male,7,11,75.4,72.6,0,4800,1.4,No Schooling,0,0,1,1,1,1,4.3,Low,32.2,40.6,1,0
5460,Male,8,15,66.3,54.8,0,9600,0.6,Graduate,0,0,0,0,0,1,4.6,Low,32.2,16.8,0,0
5461,Female,9,16,82.4,62.9,4,10100,1.1,Primary,0,1,0,0,0,1,3.1,High,36.6,35.8,0,0
5462,Male,8,12,82.6,35.5,0,6800,6.0,No Schooling,1,0,0,0,0,1,4.3,Medium,53.5,22.2,2,0
5463,Male,9,14,79.7,91.0,3,5700,0.6,Higher Secondary,0,0,0,1,0,1,5.8,Low,31.1,24.3,0,1
5464,Female,6,13,94.5,87.2,1,42300,2.1,Primary,0,0,1,1,0,0,5.7,Low,43.8,35.0,1,0
5465,Male,9,14,65.1,51.6,0,7600,0.1,Higher Secondary,0,1,1,0,0,1,4.1,Low,45.6,31.7,0,1
5466,Female,6,10,61.0,53.4,0,50000,0.4,Higher Secondary,0,0,1,0,0,1,0.2,Medium,24.8,40.6,0,0
5467,Female,10,15,87.7,10.8,0,23700,0.3,Primary,1,0,1,0,0,1,0.0,Medium,36.7,18.8,0,1
5468,Male,6,11,89.7,62.8,2,5100,0.4,Higher Secondary,0,1,0,0,1,1,4.5,Low,30.2,42.5,0,1
5469,Male,6,11,88.6,100.0,0,5800,2.2,Primary,0,0,0,0,0,1,5.2,Low,44.6,34.7,0,0
5470,Male,6,13,85.5,89.1,0,25100,2.1,Primary,0,1,1,0,0,1,3.7,Low,42.6,34.2,1,0
5471,Female,7,14,84.2,61.7,1,3100,0.2,No Schooling,0,0,0,0,0,1,4.2,Low,46.4,36.9,0,0
5472,Male,7,13,91.7,49.2,0,21600,1.9,Primary,0,0,1,0,1,1,1.6,Low,41.2,20.1,0,0
5473,Female,9,13,81.1,39.7,0,7500,0.6,Higher Secondary,0,0,0,0,0,1,5.7,Low,35.6,10.2,0,0
5474,Male,10,15,90.2,80.1,0,3000,4.5,Secondary,0,0,0,0,0,1,5.5,Low,47.8,24.7,0,0
5475,Female,8,12,76.6,88.5,1,3700,0.6,Secondary,0,0,0,0,0,1,2.6,Low,41.7,58.5,0,0
5476,Male,8,12,76.3,54.9,1,6900,4.3,Primary,0,0,0,0,0,1,4.3,Medium,29.8,22.6,0,0
5477,Male,7,12,63.0,67.3,4,5600,2.7,Higher Secondary,0,1,0,0,0,1,3.1,Low,42.8,41.6,1,1
5478,Male,9,13,97.0,60.5,0,4900,2.0,Primary,0,0,1,0,1,1,4.0,Medium,30.8,24.7,1,0
5479,Female,6,12,71.4,33.5,3,3000,0.7,No Schooling,0,0,0,0,0,1,3.8,Low,33.2,18.2,0,0
5480,Female,7,12,83.8,24.5,0,7900,2.0,No Schooling,0,0,0,1,0,1,4.3,Low,70.1,18.7,1,0
5481,Male,6,12,93.5,60.4,0,23600,0.9,Higher Secondary,0,0,1,0,0,1,0.4,Low,54.3,23.5,0,0
5482,Male,6,12,71.1,60.4,1,23200,0.2,No Schooling,0,0,0,1,0,1,4.0,Medium,34.5,27.3,0,0
5483,Male,8,15,94.7,88.1,0,18900,5.7,Graduate,0,0,0,0,1,1,7.7,Low,22.6,38.0,0,0
5484,Male,6,11,80.6,61.4,0,7200,5.5,Graduate,0,0,0,0,0,0,3.1,Low,51.6,24.0,0,0
5485,Female,6,10,67.4,64.2,0,19000,6.9,Primary,0,0,0,0,0,1,3.0,Low,13.5,22.9,0,0
5486,Female,10,17,93.2,100.0,4,3000,6.0,Higher Secondary,0,0,0,1,0,1,7.1,Low,51.7,42.9,0,0
5487,Female,6,11,71.6,71.3,1,12500,2.1,Primary,1,0,1,0,0,1,1.8,Low,47.7,24.6,2,0
5488,Male,8,15,73.7,24.2,4,24700,3.5,Graduate,0,0,0,0,0,0,1.6,Medium,29.6,12.0,0,1
5489,Male,7,14,79.7,60.9,2,13600,0.3,Primary,1,0,0,0,0,1,1.8,Low,54.8,42.6,0,0
5490,Female,10,17,89.9,56.8,1,3000,3.5,Primary,0,0,1,0,0,1,4.1,Low,51.0,9.2,0,0
5491,Male,9,15,87.2,54.8,0,4300,7.6,Secondary,1,0,1,0,0,0,2.7,Low,38.7,9.8,2,0
5492,Female,6,12,92.9,79.2,0,5100,5.1,Secondary,0,0,0,1,1,0,5.6,Low,39.9,36.5,1,0
5493,Male,10,15,99.3,100.0,0,3800,1.0,No Schooling,0,0,1,0,0,1,5.0,Low,51.7,32.9,0,0
5494,Male,7,12,87.2,56.7,0,6400,0.4,Primary,0,0,0,1,0,1,5.1,Medium,37.5,20.1,0,0
5495,Female,7,14,92.7,99.3,0,7600,1.0,Primary,1,0,0,1,0,1,6.2,Low,34.0,37.0,0,0
5496,Male,9,15,88.6,75.9,0,6900,1.3,Secondary,0,0,1,0,0,0,7.1,Medium,36.2,9.4,0,0
5497,Female,9,13,71.6,69.7,4,4300,1.3,No Schooling,0,1,1,0,0,0,6.2,Medium,65.5,39.3,0,0
5498,Male,7,12,74.7,78.2,0,17600,3.9,Graduate,0,0,0,0,0,1,5.6,Medium,60.1,32.0,1,0
5499,Male,7,14,97.4,56.1,0,7100,1.6,Primary,1,0,1,0,1,1,6.2,Medium,41.5,11.6,0,0
5500,Male,6,10,77.3,73.6,1,3000,0.4,Primary,0,1,0,0,1,1,1.9,High,27.8,13.0,0,0
5501,Male,8,13,94.0,100.0,0,5900,0.1,Higher Secondary,0,1,0,0,1,1,7.0,Low,50.3,39.1,0,0
5502,Male,10,17,73.3,80.4,1,5500,0.3,Primary,0,1,1,0,0,1,6.4,Medium,36.8,41.3,0,0
5503,Male,7,12,81.5,54.7,2,3000,1.6,Secondary,0,0,0,1,0,0,5.7,Low,54.7,22.8,1,0
5504,Female,10,16,86.0,46.1,0,6200,0.7,Secondary,0,0,0,0,1,0,3.5,Low,46.2,44.7,0,0
5505,Female,6,13,96.7,89.4,0,19900,1.2,Primary,0,0,0,0,1,1,5.3,Low,49.9,53.4,0,0
5506,Male,9,14,61.9,59.6,4,6800,0.5,Graduate,0,0,0,0,0,1,3.3,Low,33.5,36.2,1,1
5507,Male,10,17,82.3,64.9,2,7100,4.6,Higher Secondary,0,1,0,0,0,0,5.5,Medium,51.3,31.5,0,1
5508,Male,9,14,80.3,83.3,0,11900,0.1,Higher Secondary,0,0,0,0,0,0,5.7,Low,45.0,15.7,1,0
5509,Female,6,11,92.5,70.3,0,5300,3.6,No Schooling,1,0,0,0,1,1,2.5,Medium,42.6,46.6,2,1
5510,Female,7,11,61.9,60.5,0,3800,0.4,Primary,0,0,0,0,1,1,3.6,Medium,69.0,53.4,0,0
5511,Male,6,11,70.5,79.1,2,13200,2.4,Secondary,0,0,1,0,0,1,5.8,Low,33.5,53.4,1,0
5512,Female,8,14,95.0,52.6,0,8000,0.1,No Schooling,0,0,0,0,1,1,4.1,Medium,28.0,7.1,1,0
5513,Male,10,14,82.7,98.4,2,3000,2.4,Secondary,0,0,1,1,0,1,7.5,Low,55.6,52.1,0,0
5514,Male,7,12,96.6,64.0,0,10800,1.3,Primary,0,0,0,0,1,0,4.5,Low,59.0,33.2,0,0
5515,Male,6,12,83.5,37.1,0,10100,0.1,Primary,1,0,0,1,0,1,3.4,Medium,45.1,28.3,0,0
5516,Female,7,14,76.5,82.9,0,3000,3.2,Secondary,0,0,1,0,1,1,4.4,High,47.3,24.7,1,0
5517,Male,8,14,55.7,63.6,0,3000,3.5,Secondary,0,0,0,1,0,1,5.7,Medium,31.4,10.9,0,0
5518,Male,8,14,53.8,56.2,2,5100,4.5,Higher Secondary,0,0,0,0,0,1,3.8,Medium,10.1,29.0,0,0
5519,Male,7,13,84.6,40.3,0,48000,2.9,Graduate,1,0,0,0,0,0,3.6,Medium,44.8,27.8,0,0
5520,Female,9,14,72.3,64.2,0,42700,0.2,Secondary,0,0,0,0,0,1,5.9,Medium,26.9,13.8,0,0
5521,Male,6,11,90.3,54.2,1,23400,1.0,Higher Secondary,0,0,1,0,0,1,2.2,Medium,49.9,37.1,0,0
5522,Male,8,14,89.6,100.0,0,4800,4.6,Secondary,0,0,0,0,1,1,7.8,Low,55.7,70.8,0,0
5523,Male,7,11,58.8,58.2,0,4500,2.2,No Schooling,0,1,0,1,0,1,3.3,Low,42.4,39.3,0,0
5524,Female,6,13,92.0,56.5,0,3300,0.7,No Schooling,0,0,1,0,1,1,1.8,Medium,46.5,31.9,0,0
5525,Male,9,14,58.7,64.5,0,3400,5.5,No Schooling,1,0,0,0,1,1,6.7,High,26.2,15.8,1,0
5526,Female,9,16,66.3,35.6,1,12500,5.0,Primary,0,0,0,0,1,1,1.2,Medium,20.8,26.5,0,0
5527,Male,8,12,87.4,40.3,0,27300,1.5,Primary,0,0,0,0,1,1,4.9,Low,65.4,33.2,0,0
5528,Male,9,14,78.7,48.2,0,6800,0.6,Secondary,1,0,0,0,0,1,4.3,Low,36.3,22.1,0,0
5529,Female,8,13,74.6,51.7,0,5500,1.4,Primary,0,0,1,0,1,1,1.1,Medium,44.8,20.7,0,0
5530,Female,7,12,75.9,93.8,0,4200,2.0,Graduate,0,0,1,0,0,1,5.7,Medium,36.2,35.5,1,0
5531,Male,10,16,87.9,84.1,1,7000,2.1,No Schooling,0,1,0,0,0,1,4.2,Low,60.9,45.5,0,0
5532,Female,10,16,88.1,57.7,0,4400,1.5,No Schooling,0,0,0,0,0,1,4.4,Low,44.7,36.0,0,0
5533,Male,6,13,84.9,43.9,0,3000,0.5,Graduate,0,0,0,0,0,0,3.2,Low,9.1,27.5,2,0
5534,Male,10,17,71.3,78.5,0,9200,6.8,No Schooling,0,1,0,0,1,1,5.8,Medium,46.9,20.9,2,0
5535,Female,9,13,81.6,40.9,0,4600,0.2,Secondary,0,0,1,0,0,1,5.3,High,40.0,34.2,1,0
5536,Female,6,13,67.5,43.4,0,5600,0.6,Primary,0,0,1,0,1,0,2.2,Low,47.3,35.9,0,0
5537,Male,8,13,92.2,72.9,0,8200,5.2,Primary,0,0,1,0,0,1,4.8,Medium,29.8,16.2,1,0
5538,Female,6,11,78.5,75.2,2,3000,0.6,Primary,0,0,1,0,1,1,1.5,Medium,39.8,33.8,0,0
5539,Male,8,12,88.9,86.2,5,3000,3.0,Higher Secondary,0,0,1,0,0,1,3.9,Medium,54.5,44.8,0,1
5540,Male,10,16,75.6,79.0,0,8900,0.1,Secondary,1,0,0,0,0,0,4.8,Low,33.9,52.1,0,0
5541,Female,7,14,60.7,66.8,0,3600,0.9,Secondary,0,0,1,0,1,0,2.7,Medium,46.9,14.1,0,0
5542,Female,8,13,60.5,51.5,0,8400,0.1,Secondary,0,1,0,0,0,1,5.8,Low,22.2,35.8,0,0
5543,Female,7,14,86.9,61.3,3,4800,0.5,No Schooling,0,0,1,0,0,1,6.3,Low,41.0,34.9,1,0
5544,Female,8,12,79.4,77.0,0,9900,4.2,Primary,0,0,0,1,1,1,4.5,Low,41.4,36.3,0,0
5545,Female,9,16,92.7,71.9,0,3000,1.4,Secondary,1,1,1,0,0,1,5.7,Medium,42.0,47.6,0,0
5546,Male,6,11,85.4,100.0,2,4500,0.2,Primary,0,0,0,0,1,0,7.5,Medium,51.5,51.4,0,0
5547,Female,8,13,84.3,68.4,2,24900,2.2,Higher Secondary,0,0,0,0,1,1,5.2,Medium,44.5,42.3,1,0
5548,Female,7,11,63.9,54.4,2,10500,0.4,Secondary,0,0,1,0,1,1,4.8,High,15.0,31.7,0,0
5549,Female,9,16,73.6,88.6,0,15500,7.1,Secondary,0,0,0,0,1,1,5.5,Low,58.5,44.7,0,0
5550,Male,9,15,90.8,100.0,1,8200,1.5,Higher Secondary,0,0,1,0,1,1,5.0,Low,47.0,41.4,0,0
5551,Male,9,16,81.4,37.7,0,3300,0.1,Graduate,1,0,0,0,0,0,3.5,High,37.9,19.4,1,0
5552,Male,7,12,76.4,100.0,0,4800,3.2,No Schooling,0,0,1,0,0,0,6.0,Low,26.6,33.9,0,0
5553,Male,8,12,52.7,65.1,2,5100,12.9,Graduate,0,1,1,1,0,1,3.9,Medium,47.0,48.3,0,1
5554,Male,9,15,68.7,1.4,2,5100,0.1,Primary,0,0,1,0,1,1,2.1,Low,41.3,25.4,1,1
5555,Female,9,13,89.8,55.7,1,20300,0.5,Higher Secondary,0,1,1,1,0,1,4.6,Low,39.0,21.8,0,0
5556,Female,8,14,85.8,47.8,1,6900,3.3,Secondary,0,0,1,0,0,0,2.1,Low,23.3,21.0,0,0
5557,Male,10,14,82.7,49.5,0,3100,0.4,Primary,0,0,0,0,0,0,1.7,Low,60.1,27.6,0,0
5558,Male,7,11,79.2,56.6,2,5000,1.5,Higher Secondary,0,0,0,1,1,1,2.2,Low,47.9,24.3,1,0
5559,Female,6,12,80.5,71.9,2,10800,0.8,No Schooling,0,1,0,0,1,1,6.4,High,35.9,18.5,0,1
5560,Male,10,16,88.6,100.0,1,3000,0.1,Primary,0,0,1,0,0,1,6.0,High,40.2,43.5,0,0
5561,Female,6,10,91.1,87.0,0,17400,0.1,Higher Secondary,0,0,0,0,0,1,4.1,Low,34.8,25.0,0,0
5562,Male,10,14,94.3,100.0,0,22400,4.3,Secondary,1,0,0,0,0,1,7.1,Medium,37.7,30.3,1,0
5563,Male,8,15,70.3,63.7,0,4500,4.5,No Schooling,0,0,0,0,0,1,5.0,Low,64.5,49.3,2,1
5564,Male,10,14,73.5,26.7,1,11700,0.3,Secondary,0,0,0,1,0,0,1.9,Low,4.6,28.7,1,0
5565,Female,8,12,84.3,19.5,0,15700,0.6,Primary,0,0,1,1,0,1,1.2,Medium,21.6,38.1,0,1
5566,Male,10,17,68.5,78.9,0,4000,6.1,No Schooling,0,0,0,1,0,0,5.3,Medium,22.3,44.4,0,0
5567,Female,9,15,62.2,50.7,1,6000,1.7,No Schooling,0,0,0,0,1,1,1.8,High,68.6,42.5,0,1
5568,Male,8,12,78.5,85.8,0,6700,1.1,No Schooling,0,0,0,0,1,0,4.5,High,44.5,41.9,0,0
5569,Male,7,14,71.3,65.5,0,10500,0.1,Primary,1,0,1,0,0,1,3.9,High,48.3,27.9,1,0
5570,Female,6,11,86.7,20.1,1,22500,2.4,Secondary,1,0,0,0,0,0,0.0,Low,37.5,28.6,0,1
5571,Male,7,13,91.9,63.4,0,6700,4.4,Secondary,0,1,0,1,0,1,4.7,Low,37.0,22.7,0,0
5572,Male,10,16,83.0,65.1,3,3000,2.2,Secondary,0,0,1,0,0,1,4.2,Medium,43.4,35.5,2,0
5573,Male,7,12,91.6,55.0,1,3000,4.7,No Schooling,0,0,0,0,0,1,2.5,Low,45.0,12.1,0,0
5574,Female,9,14,79.9,100.0,2,4700,0.7,Higher Secondary,0,0,1,0,0,1,4.9,Low,41.7,31.3,0,0
5575,Male,8,14,73.8,55.7,0,6600,1.2,Higher Secondary,1,0,1,1,0,1,4.8,Medium,47.7,37.2,0,0
5576,Male,7,12,94.0,60.5,1,18500,2.1,Primary,1,0,0,0,1,0,4.4,Low,55.0,23.8,0,0
5577,Female,10,14,73.0,21.0,2,3000,3.0,Secondary,0,0,1,0,0,1,0.8,Low,55.1,33.2,0,1
5578,Female,6,12,64.7,90.8,0,7000,1.0,No Schooling,0,0,0,0,0,0,6.1,High,20.7,8.2,0,0
5579,Female,8,14,83.3,53.5,0,22500,1.4,No Schooling,0,0,1,0,0,0,6.4,Medium,22.3,28.4,0,0
5580,Female,8,14,83.6,72.5,0,10500,2.4,Secondary,1,1,1,0,1,0,4.4,Low,27.8,31.6,0,0
5581,Female,6,12,82.0,49.4,2,3400,0.4,No Schooling,1,0,0,1,0,0,2.6,High,50.5,25.0,1,1
5582,Male,6,12,92.8,82.6,4,9000,2.6,Secondary,0,0,1,0,1,1,6.9,Low,50.5,41.8,1,0
5583,Male,9,16,83.8,91.6,3,7700,4.3,Secondary,0,0,1,1,0,1,5.5,Low,43.9,30.0,0,0
5584,Female,6,13,86.7,92.3,3,18900,0.2,No Schooling,0,0,1,0,1,0,4.9,Low,58.0,33.3,0,0
5585,Female,9,16,85.2,77.1,0,13100,4.8,Secondary,0,0,0,0,1,1,7.8,Medium,35.7,28.8,0,0
5586,Female,8,12,78.2,70.2,0,9500,1.2,Primary,0,0,1,0,0,1,5.5,Low,18.0,27.8,0,0
5587,Female,6,10,67.3,74.4,0,11600,1.9,No Schooling,0,1,0,0,0,1,4.1,Low,56.5,40.0,0,0
5588,Male,7,12,87.8,77.3,0,8100,1.4,Secondary,1,0,0,0,1,0,5.5,Medium,61.5,39.9,0,0
5589,Male,6,12,69.0,46.7,0,4600,3.0,Primary,0,1,0,1,1,1,3.5,Low,41.8,25.3,0,0
5590,Female,9,13,87.4,68.5,1,12900,3.1,Secondary,0,0,0,0,0,1,4.9,Low,54.8,21.7,0,0
5591,Male,8,12,90.9,52.9,2,4900,0.7,Secondary,0,0,0,1,1,0,3.7,Medium,34.7,38.1,0,0
5592,Female,6,10,96.0,45.2,0,10000,1.8,Primary,0,0,0,0,0,1,5.5,Medium,51.6,40.3,1,0
5593,Female,8,14,85.7,89.3,2,12700,1.9,No Schooling,0,1,0,0,1,0,4.5,Low,54.6,58.9,1,1
5594,Male,8,15,85.7,85.4,0,3200,1.2,Secondary,0,0,1,0,0,0,2.8,High,37.7,47.3,2,0
5595,Female,9,14,93.2,79.1,1,6700,0.5,Graduate,1,0,1,0,0,1,4.6,Low,67.8,33.3,0,0
5596,Female,6,12,79.8,100.0,0,23200,0.9,Secondary,1,0,0,1,0,0,3.3,Low,46.5,49.3,0,0
5597,Female,6,10,84.3,38.4,1,19800,2.6,Higher Secondary,0,0,1,1,0,1,4.1,Low,38.9,32.1,1,0
5598,Male,7,11,58.3,17.2,0,10500,0.5,Graduate,0,0,0,0,0,1,2.4,Low,22.8,37.1,0,0
5599,Female,9,15,91.6,64.1,2,6900,7.5,Secondary,1,0,1,0,0,1,0.7,High,45.2,43.6,0,0
5600,Male,9,14,52.7,73.6,0,6400,1.3,No Schooling,0,0,1,0,0,1,2.7,Medium,38.0,23.9,1,1
5601,Female,7,11,84.3,83.4,0,4900,0.3,Secondary,0,0,1,0,0,1,6.6,Low,57.8,42.1,0,0
5602,Male,6,10,81.1,96.9,2,7400,2.9,Primary,0,1,1,0,0,1,5.4,Low,51.4,25.9,0,1
5603,Female,9,16,85.7,68.4,0,19200,0.6,No Schooling,0,0,0,0,0,1,4.7,High,21.6,28.7,0,0
5604,Female,6,12,52.7,58.0,0,5000,0.6,Secondary,0,1,1,0,0,1,3.2,High,68.6,18.0,0,0
5605,Female,8,15,58.0,94.5,0,3200,4.8,Secondary,0,0,0,0,0,1,5.4,Medium,36.2,53.5,1,0
5606,Female,7,12,89.0,37.1,0,15400,2.3,Graduate,0,0,0,1,0,1,4.1,Low,41.7,19.3,1,0
5607,Male,7,14,94.1,58.2,2,6000,3.9,Secondary,0,0,0,1,0,1,5.0,Medium,54.2,41.8,1,0
5608,Female,8,15,72.7,57.1,0,3900,1.0,Secondary,0,0,0,0,0,1,3.1,Low,22.4,41.7,0,0
5609,Male,6,11,82.6,83.8,0,7900,0.5,Secondary,1,0,0,0,1,1,3.5,Low,49.8,25.0,0,0
5610,Female,8,12,65.4,74.7,0,6100,0.9,Graduate,0,0,1,1,0,1,3.1,Medium,37.7,41.7,0,0
5611,Male,6,13,97.2,29.8,0,8000,1.2,Secondary,1,0,0,0,0,1,2.2,Low,37.7,27.4,0,0
5612,Female,7,12,85.8,66.9,0,10900,3.3,Primary,1,0,0,0,0,1,4.5,Low,44.2,54.8,0,0
5613,Male,8,13,93.6,61.4,0,9900,1.6,Secondary,0,1,1,0,1,0,5.6,Low,49.8,16.4,0,0
5614,Female,6,13,96.5,76.8,0,10600,0.1,Secondary,0,0,0,0,0,1,5.1,Low,32.2,35.0,1,0
5615,Female,8,13,95.6,64.0,1,8400,2.9,Higher Secondary,0,0,0,1,0,1,4.4,Low,32.9,19.7,0,0
5616,Male,9,16,88.4,69.7,0,3000,0.3,No Schooling,1,0,1,0,1,1,4.5,Low,40.8,31.0,1,0
5617,Male,10,14,87.7,68.0,0,8100,13.9,No Schooling,0,0,0,0,1,0,3.6,Medium,49.8,67.2,0,0
5618,Female,6,11,93.1,59.2,0,3100,3.2,Primary,0,0,0,0,0,1,2.5,Low,45.6,54.9,1,0
5619,Female,6,11,75.5,26.0,2,4600,8.4,Secondary,0,0,0,0,0,1,2.1,Medium,21.3,37.2,0,1
5620,Male,7,12,92.3,56.6,3,4700,13.3,No Schooling,0,0,0,0,1,1,4.3,Medium,28.2,27.6,1,1
5621,Male,10,14,80.3,41.4,0,11400,1.1,Higher Secondary,0,0,0,0,1,0,2.9,Low,44.6,29.0,0,0
5622,Male,7,14,65.0,47.5,0,3000,1.7,Graduate,0,0,0,0,1,1,1.8,Medium,37.2,14.7,0,0
5623,Female,7,13,91.8,46.9,3,6600,3.3,Graduate,0,0,0,0,0,1,1.9,Low,53.8,19.6,0,0
5624,Female,9,15,72.5,90.0,3,7100,5.0,Secondary,0,0,0,0,0,1,3.7,High,45.2,39.9,1,0
5625,Male,6,12,58.1,73.4,0,13100,1.3,Secondary,0,0,0,0,1,1,7.3,Medium,28.1,37.0,0,0
5626,Female,8,14,69.2,100.0,1,8200,0.5,Primary,1,0,0,0,0,1,6.3,Low,39.5,60.4,0,0
5627,Female,8,14,88.9,53.5,0,11200,1.3,Graduate,0,0,1,1,0,1,3.7,High,45.0,24.2,0,0
5628,Female,8,14,61.1,41.9,0,8300,4.4,No Schooling,0,0,1,0,0,0,3.1,Medium,21.0,15.0,1,0
5629,Male,9,15,57.7,77.2,2,25200,1.9,Primary,0,0,0,1,0,1,6.4,Low,36.8,33.5,0,1
5630,Male,7,14,66.0,63.8,0,5600,2.8,Graduate,0,0,0,0,0,1,7.6,Medium,46.6,45.6,0,0
5631,Male,9,13,74.0,70.4,2,39000,0.5,Secondary,1,0,1,0,0,1,3.7,Low,50.4,44.5,0,0
5632,Male,8,14,63.5,35.2,0,5200,0.7,Secondary,0,0,0,1,0,1,4.2,Low,34.4,18.5,1,0
5633,Male,6,10,94.2,99.4,0,13200,4.6,Secondary,0,0,0,0,0,0,5.7,High,41.9,20.7,0,0
5634,Male,10,14,73.5,68.3,1,22300,4.9,No Schooling,0,0,0,0,0,1,4.6,Medium,44.1,46.0,1,0
5635,Male,9,16,97.8,59.2,3,6700,3.0,Primary,0,0,0,0,0,1,3.6,Low,54.6,41.5,0,0
5636,Female,10,15,92.4,79.6,0,7300,0.1,No Schooling,0,0,0,0,0,1,5.2,High,73.9,54.3,0,0
5637,Male,9,15,90.3,100.0,4,3000,4.3,No Schooling,0,0,0,1,1,1,7.2,Medium,43.5,7.5,0,1
5638,Female,7,13,92.1,63.0,1,50000,0.5,Secondary,0,0,1,0,0,0,1.9,Low,46.7,36.8,1,1
5639,Male,8,12,85.4,90.3,1,6700,3.5,Secondary,1,0,1,0,0,0,6.6,Low,50.4,39.4,0,0
5640,Female,7,12,78.9,41.4,0,20900,1.5,Secondary,1,0,0,1,0,1,4.2,Medium,32.0,35.5,1,0
5641,Male,6,10,73.3,73.3,0,4700,0.5,Higher Secondary,0,0,0,0,0,1,1.3,Low,21.3,21.5,0,0
5642,Female,7,12,68.6,98.2,1,3000,4.8,Primary,1,0,1,0,0,0,5.5,Medium,42.5,63.7,0,0
5643,Female,7,11,56.7,67.5,0,5000,0.2,Primary,0,0,1,0,0,1,4.2,Low,36.5,22.9,1,0
5644,Male,6,12,93.3,67.4,4,8900,2.4,Higher Secondary,0,0,1,0,0,1,3.9,Low,58.1,30.2,1,0
5645,Female,10,14,75.7,24.1,0,8500,1.1,Secondary,0,0,1,0,0,1,1.9,Low,35.1,10.9,0,0
5646,Male,6,11,74.8,51.1,0,5000,1.5,No Schooling,0,0,1,1,0,1,4.1,Low,50.1,21.7,1,0
5647,Female,8,13,77.7,54.8,0,5700,6.5,Primary,1,0,0,0,0,1,2.1,Low,40.3,17.1,0,0
5648,Male,9,16,91.9,31.7,0,8700,2.3,No Schooling,0,0,0,1,1,1,3.6,Low,23.8,39.4,2,0
5649,Male,8,15,48.5,78.5,0,4600,12.3,Secondary,0,0,1,0,1,1,5.2,Low,31.3,51.8,0,0
5650,Male,6,11,82.0,54.3,2,5700,0.9,Primary,0,0,0,0,0,1,4.0,Low,14.4,38.6,0,1
5651,Female,8,13,81.7,86.8,0,3700,3.6,Secondary,0,0,0,0,0,1,5.3,Medium,64.9,27.4,0,0
5652,Male,9,15,57.2,24.3,0,13800,12.0,Primary,0,0,0,0,1,1,4.0,Low,32.3,16.5,0,0
5653,Female,10,16,75.7,52.3,1,3200,4.4,No Schooling,0,0,0,0,0,1,4.8,Low,29.0,12.6,0,0
5654,Male,7,13,81.6,100.0,2,6400,3.2,No Schooling,1,0,0,0,0,1,6.3,Low,32.2,29.2,0,1
5655,Male,6,10,88.5,69.1,4,11600,4.7,Primary,0,0,0,0,1,0,4.8,Medium,37.5,37.0,0,1
5656,Male,8,12,92.0,100.0,0,12200,3.1,No Schooling,0,0,1,0,0,0,7.1,Medium,48.8,39.1,0,0
5657,Female,7,13,73.8,73.3,0,3600,6.1,Primary,1,0,0,1,0,1,3.9,Low,13.9,21.9,0,0
5658,Female,9,14,87.0,78.0,0,13800,0.2,Primary,0,0,1,0,0,1,2.8,Low,38.7,26.5,0,0
5659,Male,9,16,52.7,56.6,4,11100,1.5,Higher Secondary,0,0,1,0,0,1,4.9,Low,27.8,19.3,1,1
5660,Female,9,13,58.5,44.8,4,12800,0.1,Primary,0,0,0,0,0,0,1.7,Low,28.8,21.7,0,1
5661,Male,10,14,70.0,100.0,1,7400,0.4,Higher Secondary,0,0,0,1,1,0,5.9,Low,48.9,58.0,0,0
5662,Male,8,15,61.2,65.2,1,11000,12.3,Primary,0,0,0,0,0,0,5.8,Medium,46.3,48.1,2,1
5663,Female,10,17,74.6,84.5,0,12300,6.0,Primary,0,0,0,0,0,0,1.9,Low,74.6,49.5,0,0
5664,Male,9,15,82.6,85.7,3,45800,3.5,Primary,0,0,1,0,1,1,5.0,Low,54.9,36.4,1,1
5665,Male,6,10,97.1,63.9,0,3000,0.2,Secondary,0,0,0,0,0,1,2.6,Medium,52.4,43.2,0,0
5666,Female,9,13,65.9,64.9,2,10800,0.1,Primary,0,0,0,0,0,1,4.0,Medium,50.6,29.9,2,0
5667,Male,9,16,81.8,76.1,0,13500,2.1,Primary,1,1,1,0,1,1,5.9,High,48.0,49.1,0,0
5668,Female,10,15,44.3,54.2,0,10000,0.5,Secondary,1,0,1,0,1,1,4.1,Low,15.7,26.8,0,0
5669,Female,7,12,71.9,62.0,1,16400,1.0,Secondary,0,0,0,0,0,1,2.4,Low,28.3,18.2,0,0
5670,Female,7,14,90.2,73.0,0,15800,2.6,Primary,0,1,1,1,1,1,2.1,Low,48.7,36.6,0,0
5671,Female,10,14,55.1,26.1,2,10400,3.6,Graduate,0,0,0,0,1,1,2.6,Low,32.8,20.8,0,0
5672,Female,6,11,82.6,71.4,0,7600,2.6,Primary,0,0,1,1,1,1,2.1,Low,40.9,21.4,0,1
5673,Male,9,15,75.6,67.8,0,3000,2.9,Secondary,1,0,0,0,1,1,5.5,Low,60.6,57.5,1,0
5674,Female,8,15,87.5,63.9,1,37100,4.2,Higher Secondary,0,0,1,0,0,0,5.7,Low,10.7,23.5,0,0
5675,Male,6,11,87.9,38.0,1,3000,0.1,Higher Secondary,1,0,0,0,1,0,4.6,Medium,28.7,25.3,1,0
5676,Female,6,10,94.3,91.6,0,12900,0.6,Primary,0,0,0,0,0,0,4.4,Low,48.9,42.7,0,0
5677,Male,9,13,89.2,61.8,1,10700,0.6,Primary,0,0,0,0,0,1,1.9,Low,41.6,31.7,0,0
5678,Female,6,10,93.4,100.0,0,3300,6.9,No Schooling,0,1,0,0,0,1,7.9,Medium,52.2,39.8,1,0
5679,Female,9,14,80.7,70.1,2,41100,1.6,Primary,0,0,1,0,0,1,5.4,Medium,40.0,27.1,0,0
5680,Male,9,15,69.9,69.0,1,15900,4.5,Primary,0,1,1,0,0,0,5.6,Low,46.0,39.6,0,0
5681,Female,9,14,63.6,77.7,4,10500,4.5,Primary,0,0,0,0,0,1,6.0,High,27.2,23.5,1,0
5682,Male,7,11,82.6,82.4,1,3400,2.3,No Schooling,1,0,0,1,0,1,5.1,High,44.9,24.3,0,0
5683,Male,6,12,76.8,65.7,1,24900,2.0,No Schooling,0,0,0,0,1,0,2.6,Low,50.7,41.4,0,0
5684,Female,9,16,61.3,100.0,0,26200,2.2,Primary,0,0,1,0,0,1,6.7,Medium,31.2,41.2,1,0
5685,Male,6,10,91.0,75.8,0,9500,2.3,Primary,0,1,0,0,1,1,5.0,Medium,55.2,47.0,0,0
5686,Male,7,13,64.3,23.4,0,30900,0.5,No Schooling,0,1,1,1,0,1,2.6,Low,30.8,21.6,0,1
5687,Male,10,16,76.4,52.0,0,9900,4.8,Secondary,0,0,0,0,0,0,7.3,High,30.0,17.8,0,0
5688,Male,7,13,91.6,100.0,0,11200,0.6,Primary,0,1,1,0,1,1,4.5,Low,49.4,49.2,0,0
5689,Female,7,11,65.7,84.1,4,8100,1.2,Primary,0,0,1,0,0,1,4.8,Low,40.8,36.3,0,0
5690,Female,10,16,95.0,63.5,3,14400,1.8,Secondary,0,0,0,0,0,1,1.9,Medium,39.8,47.3,1,0
5691,Female,6,12,88.5,68.8,0,12500,5.7,Primary,0,0,0,0,1,1,6.2,Low,41.0,21.3,0,0
5692,Male,6,12,82.6,39.2,0,5800,0.7,Secondary,0,0,1,0,0,1,1.0,High,25.3,23.3,0,0
5693,Female,8,15,64.5,56.8,0,3800,1.0,Higher Secondary,0,1,0,0,1,1,2.7,Low,29.2,26.1,0,0
5694,Female,9,15,79.6,68.7,5,7200,6.0,Graduate,1,0,1,1,1,0,4.3,Medium,44.0,23.8,0,0
5695,Female,10,17,74.0,61.1,0,13800,0.1,Secondary,0,0,0,0,0,1,4.8,Low,40.0,23.1,0,0
5696,Male,9,15,77.0,56.0,3,7300,11.3,Primary,0,0,1,0,0,1,3.9,Low,39.4,46.3,0,1
5697,Male,10,15,62.0,38.2,0,4300,8.7,Primary,0,0,0,0,1,1,4.2,Low,40.0,35.8,0,0
5698,Female,6,13,66.2,80.6,1,7800,3.1,Primary,0,0,1,1,0,1,6.7,Low,29.9,46.7,0,0
5699,Female,8,14,84.4,61.5,2,3600,2.9,Primary,0,0,1,0,0,1,5.1,Medium,29.5,43.7,0,0
5700,Male,6,12,74.4,49.4,1,5600,2.1,Secondary,0,0,1,1,1,1,4.3,Medium,44.4,36.6,0,0
5701,Female,10,16,55.4,88.3,0,3000,5.5,No Schooling,1,0,1,0,1,1,3.3,Low,36.0,22.1,0,0
5702,Male,10,15,92.6,66.9,5,8900,1.4,No Schooling,0,0,0,0,1,1,6.9,Medium,47.6,24.7,0,1
5703,Male,7,13,85.4,36.8,2,14200,1.3,No Schooling,0,1,1,0,0,0,3.2,Low,24.1,20.2,0,0
5704,Female,10,15,85.9,36.1,0,8400,0.7,Secondary,0,0,0,0,0,1,5.3,Low,35.1,41.5,0,0
5705,Female,9,13,90.8,27.1,0,10800,5.9,Secondary,0,1,0,0,0,1,3.0,Medium,52.2,31.4,0,0
5706,Male,6,11,72.6,100.0,1,9200,1.3,Secondary,1,0,1,1,0,1,5.6,Low,42.4,36.0,2,0
5707,Female,8,15,88.4,84.3,1,11400,1.4,Higher Secondary,0,0,0,0,0,1,5.1,Low,48.8,43.0,0,0
5708,Female,10,15,79.1,38.3,0,12400,2.4,Secondary,0,0,1,0,0,1,2.9,Medium,58.5,44.8,0,0
5709,Male,7,13,94.2,63.1,2,12600,0.8,Primary,0,0,0,0,0,1,4.9,Low,33.8,46.4,0,0
5710,Female,6,11,80.9,100.0,0,18300,0.4,No Schooling,0,0,1,0,0,1,6.1,Low,44.4,39.0,0,0
5711,Female,10,15,88.2,86.9,0,3000,7.9,No Schooling,0,0,0,0,0,1,5.8,Medium,27.7,48.0,0,0
5712,Female,7,12,70.6,100.0,0,14000,1.5,Secondary,0,0,1,0,0,1,5.9,Low,37.5,46.5,0,0
5713,Female,8,15,68.3,48.9,0,7000,2.3,No Schooling,0,0,0,0,0,0,2.3,Medium,15.7,29.0,0,1
5714,Female,9,13,76.8,46.6,0,5800,1.4,Secondary,0,0,1,0,0,1,3.1,Low,62.6,34.8,1,0
5715,Male,8,14,68.4,86.2,4,3000,5.0,Primary,0,0,0,0,0,1,5.0,Low,36.3,43.1,0,0
5716,Male,7,14,69.7,56.2,0,3000,1.8,Primary,1,0,0,1,1,1,4.7,Low,26.0,13.3,1,0
5717,Female,6,10,84.0,49.9,1,5700,2.2,Secondary,0,1,0,1,0,1,3.9,Low,52.2,44.6,0,0
5718,Female,10,17,85.0,81.9,5,4500,2.9,Secondary,0,0,0,0,0,1,3.0,Medium,50.5,29.1,0,1
5719,Male,8,14,95.6,72.7,4,16300,0.8,Primary,0,0,1,1,0,1,4.2,Medium,45.9,25.2,0,0
5720,Male,9,14,94.8,64.6,2,13600,0.9,Primary,0,1,0,0,0,0,4.1,Low,41.6,32.0,0,0
5721,Female,10,14,55.2,54.9,1,23200,4.6,Primary,0,1,0,0,0,1,5.0,High,37.2,15.6,1,1
5722,Male,6,13,90.9,48.6,0,7300,1.0,No Schooling,0,0,0,0,0,0,3.3,High,34.1,17.4,0,0
5723,Male,10,14,92.6,100.0,0,12800,0.8,Higher Secondary,0,0,0,0,0,1,6.7,Low,39.7,44.9,0,0
5724,Female,9,16,72.2,76.4,0,3000,0.3,No Schooling,0,0,0,0,1,0,4.8,Low,42.9,39.4,0,0
5725,Female,10,16,91.6,62.8,0,43200,6.3,Primary,0,0,1,1,0,0,3.3,Low,39.6,37.3,1,0
5726,Female,7,14,88.3,70.7,0,28500,1.0,No Schooling,0,0,0,0,1,1,6.5,Low,50.8,39.1,0,0
5727,Female,7,12,88.7,74.5,2,4500,0.3,Higher Secondary,0,0,0,0,1,1,3.2,High,31.5,48.3,0,1
5728,Male,9,13,64.5,62.9,3,24900,2.6,Secondary,0,0,0,0,0,1,3.0,Medium,42.7,41.9,0,0
5729,Female,10,16,86.6,59.9,1,3600,2.4,No Schooling,1,0,1,0,1,0,2.8,Low,66.1,31.2,0,0
5730,Male,10,15,62.1,43.7,1,5100,4.4,Primary,0,0,0,0,0,1,2.9,Low,14.5,24.0,0,0
5731,Male,7,13,94.0,71.2,0,8200,5.0,Primary,1,0,1,0,0,1,6.6,Low,44.4,31.1,0,0
5732,Female,8,13,90.3,55.2,0,4400,3.7,No Schooling,0,0,0,0,0,1,4.7,Low,52.3,31.1,0,0
5733,Female,6,11,91.5,100.0,2,12400,0.4,Primary,0,1,1,0,1,1,5.5,Low,51.3,47.8,1,0
5734,Female,9,15,78.2,5.2,0,18000,1.1,Higher Secondary,0,0,0,0,0,1,0.4,Low,39.6,10.7,0,0
5735,Male,10,16,90.5,58.5,1,3000,0.1,No Schooling,0,0,1,1,0,0,4.4,Low,42.2,50.1,0,1
5736,Female,9,15,81.1,57.8,0,42775,4.0,No Schooling,0,0,0,0,0,0,0.0,Low,28.4,32.6,0,0
5737,Female,7,13,70.2,69.2,2,4100,1.5,Primary,0,1,0,0,1,1,5.9,Medium,49.4,29.9,0,1
5738,Female,10,16,69.8,62.7,1,9800,0.9,Primary,0,0,0,1,0,1,3.7,Low,37.0,16.3,1,1
5739,Female,6,11,80.7,64.3,0,10000,2.4,No Schooling,0,0,1,0,0,0,3.2,Low,25.3,22.9,1,0
5740,Male,8,15,65.5,64.9,2,5200,3.7,Primary,0,0,0,0,0,1,4.6,Low,31.0,43.1,0,0
5741,Female,8,12,91.6,32.1,2,7200,1.2,Primary,0,1,1,0,0,1,2.4,Low,36.0,13.1,0,1
5742,Female,8,15,78.3,33.1,0,8700,1.9,Graduate,0,1,0,0,0,1,3.1,Low,29.1,8.2,1,0
5743,Female,9,16,80.8,77.8,0,5000,0.6,No Schooling,1,0,0,0,0,1,5.1,Low,46.1,47.8,2,0
5744,Female,8,14,82.1,92.6,0,3000,1.6,Higher Secondary,0,1,1,0,1,1,6.7,Low,59.8,59.5,0,0
5745,Female,6,10,76.0,76.2,0,13900,1.7,Secondary,0,1,1,0,0,1,4.0,Medium,32.5,41.5,0,0
5746,Male,6,13,96.6,88.8,1,13900,1.2,No Schooling,1,0,0,0,0,0,5.0,Low,51.1,47.4,0,0
5747,Male,8,14,81.8,76.9,0,13400,2.4,Primary,0,0,0,0,0,1,3.4,High,33.7,31.1,1,0
5748,Female,9,16,89.6,47.1,0,4000,4.7,Higher Secondary,0,0,0,1,0,1,2.0,Medium,40.2,33.1,0,0
5749,Female,8,12,88.3,49.3,0,6900,3.5,Primary,0,0,1,0,0,1,5.3,Medium,31.8,19.0,0,0
5750,Female,7,12,76.3,86.2,1,3000,0.5,Primary,0,0,0,0,1,1,7.1,Low,45.8,34.4,0,0
5751,Male,6,11,70.0,62.6,0,34900,6.0,Higher Secondary,0,0,0,0,0,1,2.8,Low,49.7,38.2,0,0
5752,Male,9,16,84.3,71.8,3,3200,1.3,No Schooling,0,0,0,0,1,1,3.9,Medium,43.4,32.6,0,1
5753,Female,8,13,88.7,77.9,2,19500,2.0,Secondary,0,0,0,0,0,1,3.2,Medium,52.6,49.0,1,0
5754,Female,8,12,60.7,100.0,0,4700,5.3,No Schooling,1,0,0,0,1,1,5.8,Low,43.6,27.1,1,0
5755,Male,8,14,64.7,24.2,1,10000,3.3,No Schooling,0,0,0,0,0,1,3.1,Medium,22.4,19.7,0,0
5756,Female,7,11,86.1,29.6,0,6800,0.6,Higher Secondary,0,1,1,1,0,1,1.5,Low,50.1,32.3,0,0
5757,Male,7,12,93.0,92.1,0,6200,1.4,Secondary,0,0,1,0,1,1,5.1,High,45.0,53.4,0,0
5758,Male,6,13,71.2,50.1,1,10800,1.8,Higher Secondary,0,0,0,1,0,1,1.7,Low,32.0,4.2,0,1
5759,Male,9,14,94.6,73.7,0,5500,4.6,Graduate,0,0,1,0,1,0,2.5,Low,37.4,43.4,0,0
5760,Male,7,12,78.3,75.3,2,3000,1.5,No Schooling,0,0,1,0,1,0,8.0,Low,43.1,32.3,1,0
5761,Male,7,11,93.8,53.5,1,7200,1.1,Primary,1,0,0,1,0,1,4.4,High,47.8,33.9,1,1
5762,Female,10,15,52.5,49.3,0,17700,2.5,No Schooling,0,1,0,0,1,1,3.3,Low,47.1,25.3,0,0
5763,Female,7,14,90.3,13.5,0,8200,0.4,Secondary,0,1,0,0,0,1,0.9,Low,36.7,29.6,0,1
5764,Female,8,15,80.8,100.0,2,4200,1.9,Primary,0,0,1,0,0,0,6.8,Low,45.7,27.9,1,0
5765,Male,7,14,84.8,64.0,0,50000,2.9,No Schooling,0,1,1,1,0,1,6.2,Medium,39.4,20.1,0,0
5766,Male,7,12,87.1,79.9,0,8200,0.5,Primary,1,1,0,0,1,1,6.8,Low,41.1,40.1,0,0
5767,Male,6,10,82.7,25.8,0,4500,6.2,Secondary,1,1,1,0,0,0,2.2,Low,20.2,15.4,0,0
5768,Female,10,14,69.1,42.6,2,36500,4.0,Primary,1,0,1,0,0,1,1.3,Low,21.6,27.3,0,1
5769,Male,8,12,72.2,65.3,0,3000,1.2,Primary,1,0,1,1,0,1,3.1,Low,38.7,27.1,1,0
5770,Female,9,13,81.0,100.0,1,4200,4.1,No Schooling,0,1,0,0,1,0,3.2,High,45.3,53.6,2,0
5771,Female,10,16,95.1,91.0,5,16600,3.0,No Schooling,1,0,1,0,0,1,7.3,Medium,71.6,32.2,0,1
5772,Female,6,12,84.6,61.3,0,4200,2.1,Primary,0,0,0,0,1,1,4.2,Medium,23.5,13.2,0,0
5773,Male,9,15,93.6,81.1,1,13500,1.4,Secondary,0,0,1,1,0,0,3.3,Low,38.9,28.7,0,0
5774,Female,6,10,87.6,71.1,0,14800,6.2,Primary,0,0,1,0,0,0,6.0,Low,21.9,19.7,0,0
5775,Male,8,14,64.9,76.7,0,34500,2.1,Higher Secondary,0,0,1,0,0,1,4.5,Low,53.8,40.8,0,0
5776,Male,10,14,54.9,61.8,0,17100,3.7,Graduate,0,0,0,0,0,1,4.4,Low,47.7,36.9,0,0
5777,Female,6,12,97.4,99.3,0,5900,1.1,Secondary,0,1,1,0,1,1,6.0,Medium,41.7,27.8,0,0
5778,Female,10,17,98.7,74.3,0,4800,4.6,No Schooling,0,0,0,1,1,1,6.0,Low,35.9,26.7,0,0
5779,Female,8,13,68.1,47.8,2,3900,0.6,Primary,1,0,0,0,0,1,2.5,Medium,51.9,6.7,0,0
5780,Male,7,12,72.8,43.5,0,3700,2.0,No Schooling,0,0,0,0,0,1,2.6,Low,53.5,40.3,0,0
5781,Female,6,11,84.2,60.6,0,10700,0.2,Secondary,0,0,0,0,0,1,3.3,Low,31.6,21.2,1,0
5782,Female,8,14,73.9,86.1,2,3000,5.5,No Schooling,0,0,0,0,0,0,6.4,Medium,22.3,10.5,0,0
5783,Male,8,14,93.7,91.8,3,9100,0.4,No Schooling,0,0,0,0,0,1,5.6,Low,58.7,42.0,0,0
5784,Female,6,10,70.1,67.9,0,3000,1.8,No Schooling,0,0,1,0,1,1,4.1,Low,27.8,33.0,0,0
5785,Male,8,13,78.7,77.0,0,9700,4.4,Secondary,0,0,1,0,0,1,7.5,Low,35.8,56.8,2,0
5786,Female,6,12,65.9,14.6,2,5500,5.8,No Schooling,1,0,0,0,1,1,0.0,Low,15.9,0.0,1,1
5787,Female,10,16,46.6,81.0,0,12600,1.4,Secondary,0,1,0,0,1,1,5.2,Low,25.3,24.7,0,0
5788,Female,7,13,95.4,86.1,1,3000,5.4,No Schooling,0,0,0,0,1,1,5.8,Low,45.7,52.2,0,0
5789,Female,8,14,78.4,89.4,0,15700,8.0,Primary,0,0,0,0,0,1,7.3,Low,34.2,34.4,0,0
5790,Male,9,14,95.9,85.4,2,8200,3.5,Higher Secondary,0,1,0,0,0,1,4.3,Medium,29.4,43.2,1,0
5791,Female,9,15,71.7,32.8,1,5800,0.1,Primary,0,0,0,0,1,1,2.5,Low,28.7,35.5,0,0
5792,Female,10,15,73.3,89.6,3,11700,3.1,Secondary,1,0,0,0,1,1,7.2,High,35.4,49.6,1,1
5793,Male,10,15,91.1,100.0,4,11100,3.1,Secondary,0,0,0,0,0,1,8.0,Low,60.0,47.8,0,0
5794,Male,6,11,80.6,100.0,2,3100,0.5,Secondary,1,0,0,0,0,1,8.0,Low,49.7,41.4,1,0
5795,Female,7,12,93.1,57.4,0,9000,0.1,Primary,0,0,0,0,1,1,4.7,Medium,47.4,37.3,0,0
5796,Female,9,13,62.1,64.3,1,13500,1.2,No Schooling,0,0,0,0,0,1,7.2,Medium,55.2,39.6,0,0
5797,Male,6,10,87.6,23.2,3,3000,6.7,Higher Secondary,0,0,1,1,0,1,0.5,Low,32.5,14.2,0,1
5798,Female,9,13,85.6,88.3,0,9300,3.4,Graduate,0,0,1,1,0,1,8.0,Low,46.3,28.6,0,0
5799,Female,6,11,91.2,74.1,0,18800,5.4,Graduate,1,1,0,0,0,1,3.1,Low,43.3,34.6,1,0
5800,Male,10,15,94.5,82.8,1,9100,0.8,No Schooling,0,0,1,0,1,1,7.1,Medium,62.2,29.6,0,0
5801,Male,9,13,95.2,100.0,1,5800,4.7,No Schooling,0,1,1,0,1,1,2.9,Low,45.5,39.5,1,0
5802,Female,8,12,94.4,51.1,0,3100,1.8,Secondary,0,0,0,0,1,0,5.9,Low,55.3,32.1,0,0
5803,Female,7,13,66.1,60.2,0,3800,0.9,No Schooling,0,0,1,0,1,1,3.2,Low,50.3,12.4,1,0
5804,Female,10,14,55.0,38.4,1,6100,2.3,Higher Secondary,0,1,0,0,0,0,2.9,Medium,38.9,36.7,0,1
5805,Male,9,16,78.7,13.7,0,14000,0.7,Higher Secondary,1,0,1,0,1,1,2.9,Low,40.1,13.4,1,0
5806,Female,9,13,71.4,75.7,3,12300,9.6,No Schooling,0,1,0,0,0,1,3.5,Low,32.0,38.7,0,0
5807,Female,10,15,89.2,72.5,1,6100,4.0,Secondary,0,0,0,0,1,1,6.1,Medium,57.2,15.5,0,0
5808,Female,6,13,85.6,26.3,1,4500,1.7,Primary,0,0,1,0,0,1,1.3,Medium,21.7,0.0,0,0
5809,Male,6,10,88.3,99.1,0,5300,0.9,Secondary,0,0,1,0,1,1,5.7,High,28.3,46.0,1,0
5810,Female,6,11,86.3,58.2,1,18200,0.2,Secondary,0,0,1,0,0,0,7.0,Medium,47.6,1.4,1,0
5811,Male,9,14,76.0,70.2,4,3000,14.1,No Schooling,0,0,0,0,0,1,4.7,Medium,43.2,47.3,0,1
5812,Male,8,14,67.1,41.2,0,8200,2.1,Secondary,0,0,1,0,0,0,2.3,Low,31.4,15.8,1,0
5813,Female,7,14,93.0,92.4,1,5500,1.7,Primary,1,0,1,0,0,1,4.4,Low,53.4,46.0,0,0
5814,Female,10,16,85.3,100.0,0,12600,6.1,Primary,0,0,0,0,0,1,5.2,Medium,42.8,35.9,0,0
5815,Female,6,11,77.5,47.4,0,6800,0.5,Primary,0,0,1,0,1,1,0.8,Low,39.5,27.3,0,0
5816,Female,9,14,80.1,73.9,3,3300,2.2,No Schooling,0,0,0,0,0,1,0.5,Medium,70.2,36.0,0,0
5817,Male,8,14,77.0,83.5,0,23800,1.2,Primary,0,0,0,0,1,1,6.3,Low,46.6,23.4,0,0
5818,Male,7,12,74.3,34.6,0,9100,1.7,No Schooling,0,0,0,0,0,1,0.0,Medium,29.7,29.7,1,0
5819,Male,6,12,64.9,35.9,2,8800,0.2,No Schooling,0,0,0,0,0,1,3.9,Low,22.9,22.6,2,1
5820,Male,9,14,78.6,46.3,0,3000,4.0,Higher Secondary,1,0,0,0,0,1,1.2,Medium,26.0,25.9,0,0
5821,Female,9,13,85.4,100.0,1,6200,2.4,Higher Secondary,0,1,0,0,1,1,3.9,High,52.7,47.2,0,0
5822,Female,7,13,91.8,57.8,0,4700,0.9,Primary,0,0,1,0,1,1,2.8,Low,34.3,16.9,0,0
5823,Female,8,13,82.6,28.7,3,47573,2.6,Secondary,0,0,1,0,0,1,3.0,Low,31.6,0.0,0,0
5824,Male,8,13,82.7,51.7,3,3000,1.9,Secondary,0,0,1,0,1,1,7.3,Low,17.8,16.8,0,0
5825,Male,7,12,83.8,40.4,1,8500,5.9,Higher Secondary,1,1,0,0,1,0,3.2,High,39.6,8.9,0,0
5826,Male,8,12,93.2,84.7,0,14000,0.1,Secondary,0,0,0,0,0,1,6.0,Medium,61.2,30.4,0,0
5827,Female,8,13,68.8,70.5,2,5300,0.8,Secondary,1,0,0,1,1,1,5.3,High,40.4,34.9,0,0
5828,Male,10,17,63.9,76.9,1,9500,3.6,Secondary,0,0,0,0,0,1,6.9,Low,32.6,50.3,0,0
5829,Female,9,14,80.5,80.4,0,3800,2.7,Primary,0,0,0,0,0,0,5.8,Medium,74.8,57.5,0,0
5830,Female,6,12,80.0,45.0,0,25400,0.8,Secondary,0,0,1,0,0,0,3.0,Medium,36.8,29.3,0,0
5831,Female,9,14,86.3,39.5,2,3800,0.7,Graduate,0,0,1,1,0,1,1.3,Low,54.4,28.1,0,0
5832,Male,7,11,94.2,45.8,1,6900,1.9,Primary,0,0,1,0,0,1,2.3,Medium,48.5,17.7,0,0
5833,Male,10,17,75.4,60.4,0,4500,3.4,Graduate,0,0,0,0,0,1,2.0,Low,38.3,36.4,1,0
5834,Female,8,15,80.6,70.9,0,4100,7.7,Secondary,0,0,0,1,0,1,8.0,High,42.5,34.9,0,0
5835,Female,6,10,93.5,63.3,1,23800,0.8,Primary,0,0,1,0,0,1,5.4,Low,15.4,34.6,1,0
5836,Male,9,13,84.0,86.2,1,22100,2.4,No Schooling,0,0,0,0,0,1,5.2,Low,30.2,29.3,1,1
5837,Female,6,13,61.8,28.6,3,5600,0.2,Graduate,0,0,0,0,1,1,1.2,Low,22.6,33.3,1,0
5838,Male,10,14,69.5,54.1,0,50000,5.1,Secondary,0,1,1,1,0,1,3.6,Low,39.1,30.2,0,0
5839,Male,10,17,92.5,45.9,1,17200,7.0,Higher Secondary,0,0,0,0,0,1,4.8,Medium,36.4,27.4,1,0
5840,Male,9,13,69.9,40.3,0,16200,6.7,Secondary,0,0,0,0,1,0,5.0,Medium,32.4,33.5,0,0
5841,Male,8,15,83.6,49.8,0,8000,3.5,No Schooling,0,0,0,0,1,0,3.9,Medium,62.5,43.7,1,0
5842,Male,8,15,88.7,100.0,3,18400,4.1,No Schooling,1,0,1,0,1,1,4.8,Low,63.9,58.0,0,0
5843,Male,7,11,96.6,100.0,0,8700,0.7,Secondary,0,1,0,0,0,1,5.0,Low,59.4,57.7,0,0
5844,Female,6,10,72.2,24.8,0,4000,4.4,Secondary,0,0,1,0,0,1,2.3,Medium,63.8,15.6,0,0
5845,Male,10,14,99.1,100.0,0,7900,0.1,Primary,0,0,1,0,1,1,7.0,Low,60.3,54.3,0,0
5846,Female,7,14,89.9,45.5,1,5900,1.8,Primary,0,0,0,0,0,0,0.6,Low,57.9,48.4,0,1
5847,Female,7,12,75.4,79.3,0,3400,1.4,Higher Secondary,0,0,0,0,1,1,8.0,Low,49.3,39.0,0,0
5848,Male,6,12,68.9,33.8,0,16300,1.1,No Schooling,0,0,0,0,0,1,1.7,Medium,47.2,26.5,2,0
5849,Male,10,16,74.2,35.0,1,9100,0.4,Graduate,1,0,1,1,0,1,3.7,Low,40.7,31.5,1,1
5850,Female,10,16,88.2,81.8,1,7600,4.3,Secondary,0,0,1,1,1,0,5.0,Medium,51.2,53.3,0,0
5851,Female,7,11,87.4,74.7,5,27400,4.2,Primary,0,0,1,1,1,0,4.0,Low,28.6,33.6,0,1
5852,Female,7,12,92.5,83.7,0,9100,0.6,Secondary,1,0,0,1,0,0,5.3,Medium,67.3,51.3,0,0
5853,Male,9,15,74.0,67.1,3,19200,1.2,Secondary,1,0,1,0,0,1,5.2,Medium,23.4,42.4,0,0
5854,Male,7,11,68.6,26.2,0,3900,6.8,Primary,0,0,1,0,0,1,2.6,Low,25.6,9.2,0,0
5855,Male,10,15,81.3,41.9,0,4700,0.5,Secondary,0,1,1,0,0,1,5.9,Low,66.4,40.7,0,0
5856,Female,10,16,70.4,51.9,1,8100,0.5,Primary,0,1,1,0,0,1,2.0,Low,35.7,27.7,0,1
5857,Female,9,14,75.1,34.8,0,8700,0.9,Primary,0,0,0,0,1,1,4.4,Low,41.7,13.2,1,0
5858,Male,6,11,90.2,56.8,2,10000,11.1,Higher Secondary,1,0,1,0,0,1,4.9,Low,38.4,26.6,0,0
5859,Female,9,16,76.7,48.2,0,16300,0.5,No Schooling,0,0,1,0,0,0,4.3,Low,43.9,28.5,0,0
5860,Male,10,16,93.1,83.7,0,50000,13.6,Higher Secondary,0,1,1,1,0,1,3.6,Low,43.7,53.7,1,0
5861,Female,7,13,50.3,71.4,1,3000,2.5,Primary,0,0,1,1,0,1,4.8,High,33.2,39.3,1,0
5862,Male,10,14,87.2,36.6,0,5300,0.3,Primary,0,0,0,0,0,1,2.5,Medium,21.2,17.7,1,0
5863,Female,7,14,88.9,53.4,1,10700,2.3,No Schooling,1,0,0,0,0,1,5.6,Medium,35.7,24.3,0,0
5864,Female,10,17,97.8,71.1,0,31800,6.1,Secondary,0,0,1,1,0,1,4.7,Low,42.3,26.9,0,0
5865,Female,9,16,66.4,28.0,0,6900,5.2,Secondary,0,0,0,0,1,1,2.4,Low,32.1,18.5,0,0
5866,Male,6,12,74.4,45.0,0,8000,0.8,Higher Secondary,0,0,1,0,1,1,2.7,Medium,21.2,27.6,1,0
5867,Female,8,14,55.9,100.0,0,6100,2.4,Graduate,0,0,0,0,1,1,5.9,High,25.0,36.3,0,0
5868,Female,6,12,70.4,75.1,5,11700,8.4,No Schooling,0,0,0,0,1,1,5.7,Medium,63.1,37.2,0,1
5869,Male,7,13,79.0,100.0,0,7900,5.0,Secondary,0,0,0,0,1,1,4.2,Low,21.2,35.9,1,0
5870,Male,10,15,86.3,20.5,1,14300,13.0,No Schooling,0,0,0,1,0,1,1.9,Low,22.7,40.2,0,1
5871,Female,7,13,86.4,100.0,2,39595,1.5,Higher Secondary,0,0,0,0,1,1,3.9,Medium,75.3,37.8,0,0
5872,Male,10,15,71.7,20.1,0,6200,2.8,Secondary,0,1,0,0,0,0,3.3,Low,43.6,23.0,1,0
5873,Male,6,13,88.2,85.5,3,15800,2.3,No Schooling,1,1,0,0,0,1,7.0,Medium,28.1,41.0,2,0
5874,Male,9,14,83.6,34.2,0,4800,0.8,No Schooling,0,0,0,0,0,1,1.8,Medium,50.5,15.5,0,0
5875,Male,10,15,87.1,64.5,2,9400,0.3,Graduate,0,0,0,0,0,1,5.9,Medium,47.3,46.1,0,0
5876,Male,9,13,53.0,58.7,1,5000,1.3,No Schooling,1,0,0,0,1,1,6.5,Medium,42.1,31.9,0,0
5877,Female,10,17,89.7,45.2,2,3000,3.7,Primary,0,0,0,0,0,1,3.9,Medium,59.8,35.7,0,0
5878,Male,10,16,84.6,35.9,0,15400,4.0,Higher Secondary,0,0,0,0,0,0,3.0,High,38.8,13.3,1,0
5879,Female,9,13,70.4,44.7,2,3900,1.1,Secondary,0,0,0,0,0,1,6.0,Low,29.6,25.9,2,0
5880,Male,9,13,84.8,64.4,3,4800,1.2,Primary,0,0,0,0,0,1,4.9,Low,46.5,38.2,0,0
5881,Male,6,13,94.5,55.0,0,6300,2.0,Graduate,1,0,1,0,1,1,4.8,Medium,51.9,17.3,0,0
5882,Male,7,11,80.0,67.5,1,30600,0.1,Secondary,1,0,1,1,1,0,5.4,Medium,49.2,15.6,0,0
5883,Female,7,12,74.2,55.1,0,25200,1.5,Primary,0,0,1,0,0,1,4.3,Low,30.6,10.7,0,0
5884,Female,10,14,91.8,82.7,1,3000,0.6,Higher Secondary,0,0,0,0,1,1,4.5,High,65.8,40.1,0,0
5885,Male,9,15,90.3,33.8,3,3400,3.2,Higher Secondary,1,1,1,0,1,0,0.0,Medium,51.1,23.0,1,1
5886,Male,8,12,91.4,55.3,1,30100,2.4,Secondary,0,0,1,0,0,1,3.8,High,36.5,33.9,0,0
5887,Male,10,15,89.4,61.7,1,37400,2.4,Higher Secondary,0,1,0,0,0,1,4.9,Medium,58.7,54.6,0,0
5888,Male,6,12,92.5,58.2,2,11300,0.4,Primary,0,1,0,1,1,1,4.1,High,36.8,39.6,0,0
5889,Female,10,15,80.9,23.8,1,8900,0.7,No Schooling,0,0,0,0,0,1,0.0,High,47.0,20.4,1,0
5890,Male,6,12,95.9,100.0,0,7800,2.1,Primary,0,1,1,0,0,1,3.7,Low,61.2,60.3,0,0
5891,Female,7,13,85.1,99.0,1,6900,2.4,Higher Secondary,0,0,0,0,0,1,5.3,Low,44.9,22.1,0,0
5892,Female,9,14,85.3,100.0,3,3400,3.1,No Schooling,0,0,1,0,0,1,4.7,Medium,41.3,36.0,0,0
5893,Male,7,12,92.9,75.5,1,14500,1.0,No Schooling,0,0,1,0,0,1,5.0,Low,48.1,25.1,0,0
5894,Female,9,14,81.1,64.6,0,4200,3.2,Secondary,1,0,0,0,0,1,6.1,Low,43.0,28.6,0,0
5895,Male,9,14,58.3,57.3,3,12800,0.3,No Schooling,0,0,1,0,0,0,6.1,Low,46.0,24.0,0,0
5896,Female,10,16,66.6,84.8,3,8300,4.1,Primary,0,0,0,0,0,1,5.3,Low,30.4,30.0,0,0
5897,Male,6,13,69.7,98.7,0,17400,0.7,Graduate,1,0,1,0,0,1,7.0,High,30.0,65.5,0,0
5898,Female,6,12,93.4,62.1,0,5000,0.5,Secondary,0,0,1,1,1,1,4.2,Medium,12.4,10.8,0,0
5899,Female,6,10,79.0,82.4,0,3300,2.6,No Schooling,0,0,0,0,0,1,5.0,Low,51.1,51.8,0,0
5900,Male,8,15,87.4,83.6,3,4000,2.4,Higher Secondary,0,0,0,1,0,1,4.9,Low,49.3,21.5,0,0
5901,Female,6,13,80.4,93.5,1,8000,8.5,No Schooling,1,0,0,0,0,0,5.9,Medium,30.2,20.4,1,0
5902,Male,7,14,88.0,29.1,0,7300,0.9,Primary,0,1,0,0,0,1,2.6,Medium,28.2,10.0,0,0
5903,Male,10,14,73.4,69.0,0,3300,4.5,Secondary,0,0,0,0,1,1,2.8,Low,20.1,12.6,0,0
5904,Female,10,17,78.0,73.3,1,5600,9.2,Secondary,1,0,1,0,1,1,3.7,Medium,54.2,33.1,0,0
5905,Male,10,15,93.5,100.0,4,8600,1.3,Graduate,0,0,0,0,0,1,6.3,High,53.8,32.0,0,0
5906,Female,6,13,61.8,32.4,0,13300,4.7,Primary,1,0,0,0,0,1,0.8,Medium,16.0,13.7,0,1
5907,Female,8,15,70.9,73.3,5,8000,0.7,Primary,0,0,1,0,1,1,4.9,Low,36.8,24.2,1,1
5908,Female,6,13,71.9,78.7,1,13200,2.6,Secondary,0,0,0,0,1,1,5.8,Low,45.7,38.3,1,0
5909,Male,7,11,83.6,84.5,1,8300,4.1,No Schooling,0,0,0,1,0,0,6.1,Medium,54.2,33.4,0,0
5910,Male,7,13,63.2,76.3,0,8400,3.6,Secondary,0,0,1,0,0,1,2.3,High,29.7,60.3,0,0
5911,Female,10,16,85.9,54.3,0,11500,0.8,Primary,0,0,0,0,0,1,3.1,Low,38.5,24.3,1,0
5912,Male,9,15,73.3,59.1,1,3500,0.8,No Schooling,1,0,0,0,0,1,6.4,Low,16.1,29.1,2,0
5913,Female,7,14,84.7,91.9,0,30400,1.2,Primary,0,0,0,1,0,1,5.8,Low,31.5,32.0,1,0
5914,Male,9,15,83.1,100.0,1,8600,1.2,No Schooling,0,0,0,0,0,1,5.5,Low,39.7,40.4,1,0
5915,Male,10,14,48.6,76.9,0,7600,5.9,Primary,0,0,1,0,1,1,3.6,Low,31.8,33.1,2,0
5916,Female,6,10,65.3,50.4,1,9600,4.1,Secondary,0,1,1,0,0,0,2.2,Low,35.6,46.4,0,0
5917,Female,9,15,97.0,73.8,1,18000,2.5,Higher Secondary,1,0,0,0,1,1,1.9,High,40.5,36.4,0,0
5918,Female,6,11,88.6,73.8,0,10800,1.0,Primary,0,0,0,0,0,1,7.2,Low,54.7,49.8,0,0
5919,Female,6,11,71.9,44.6,2,12700,3.7,Secondary,0,0,1,1,0,1,0.6,Low,12.1,0.0,0,1
5920,Male,10,17,47.6,58.3,2,8600,1.3,Secondary,0,0,1,0,0,0,5.5,Medium,27.6,37.3,0,1
5921,Male,6,10,89.1,91.7,0,3800,7.6,Primary,0,1,0,0,1,0,7.2,Medium,35.2,38.2,1,0
5922,Male,9,15,75.2,84.3,0,3000,3.6,Higher Secondary,0,0,0,0,0,0,6.8,High,24.5,12.8,1,0
5923,Female,6,11,72.0,57.4,0,14500,0.2,Secondary,1,0,0,0,1,1,2.2,Low,41.9,16.0,0,0
5924,Male,8,12,85.5,61.5,0,16400,1.1,Graduate,0,0,0,0,1,1,2.2,Low,58.4,49.7,0,0
5925,Female,8,13,76.4,84.9,0,3500,2.7,Secondary,0,1,0,0,0,1,7.1,Low,34.8,49.3,0,0
5926,Male,10,15,73.5,70.4,1,3200,0.3,No Schooling,0,0,1,0,0,1,4.7,Low,39.8,29.1,1,1
5927,Female,10,15,94.0,70.8,1,3600,0.2,No Schooling,0,0,0,1,0,1,4.4,Low,37.9,30.7,0,0
5928,Female,9,13,81.0,72.2,0,5200,4.8,Higher Secondary,0,0,0,1,0,1,5.9,Low,36.8,40.2,0,0
5929,Female,7,13,77.1,35.4,0,4200,5.4,Higher Secondary,1,0,0,0,0,1,1.2,Low,36.9,20.4,0,0
5930,Male,6,11,75.9,66.9,0,8500,2.2,Secondary,0,0,1,0,0,1,6.1,Low,44.1,31.3,1,0
5931,Female,9,15,70.8,15.9,0,8700,7.0,Primary,1,0,0,0,0,0,1.8,Low,36.0,15.7,0,0
5932,Male,8,14,85.1,60.8,0,8000,0.2,Primary,0,0,0,0,1,1,3.7,Low,26.7,36.4,1,0
5933,Male,6,12,74.0,55.8,2,5400,9.2,Primary,0,0,1,1,1,0,2.3,High,42.5,21.1,0,0
5934,Male,10,16,79.5,10.7,0,4100,0.9,Primary,0,0,1,0,0,1,1.1,Low,21.8,18.5,1,1
5935,Male,7,12,95.9,100.0,0,3000,2.9,Higher Secondary,1,0,0,0,0,1,5.8,Low,49.0,47.4,0,0
5936,Female,6,11,94.1,49.6,0,5100,3.2,Graduate,0,0,0,0,0,1,2.9,Low,52.2,24.6,0,0
5937,Male,10,16,92.0,50.0,2,11900,0.9,Primary,0,0,1,0,0,1,3.3,Medium,40.1,19.7,0,0
5938,Male,8,12,85.6,42.2,0,3000,1.2,No Schooling,0,0,0,0,0,1,2.2,Medium,42.5,27.8,0,0
5939,Female,9,15,97.4,77.0,0,7300,1.5,No Schooling,0,0,0,0,0,1,3.4,Medium,52.3,16.2,0,0
5940,Female,6,11,66.4,82.4,0,3600,0.8,Primary,0,0,1,0,1,1,6.8,Low,48.2,51.2,0,0
5941,Female,7,12,88.0,68.4,0,3100,0.3,Secondary,0,0,0,0,1,1,7.7,Low,46.8,18.6,0,0
5942,Female,9,13,81.7,78.5,0,15100,3.3,Primary,0,1,1,1,0,0,7.5,Medium,32.5,19.5,1,0
5943,Male,7,12,84.4,26.4,2,18100,0.7,Graduate,0,0,0,0,0,1,1.5,Low,56.6,36.7,0,0
5944,Female,9,14,49.0,49.3,1,10900,0.6,No Schooling,0,1,0,0,0,1,2.1,Low,19.1,30.4,0,1
5945,Male,7,14,84.2,86.8,0,3300,1.7,Primary,1,0,0,0,1,1,6.5,Low,34.0,24.1,1,0
5946,Male,6,12,76.0,100.0,0,13800,0.9,Secondary,0,0,0,0,1,0,4.4,Low,42.7,33.8,1,0
5947,Male,6,11,71.8,68.7,2,12900,2.0,Primary,0,0,1,0,0,1,4.9,Low,58.7,28.4,0,0
5948,Female,7,11,95.2,100.0,0,31100,0.2,Secondary,0,0,1,1,0,1,4.3,Low,38.9,31.2,0,0
5949,Male,7,12,99.8,4.3,2,5300,2.5,Primary,1,0,1,0,0,1,2.9,Low,25.6,32.5,0,0
5950,Female,9,16,62.9,54.4,0,10000,0.3,Higher Secondary,0,1,0,0,0,0,3.8,Medium,39.0,20.5,1,1
5951,Male,8,12,82.2,74.6,0,4100,6.3,Primary,0,0,0,0,1,1,2.8,Low,43.1,17.3,3,0
5952,Male,6,12,96.0,99.3,0,3000,0.1,Higher Secondary,0,0,1,0,0,1,5.4,Medium,54.9,48.7,0,0
5953,Male,8,14,93.9,98.6,0,3000,0.7,No Schooling,0,0,0,1,0,1,8.0,Low,54.8,38.0,0,0
5954,Male,7,11,43.8,0.0,0,8000,3.2,Primary,0,0,1,0,0,1,1.3,Medium,39.9,22.3,0,0
5955,Male,7,14,98.7,72.6,1,4600,0.1,Primary,0,1,1,0,0,0,5.1,Medium,28.1,27.7,0,0
5956,Female,10,15,80.3,83.4,0,11100,0.6,No Schooling,0,0,0,0,0,1,8.0,High,39.3,47.5,0,0
5957,Female,9,15,90.7,95.5,2,12100,3.2,Primary,0,0,0,0,0,1,6.2,Low,55.0,53.6,1,0
5958,Male,9,13,82.0,85.7,0,7800,1.5,Higher Secondary,1,0,1,0,1,1,4.9,High,36.7,31.3,0,0
5959,Female,7,14,75.7,52.0,0,3000,6.5,Secondary,1,0,0,0,1,1,2.4,Low,25.8,23.5,0,1
5960,Male,6,10,79.8,4.8,1,3900,3.9,Graduate,1,0,0,1,1,0,4.2,Low,51.9,0.0,0,1
5961,Male,9,14,85.1,100.0,1,9100,3.7,Primary,0,0,0,0,1,1,5.3,Low,15.8,50.1,1,0
5962,Male,8,15,73.4,71.4,0,9800,0.1,Secondary,0,0,1,0,0,1,4.9,High,49.8,33.8,0,0
5963,Male,8,14,42.7,30.0,4,9900,2.7,No Schooling,1,1,1,1,1,0,4.3,Medium,12.3,26.7,0,1
5964,Male,10,16,77.0,66.6,3,14200,5.5,Primary,0,0,0,1,0,1,2.7,High,28.9,41.2,0,0
5965,Female,7,12,85.2,71.4,0,6500,1.1,Graduate,0,0,0,0,0,1,5.7,Low,33.2,34.9,0,0
5966,Male,9,16,84.3,81.1,0,9000,0.6,Graduate,1,0,0,0,0,1,4.4,Low,27.1,23.3,2,0
5967,Female,8,15,57.0,15.0,0,11500,0.9,Secondary,0,0,0,1,0,1,0.0,Low,14.6,14.3,0,0
5968,Male,7,13,89.9,38.8,0,15300,2.8,Primary,1,0,1,0,0,1,1.5,Medium,41.3,30.2,0,0
5969,Female,6,10,87.3,76.1,2,7700,0.6,Higher Secondary,0,0,0,0,0,0,7.0,Low,48.1,17.9,0,0
5970,Female,8,15,96.7,95.2,0,7500,0.8,Secondary,0,1,0,1,1,1,6.1,Low,38.2,28.7,0,0
5971,Male,7,11,80.9,22.0,3,9600,0.5,Primary,0,0,0,0,1,1,1.3,Low,45.5,29.1,1,0
5972,Male,9,16,90.0,55.7,0,8000,0.3,Primary,0,0,0,0,0,0,3.4,Medium,14.4,16.9,1,0
5973,Female,9,13,95.5,76.6,1,6400,0.2,Primary,0,0,0,0,0,1,2.5,High,39.3,29.5,0,1
5974,Female,8,12,69.7,27.4,1,5000,4.0,Graduate,0,0,0,0,0,0,2.6,Low,32.7,25.5,1,0
5975,Female,8,12,92.4,97.9,0,3000,2.9,No Schooling,0,0,0,0,0,1,4.4,Low,68.4,35.5,0,0
5976,Male,8,12,88.1,98.4,3,11300,3.0,No Schooling,1,0,1,0,1,1,6.6,Low,54.2,55.8,0,0
5977,Female,8,14,82.8,75.6,0,10700,0.5,No Schooling,0,0,0,1,1,1,4.4,High,63.3,43.5,0,0
5978,Male,10,15,83.6,72.4,0,9300,11.1,Higher Secondary,0,0,0,0,0,1,4.2,Low,54.7,41.7,1,0
5979,Male,6,10,87.3,38.1,0,10300,2.6,No Schooling,0,0,0,1,1,1,4.7,Medium,16.5,28.7,0,0
5980,Female,10,15,68.5,52.4,2,6900,0.5,Primary,0,0,1,0,0,1,4.9,Medium,53.0,41.1,0,1
5981,Male,6,13,73.6,70.4,1,28700,0.2,Primary,0,1,1,0,0,1,4.9,Low,44.2,15.9,0,0
5982,Female,6,12,86.7,51.4,0,14400,3.1,Primary,0,0,0,0,0,1,3.5,Low,46.4,29.5,0,0
5983,Female,9,15,80.7,53.5,0,30200,0.9,Graduate,1,0,0,0,0,1,3.9,Low,40.5,21.4,1,0
5984,Male,6,11,63.4,59.2,0,4900,0.5,Graduate,1,0,0,0,0,1,3.3,Low,15.4,18.9,1,0
5985,Female,7,13,75.8,68.2,2,7500,6.4,Primary,0,0,0,0,1,1,8.0,Low,33.1,39.6,0,0
5986,Male,6,13,61.5,27.0,2,7500,0.3,Secondary,0,0,1,0,1,1,2.4,High,14.5,15.6,0,0
5987,Male,9,15,83.9,49.7,0,21500,12.1,Primary,0,0,1,0,0,1,3.1,Low,56.4,38.7,0,0
5988,Male,8,12,63.2,56.9,2,3000,1.9,Graduate,0,0,0,0,0,1,3.3,Low,19.4,35.0,1,1
5989,Female,6,12,64.8,49.7,1,12000,0.4,Primary,1,0,0,0,0,1,2.9,Medium,41.5,14.2,0,0
5990,Male,8,15,96.2,75.0,0,9100,1.6,Graduate,0,0,1,0,0,0,4.5,Low,42.9,56.0,2,0
5991,Male,6,10,85.3,48.6,0,16800,5.1,No Schooling,0,0,1,0,0,1,4.4,Low,49.9,32.8,0,0
5992,Female,10,15,93.4,45.3,0,5500,0.9,Primary,0,0,0,0,0,0,3.0,Medium,19.6,27.8,0,0
5993,Female,6,12,83.2,69.1,0,3000,4.9,No Schooling,1,0,1,0,0,1,5.1,Medium,35.7,29.4,0,0
5994,Female,8,12,77.5,34.3,3,30500,7.1,Secondary,0,0,1,0,0,1,1.4,Medium,19.4,38.8,0,1
5995,Female,8,14,73.5,56.0,0,8000,3.7,No Schooling,1,0,1,0,0,1,3.7,Low,35.4,28.9,0,0
5996,Male,8,15,47.0,16.8,0,15800,2.2,No Schooling,0,0,1,1,0,1,2.1,Low,11.4,15.6,0,0
5997,Female,10,16,61.7,20.7,2,6500,0.3,Primary,0,0,0,0,1,1,1.9,Medium,35.1,17.1,0,0
5998,Female,7,12,70.3,76.2,0,18000,3.3,Graduate,1,0,1,0,0,0,5.0,Medium,28.4,20.8,0,0
5999,Female,9,13,70.4,56.8,0,13900,14.7,Primary,0,0,0,0,0,1,6.0,Medium,61.3,40.5,0,0
6000,Female,8,14,74.4,12.4,1,19100,2.6,No Schooling,0,0,1,0,0,1,1.6,Medium,36.4,8.0,0,0
6001,Male,9,16,97.1,93.5,0,6400,4.4,Secondary,1,0,0,1,1,0,1.7,Medium,50.8,51.3,1,0
6002,Male,7,14,57.4,36.5,0,20900,0.1,Secondary,0,0,1,0,0,0,3.0,High,40.9,36.0,0,0
6003,Female,7,13,83.3,73.4,0,11700,1.6,Graduate,0,1,0,0,0,1,5.7,Low,59.4,27.1,0,0
6004,Male,6,10,80.8,79.6,4,3000,0.7,Higher Secondary,0,0,1,1,0,0,8.0,Medium,53.5,34.7,1,0
6005,Male,6,11,91.1,96.6,0,21100,3.1,Graduate,0,0,1,0,1,1,4.3,Low,51.0,35.5,0,0
6006,Male,10,15,69.2,55.1,0,12200,6.1,Secondary,1,0,1,0,1,1,3.1,Low,43.1,31.7,0,0
6007,Female,9,13,94.8,57.2,2,6600,1.5,Higher Secondary,0,0,0,0,0,1,5.4,Medium,45.0,42.6,1,0
6008,Female,7,11,58.3,35.3,0,7400,1.1,Secondary,1,0,1,0,0,1,1.4,Medium,21.7,9.9,0,1
6009,Female,8,14,78.7,27.4,1,4000,2.6,Secondary,0,0,0,0,1,0,2.5,Low,44.6,33.6,0,0
6010,Female,9,13,75.8,53.9,0,9000,2.1,No Schooling,0,1,1,0,1,0,3.2,Medium,33.1,23.5,1,0
6011,Female,7,11,90.8,91.7,5,12000,4.8,Primary,0,0,1,0,0,1,7.0,Low,44.4,30.7,0,1
6012,Female,8,15,65.5,30.7,1,8800,2.7,Secondary,0,0,0,0,0,1,2.5,Low,20.6,39.6,0,1
6013,Male,9,15,89.5,45.1,1,9600,1.4,Primary,0,0,1,0,0,1,5.1,Low,27.7,0.0,0,0
6014,Female,7,14,90.6,52.8,1,5500,0.1,Higher Secondary,1,0,0,0,0,1,5.8,Low,61.5,38.3,0,0
6015,Male,8,12,88.3,41.6,0,4300,1.6,Graduate,0,0,0,0,0,1,3.7,High,38.4,34.8,0,0
6016,Male,6,11,89.6,82.7,0,8300,0.7,Primary,1,1,0,0,1,1,4.3,Medium,26.8,17.7,1,0
6017,Male,6,12,89.7,69.7,0,9700,0.1,Secondary,0,0,0,0,0,1,6.3,Low,42.2,47.2,0,0
6018,Female,9,15,91.0,92.7,2,6100,0.1,Primary,0,0,1,0,1,1,4.5,Low,55.1,45.8,1,0
6019,Female,9,14,63.8,37.4,0,11300,1.7,Secondary,0,1,1,0,0,1,2.4,High,45.5,39.3,0,1
6020,Female,10,17,79.6,72.9,0,14900,6.0,No Schooling,0,0,0,0,0,1,4.2,Low,46.7,42.1,0,0
6021,Female,6,12,78.8,57.3,2,16100,0.1,Secondary,0,1,0,0,0,0,5.2,Low,36.1,15.6,0,0
6022,Female,9,13,61.0,51.8,0,5800,4.1,Graduate,1,0,1,0,0,1,1.4,Medium,38.3,31.9,1,0
6023,Male,10,14,91.5,82.5,3,3000,15.0,Primary,0,0,1,0,0,1,5.9,Low,26.2,14.2,1,0
6024,Female,9,13,82.7,77.5,1,11000,3.7,No Schooling,0,0,0,0,0,0,5.0,Medium,31.7,34.6,1,1
6025,Female,10,17,85.3,100.0,0,6600,2.9,No Schooling,0,0,0,0,0,1,7.3,Low,62.1,44.8,1,0
6026,Female,10,17,93.3,100.0,0,8300,0.9,Secondary,0,0,0,0,0,1,4.5,Medium,52.0,55.5,0,0
6027,Male,9,14,96.9,62.1,0,5800,0.1,Higher Secondary,0,0,0,1,0,1,2.0,Low,39.3,24.5,0,0
6028,Male,10,16,54.2,79.1,0,25500,0.1,No Schooling,1,1,1,1,0,1,1.4,Medium,28.3,35.0,0,0
6029,Female,8,15,83.1,91.3,0,6100,1.8,Primary,1,0,0,1,1,1,7.6,Low,16.1,14.9,0,0
6030,Male,8,12,75.0,30.1,2,30100,5.1,Secondary,0,0,1,1,0,1,4.5,Low,33.4,5.4,0,0
6031,Male,10,17,84.5,11.7,0,14000,1.3,Secondary,0,0,0,1,0,1,4.5,Low,41.5,15.1,0,0
6032,Male,10,15,70.5,83.6,0,16900,1.0,Secondary,0,0,0,0,0,1,5.0,Medium,41.5,32.3,0,0
6033,Male,6,11,81.3,50.6,0,7400,1.7,Higher Secondary,0,0,0,1,0,1,3.3,High,8.3,19.2,0,0
6034,Male,7,11,90.1,32.4,0,4500,2.2,Higher Secondary,0,0,0,0,0,0,3.7,Low,25.8,30.7,0,0
6035,Female,7,13,80.5,84.6,0,13300,0.9,Primary,0,0,0,1,0,1,6.4,Low,53.6,51.0,0,0
6036,Female,10,16,81.5,59.0,0,10300,1.2,Primary,0,0,1,1,0,0,1.7,Low,21.7,36.7,0,0
6037,Female,7,11,74.4,55.7,1,5700,0.4,No Schooling,1,0,0,0,1,1,3.6,Low,43.7,23.1,0,1
6038,Male,7,13,70.5,98.2,0,13300,4.6,Graduate,0,0,1,1,0,1,6.2,Medium,26.8,33.7,0,0
6039,Male,8,12,87.8,70.8,0,12200,3.8,Secondary,0,0,1,0,0,1,5.3,High,49.5,17.0,0,1
6040,Male,6,11,84.0,52.3,0,3000,0.2,Graduate,0,0,0,1,1,1,3.9,Low,25.1,22.2,0,0
6041,Male,10,16,76.2,58.7,5,12500,1.9,No Schooling,0,1,1,0,0,1,1.7,Low,24.7,19.9,1,1
6042,Male,8,15,93.3,51.9,1,15900,0.9,Primary,0,0,1,0,0,1,4.6,Medium,43.0,27.5,0,0
6043,Female,6,10,88.0,33.8,0,3000,1.7,Graduate,0,0,0,0,0,1,1.6,High,22.7,50.2,1,0
6044,Female,7,12,87.4,0.0,0,31900,0.7,Secondary,0,0,1,1,0,1,0.5,Medium,31.6,18.8,0,0
6045,Female,9,14,79.5,73.0,0,21600,0.6,Secondary,0,1,1,0,1,1,2.3,Medium,44.7,48.3,0,0
6046,Male,9,15,95.7,89.4,1,3000,0.3,Higher Secondary,0,0,0,1,0,0,4.3,Low,70.7,44.7,1,0
6047,Male,8,15,77.9,70.6,5,6300,1.4,Primary,0,0,0,0,0,1,4.5,Medium,70.8,36.0,1,1
6048,Male,7,13,84.8,63.7,0,4300,6.4,Primary,0,0,1,0,0,1,3.9,Medium,26.1,21.6,2,0
6049,Male,10,17,90.7,75.9,2,3500,5.7,Higher Secondary,0,1,0,0,1,1,3.6,Low,36.6,22.9,0,0
6050,Male,9,14,70.8,98.4,2,10100,7.0,Secondary,0,0,0,0,0,1,7.6,High,30.5,33.0,0,0
6051,Male,9,15,69.4,57.6,1,9000,3.0,Primary,0,1,0,0,0,0,6.8,Medium,39.8,41.3,0,1
6052,Female,8,13,73.3,65.6,0,4300,1.1,No Schooling,0,0,0,0,1,1,4.6,Low,40.8,59.9,1,0
6053,Female,10,17,84.7,92.9,3,4600,1.3,Secondary,0,0,0,0,0,1,2.2,Low,56.5,65.4,0,0
6054,Male,9,13,97.2,27.7,1,8200,0.7,Secondary,0,0,1,0,1,0,1.2,Medium,14.6,0.0,2,0
6055,Male,7,14,69.2,59.3,0,10800,4.3,No Schooling,0,0,0,0,0,1,5.0,Low,27.3,26.1,0,0
6056,Male,10,16,81.8,50.3,1,4500,9.6,Primary,0,0,0,0,1,1,3.7,Low,30.6,26.1,0,0
6057,Male,10,17,68.2,35.7,2,8500,5.8,Primary,0,0,0,0,1,1,2.5,Low,34.0,15.9,0,0
6058,Female,9,15,87.8,57.1,0,11900,1.8,Secondary,0,0,1,0,1,0,4.9,High,26.8,37.7,0,0
6059,Female,9,14,82.6,91.8,2,15400,2.2,Graduate,0,1,0,0,0,0,5.9,Low,39.8,41.4,0,0
6060,Female,7,12,86.4,62.2,2,10000,11.8,Primary,0,0,0,0,0,1,6.0,Medium,48.2,52.0,1,0
6061,Female,8,12,81.1,77.1,0,9100,3.0,No Schooling,0,1,0,0,1,1,3.9,Low,49.4,28.4,1,1
6062,Male,6,13,67.8,40.1,0,6900,2.6,No Schooling,0,0,0,0,1,1,3.6,Low,35.6,25.1,0,0
6063,Male,8,12,74.1,53.0,2,6100,0.6,Higher Secondary,0,0,0,0,0,1,2.3,Medium,29.4,16.7,0,1
6064,Male,7,14,74.8,43.3,2,9200,2.0,Secondary,0,0,0,0,0,1,0.9,Medium,38.9,14.3,0,1
6065,Male,7,13,89.9,81.5,1,8700,4.1,Secondary,0,0,1,1,1,1,2.7,Medium,55.6,44.5,2,0
6066,Female,10,14,61.0,40.8,1,10800,0.2,Secondary,0,0,1,1,0,1,1.5,Medium,32.4,12.3,0,0
6067,Male,6,13,96.4,43.8,1,4700,1.1,Primary,0,0,1,0,1,0,5.0,Medium,40.6,4.7,1,0
6068,Male,10,14,80.4,80.2,0,12700,1.4,Graduate,0,0,1,1,0,0,1.1,Low,55.2,66.9,1,0
6069,Male,7,11,79.1,57.5,0,3000,3.4,Secondary,0,0,1,0,0,1,1.1,Low,47.1,11.5,0,1
6070,Male,6,12,80.2,52.0,2,13100,1.8,Secondary,0,0,1,0,0,1,3.3,Medium,38.2,62.4,0,0
6071,Female,6,10,72.6,98.4,0,7000,0.4,No Schooling,0,0,1,0,1,1,6.2,Low,50.8,35.7,1,0
6072,Male,7,11,90.7,54.4,0,3700,0.2,Graduate,0,0,1,0,0,1,3.9,Low,31.7,20.6,0,0
6073,Male,8,14,93.3,65.1,2,3700,6.5,Primary,1,1,0,0,1,1,4.2,Medium,36.8,48.0,0,1
6074,Male,7,14,79.9,72.6,0,11900,5.0,No Schooling,0,0,0,0,0,1,3.5,Low,51.5,30.4,1,0
6075,Female,9,13,89.7,87.6,0,8800,2.8,Higher Secondary,0,0,1,1,0,1,6.7,Low,54.9,58.0,0,0
6076,Female,8,14,70.9,51.1,0,9400,1.5,Secondary,0,0,1,0,1,0,4.1,Medium,40.6,18.4,1,1
6077,Female,6,12,64.4,49.8,0,7100,6.5,Secondary,0,0,0,0,0,0,5.3,High,44.4,22.7,1,0
6078,Male,7,11,61.4,96.1,1,6100,2.6,Primary,0,0,0,0,1,1,6.2,Low,51.2,47.1,2,0
6079,Male,6,10,75.1,55.8,3,8800,0.8,Secondary,0,0,1,0,1,0,5.7,Low,46.8,35.1,1,0
6080,Female,6,11,73.0,47.8,0,7900,0.2,Secondary,1,0,1,0,0,1,3.1,Low,36.7,33.6,0,0
6081,Male,6,12,86.1,88.2,3,4700,2.8,No Schooling,0,0,1,0,0,0,4.2,Low,80.6,37.2,0,0
6082,Male,9,13,69.4,35.1,0,3000,0.6,Primary,0,1,0,0,0,0,2.3,Medium,28.2,14.7,1,0
6083,Female,9,14,93.2,85.2,2,5000,1.7,Higher Secondary,1,1,0,0,0,1,4.3,Low,62.3,36.2,0,0
6084,Male,10,15,65.1,39.9,2,9000,4.4,No Schooling,0,0,1,0,0,1,5.0,Low,39.0,15.3,1,0
6085,Male,9,15,90.8,36.6,0,14500,0.9,Primary,0,0,0,0,0,1,4.9,Low,41.4,12.2,0,0
6086,Female,8,12,84.0,86.2,0,3000,4.1,No Schooling,0,0,0,0,0,1,3.8,High,71.7,57.3,1,0
6087,Male,7,13,84.8,74.8,0,5700,2.7,Primary,0,0,1,1,0,1,4.5,Medium,62.9,51.7,0,0
6088,Male,6,13,55.0,25.7,5,9400,0.1,Primary,0,1,0,0,0,1,3.0,Low,16.0,12.2,2,1
6089,Male,9,15,89.3,76.3,0,8800,0.7,Higher Secondary,0,0,1,0,1,0,3.4,Medium,54.0,60.3,1,0
6090,Female,7,13,87.9,79.3,0,8400,1.1,Secondary,0,0,0,0,1,1,3.6,Low,60.5,35.3,0,0
6091,Male,7,11,84.7,58.7,0,5600,4.3,Secondary,0,0,0,0,0,1,6.2,Medium,38.0,43.5,1,0
6092,Male,10,17,88.0,75.8,0,4700,0.7,Secondary,0,0,0,0,0,1,6.4,Low,56.3,45.8,0,0
6093,Female,6,11,79.1,56.1,1,11100,0.4,Secondary,0,0,0,0,0,1,1.8,Low,40.9,29.2,0,1
6094,Female,6,10,96.3,83.0,0,9500,1.8,No Schooling,0,0,1,0,0,1,3.4,Medium,40.3,50.2,0,0
6095,Female,10,16,71.2,71.4,3,7700,1.8,Secondary,0,1,0,0,1,1,5.3,Low,65.0,42.7,0,1
6096,Male,7,12,56.4,15.3,0,32800,15.0,Higher Secondary,0,0,0,0,0,0,3.9,Medium,34.8,12.2,1,1
6097,Male,7,12,92.9,39.7,2,19000,2.2,Higher Secondary,0,1,0,0,0,1,4.1,High,25.7,2.3,0,1
6098,Female,6,13,65.0,81.8,1,11400,5.5,No Schooling,0,1,0,1,1,1,4.0,Low,58.5,48.2,1,0
6099,Female,7,13,87.1,63.2,3,15500,1.2,Secondary,1,0,1,0,0,1,3.4,Low,35.9,43.2,0,0
6100,Male,10,15,95.3,57.1,2,12700,3.7,No Schooling,0,0,1,1,1,1,1.3,Medium,36.3,21.8,1,0
6101,Female,9,16,67.1,66.7,1,6700,0.5,No Schooling,1,1,1,1,1,1,6.9,Low,30.6,37.4,0,0
6102,Male,8,13,77.0,65.4,0,3700,0.1,No Schooling,0,1,0,0,0,0,1.8,Low,48.1,34.0,0,0
6103,Female,7,14,90.0,67.5,0,15900,0.5,Secondary,0,0,0,0,0,1,4.6,Low,39.5,48.5,1,0
6104,Female,7,14,93.6,58.3,3,8000,0.3,No Schooling,0,0,0,0,0,1,3.3,Low,43.8,45.5,0,0
6105,Male,8,13,72.7,100.0,0,15200,3.6,No Schooling,0,0,0,0,1,1,8.0,Low,33.7,23.3,1,0
6106,Female,7,14,75.6,54.5,0,14400,0.9,Secondary,1,0,0,0,1,0,5.8,Low,30.2,41.8,1,0
6107,Female,6,12,81.8,32.2,2,3000,2.6,Higher Secondary,0,0,0,0,0,1,0.6,Low,47.3,24.8,0,1
6108,Male,9,16,95.8,38.6,2,12600,9.6,Higher Secondary,0,0,1,0,0,1,2.2,Medium,50.4,14.6,0,0
6109,Male,10,15,75.7,49.9,3,27300,0.2,Secondary,0,0,0,0,0,1,3.8,Medium,50.7,47.5,0,0
6110,Female,10,15,86.6,75.0,1,7200,0.9,No Schooling,0,1,1,0,0,1,5.2,Medium,43.1,39.0,1,0
6111,Male,10,15,81.5,40.2,2,10300,2.7,Secondary,0,0,1,1,0,1,1.9,Low,30.5,8.6,0,1
6112,Male,8,14,83.0,71.0,0,16800,3.0,No Schooling,0,0,1,0,0,0,6.6,Low,51.1,36.5,0,0
6113,Male,9,15,73.9,44.1,1,3000,1.4,No Schooling,1,0,1,0,0,0,2.5,Low,49.3,27.4,2,0
6114,Female,10,15,87.3,84.5,3,3000,1.1,No Schooling,1,0,0,0,0,1,6.3,Low,53.0,43.5,0,0
6115,Male,6,11,82.7,23.3,3,7300,3.2,Secondary,1,0,0,0,0,1,2.3,Medium,38.2,37.6,0,1
6116,Female,7,12,86.3,61.1,3,3000,4.7,No Schooling,1,0,0,0,0,0,0.6,Medium,51.1,35.6,0,1
6117,Male,6,12,78.6,86.4,1,20800,6.4,Primary,0,0,1,0,1,1,8.0,Medium,60.2,31.2,0,0
6118,Male,10,14,62.9,28.4,0,14800,5.0,Secondary,0,0,0,0,1,1,4.7,Medium,36.0,27.9,1,0
6119,Female,10,16,82.9,92.8,0,20200,0.8,Graduate,0,0,1,0,0,1,8.0,Low,62.6,34.4,0,0
6120,Male,9,16,94.1,39.1,0,7900,1.3,No Schooling,0,0,1,0,1,1,4.0,Low,18.2,24.9,0,0
6121,Male,7,12,96.8,94.1,0,17800,0.2,Primary,0,0,0,0,0,1,8.0,Low,56.5,31.0,0,0
6122,Male,10,15,77.7,94.1,0,8700,1.8,Higher Secondary,0,0,1,1,0,1,4.5,Low,55.3,37.7,1,0
6123,Female,6,10,41.7,24.6,1,10700,4.3,Primary,0,0,1,0,1,1,0.8,Low,10.1,35.0,1,0
6124,Male,6,12,84.0,69.9,0,36300,5.1,Secondary,0,0,1,0,0,1,3.5,Low,39.4,27.6,0,0
6125,Male,8,13,97.6,54.6,0,3400,15.0,Higher Secondary,0,0,0,0,0,1,2.6,Medium,31.9,46.9,0,0
6126,Male,9,16,78.2,63.5,0,27300,3.4,Higher Secondary,1,0,1,0,0,1,5.2,Medium,33.7,33.2,1,0
6127,Male,10,17,83.2,66.0,1,3000,0.2,Secondary,0,0,0,0,1,1,5.3,Medium,62.3,40.7,0,0
6128,Male,7,14,71.8,57.2,2,8000,0.1,No Schooling,0,0,0,0,1,1,3.8,High,50.8,36.3,0,0
6129,Female,7,11,63.3,32.3,0,12000,3.3,Secondary,0,0,0,0,0,1,2.1,Low,31.9,13.2,3,0
6130,Male,8,12,50.6,20.6,0,5700,5.9,Higher Secondary,0,0,1,0,0,1,1.3,Low,6.6,25.4,0,0
6131,Male,6,11,59.9,37.8,0,9900,6.1,Primary,0,0,1,0,0,1,2.4,Low,17.8,24.6,1,0
6132,Female,10,16,92.9,90.0,1,10500,0.2,Higher Secondary,1,0,0,0,0,1,5.9,Low,41.3,24.8,2,0
6133,Female,7,11,96.8,99.4,0,12500,3.4,Secondary,1,0,1,0,0,1,5.2,Medium,58.3,33.7,0,0
6134,Male,6,11,80.5,97.3,1,7100,0.7,Higher Secondary,0,0,1,0,1,1,7.3,Low,46.7,31.5,0,0
6135,Male,7,11,68.2,92.7,0,5000,5.5,No Schooling,0,0,1,0,0,1,5.0,Low,52.1,21.9,2,0
6136,Male,9,14,87.5,64.7,0,9300,4.7,No Schooling,0,0,0,0,0,1,5.0,Low,50.1,13.8,1,0
6137,Female,10,15,72.9,90.0,2,6500,2.8,Higher Secondary,0,0,1,0,1,0,7.5,Low,46.6,30.6,0,0
6138,Male,6,10,91.3,87.8,0,8300,13.5,No Schooling,0,1,1,1,1,1,6.5,Low,57.7,51.9,0,0
6139,Male,6,11,87.7,76.7,2,6500,7.5,No Schooling,0,0,0,0,0,1,4.6,Low,39.0,41.2,0,0
6140,Male,10,16,49.8,88.4,1,9300,0.5,Graduate,0,0,0,0,0,1,8.0,Low,29.9,8.6,0,0
6141,Male,8,15,88.5,74.1,1,5300,1.5,No Schooling,0,0,0,0,0,1,6.3,Low,28.5,26.4,0,1
6142,Male,7,14,87.3,34.3,0,5800,4.4,Secondary,1,0,1,0,0,1,3.4,Low,47.7,9.7,0,0
6143,Male,6,11,81.7,82.1,0,3700,1.5,Secondary,0,0,1,0,0,1,6.5,Low,40.8,52.8,1,0
6144,Female,10,17,74.7,90.5,0,9000,3.7,Secondary,0,0,0,0,0,1,6.2,Low,31.0,31.3,0,0
6145,Female,9,14,67.1,40.2,2,4300,4.0,Secondary,0,1,0,0,0,1,1.3,Medium,44.2,21.0,0,0
6146,Female,6,11,88.8,84.2,0,10100,5.3,No Schooling,1,1,1,1,0,1,6.8,Medium,28.5,40.2,0,1
6147,Female,6,13,74.9,51.3,1,16500,2.9,Higher Secondary,1,0,0,0,0,1,1.3,Low,52.1,36.1,0,0
6148,Male,6,11,96.4,35.5,2,24300,2.3,Secondary,0,0,0,0,0,0,2.4,Medium,39.7,21.2,1,0
6149,Female,7,13,86.2,46.4,0,7500,2.0,Secondary,1,0,1,0,0,1,4.0,High,9.3,22.4,1,0
6150,Female,6,10,60.9,78.3,0,50000,1.9,Higher Secondary,0,0,1,1,0,1,2.6,Medium,59.8,30.3,0,0
6151,Female,7,12,92.5,66.1,0,12500,2.9,Primary,0,0,0,0,1,1,3.7,Low,43.8,36.9,0,0
6152,Female,6,13,93.0,77.5,0,8900,0.7,No Schooling,0,0,0,0,0,1,4.2,Low,19.6,49.9,0,0
6153,Male,7,11,79.9,94.8,0,31500,6.7,Secondary,0,0,0,1,0,1,6.6,Low,67.0,57.9,0,0
6154,Male,8,15,84.3,17.2,0,4400,8.3,Secondary,0,0,1,0,0,1,1.7,Low,18.6,5.3,0,1
6155,Male,8,13,80.5,91.3,0,8000,1.6,Primary,0,0,1,0,0,1,3.8,Low,48.6,47.2,0,0
6156,Male,10,17,72.0,48.4,0,6600,0.1,No Schooling,1,0,0,0,0,1,6.9,Low,37.7,6.6,1,0
6157,Male,7,12,82.8,65.2,4,3300,1.3,Graduate,0,0,1,1,0,1,7.3,Low,37.8,31.9,0,0
6158,Male,10,15,71.5,82.1,0,16200,1.0,No Schooling,0,0,0,0,1,1,2.1,Medium,61.5,51.4,0,0
6159,Male,10,15,87.7,100.0,1,10000,1.1,No Schooling,1,0,0,1,1,1,6.1,Low,47.7,44.8,1,0
6160,Female,10,14,87.6,53.2,0,12900,2.1,Higher Secondary,0,0,1,0,0,1,4.3,Low,32.1,24.8,0,0
6161,Female,6,13,74.7,62.0,0,12800,2.4,No Schooling,0,0,1,0,1,0,5.7,Medium,50.7,44.9,0,0
6162,Female,7,13,78.9,38.6,0,3000,0.6,Secondary,0,0,1,0,0,1,2.7,Medium,55.6,27.3,1,0
6163,Male,8,14,88.7,52.3,0,18700,2.0,Secondary,0,0,1,1,0,1,4.7,Medium,42.8,22.6,0,0
6164,Female,6,11,90.8,92.1,4,4800,1.7,No Schooling,1,0,1,0,1,1,4.4,Low,30.7,22.5,2,0
6165,Female,6,13,80.3,90.2,3,16100,2.5,Secondary,0,0,0,0,0,1,6.7,Low,30.7,60.2,0,0
6166,Female,6,11,76.6,70.8,0,3400,0.3,Primary,0,0,1,0,0,1,5.3,Low,41.4,29.4,0,0
6167,Female,8,12,95.1,57.4,0,10500,7.1,Higher Secondary,1,1,0,0,1,0,4.2,Low,43.6,40.8,0,0
6168,Male,9,13,90.4,82.3,1,5200,2.6,No Schooling,0,0,0,0,1,1,5.3,High,41.2,35.3,0,0
6169,Male,7,14,78.8,38.6,1,9500,2.2,Primary,1,0,1,0,0,1,4.4,Low,31.9,40.6,0,0
6170,Female,10,14,76.5,100.0,0,7300,3.0,Secondary,0,0,0,1,0,1,6.4,Medium,43.3,34.2,0,0
6171,Female,9,16,89.1,57.5,1,9900,5.6,Secondary,0,0,0,1,0,1,4.7,Low,42.2,23.1,0,0
6172,Male,6,11,91.4,37.0,1,6900,0.5,Secondary,0,0,1,0,1,1,2.6,Low,57.4,19.9,0,0
6173,Male,7,11,90.6,86.8,1,5800,0.2,Higher Secondary,0,0,0,0,0,1,4.6,Medium,32.7,42.4,0,0
6174,Male,6,13,87.8,98.2,0,19500,2.4,Graduate,0,0,0,1,0,1,7.0,Low,39.9,21.7,0,0
6175,Male,10,16,95.9,53.9,0,19500,3.0,Primary,0,1,0,0,1,1,2.7,Medium,40.7,29.1,0,0
6176,Female,9,15,80.6,90.1,0,30700,10.6,Primary,0,0,0,0,0,1,8.0,Low,62.0,45.2,0,0
6177,Female,9,15,69.3,67.5,0,8400,1.3,Primary,0,1,1,1,0,0,6.3,Medium,20.3,17.6,0,0
6178,Male,9,16,66.8,61.1,0,7700,3.3,Graduate,0,0,1,0,0,1,3.3,Low,41.2,9.6,2,0
6179,Male,7,11,70.5,32.6,0,8700,3.2,No Schooling,0,0,1,0,0,1,1.6,Low,32.2,20.8,0,0
6180,Male,10,14,91.6,72.7,1,5200,1.4,Secondary,0,0,0,0,0,1,4.2,Low,38.7,17.9,0,0
6181,Male,10,16,85.6,74.9,0,3500,0.4,No Schooling,0,0,1,0,1,1,5.2,Medium,53.1,31.5,2,0
6182,Female,9,15,96.6,80.6,0,5700,3.0,No Schooling,0,0,0,0,0,1,6.6,Low,64.3,60.7,0,0
6183,Female,8,14,90.7,100.0,0,5000,5.1,Secondary,0,0,0,0,0,1,7.6,High,55.7,45.7,0,0
6184,Female,6,11,88.4,93.3,1,12400,0.1,Secondary,0,0,1,0,1,1,8.0,Medium,62.6,47.1,0,0
6185,Male,6,12,87.4,49.8,1,14400,0.6,Higher Secondary,0,0,0,0,1,1,3.6,Low,21.3,8.2,0,1
6186,Female,6,10,92.3,88.5,0,3000,1.6,Primary,1,0,0,0,1,1,5.2,Low,32.9,34.3,0,0
6187,Female,8,14,61.4,63.6,2,4800,1.2,Secondary,0,0,0,0,1,0,4.3,Low,13.8,24.3,0,1
6188,Male,9,14,98.3,73.0,0,11000,2.8,Higher Secondary,0,0,1,0,1,0,4.2,Medium,39.3,38.0,0,0
6189,Female,10,15,67.1,46.0,2,9300,1.5,No Schooling,0,0,1,0,0,0,2.3,Low,33.2,36.5,0,1
6190,Female,6,10,90.8,68.8,0,7200,4.8,Higher Secondary,0,1,1,0,1,1,5.7,Low,50.0,35.6,2,0
6191,Female,7,14,86.9,90.8,0,7100,0.2,No Schooling,0,0,1,0,0,1,4.9,Low,63.9,37.8,0,0
6192,Male,6,13,91.3,71.6,1,10600,2.5,No Schooling,0,0,0,0,0,1,4.6,Low,40.8,40.9,0,0
6193,Male,10,17,71.6,84.3,0,11100,0.1,No Schooling,0,0,1,0,1,1,4.4,Low,40.4,45.4,0,0
6194,Male,9,16,72.3,46.4,0,3400,1.9,Secondary,0,0,1,0,1,1,0.8,Low,30.8,34.8,0,0
6195,Male,8,14,81.1,60.3,0,3000,4.2,Higher Secondary,0,0,0,0,1,1,5.0,Low,57.3,29.2,0,0
6196,Male,8,13,82.0,100.0,0,7900,2.6,No Schooling,0,0,1,1,1,0,4.1,Low,63.9,50.9,0,0
6197,Female,8,12,96.4,73.3,0,13900,1.1,Secondary,1,0,0,0,0,1,5.1,Low,51.9,20.2,1,0
6198,Male,7,13,61.2,39.7,0,6100,0.5,Higher Secondary,0,0,0,0,1,1,0.5,Low,32.4,20.9,1,0
6199,Male,6,13,66.7,29.9,0,38300,2.0,Primary,0,0,1,1,0,1,5.9,Low,39.9,49.7,0,0
6200,Female,7,12,82.5,84.3,0,14900,7.5,No Schooling,0,0,1,0,0,1,8.0,Low,44.8,43.5,0,0
6201,Male,7,14,80.7,26.0,4,6000,0.7,Primary,0,0,1,1,0,1,0.0,Low,38.4,31.1,0,1
6202,Male,8,12,94.2,76.9,0,3000,0.8,No Schooling,1,0,0,0,0,1,4.5,Medium,29.2,34.8,0,0
6203,Female,7,12,77.2,81.7,1,13900,2.5,Primary,0,0,0,0,1,1,3.0,High,27.3,43.6,0,0
6204,Male,9,15,86.8,81.1,0,4600,0.5,Higher Secondary,1,0,0,0,1,1,3.4,Low,59.5,24.5,1,0
6205,Male,8,13,89.9,47.7,0,5600,2.1,Higher Secondary,0,0,0,0,0,0,4.2,Medium,48.7,28.3,0,0
6206,Female,8,15,83.8,32.0,0,4900,2.3,Secondary,0,0,1,0,1,0,0.3,Low,31.4,6.9,0,0
6207,Male,10,15,95.8,50.2,0,3400,3.0,Primary,0,0,0,0,1,1,4.8,Low,59.3,47.9,0,0
6208,Male,7,14,79.3,75.0,0,5700,1.0,Primary,0,0,0,0,1,1,4.4,Medium,40.0,36.3,0,0
6209,Male,9,14,92.3,42.9,1,5700,4.3,Primary,0,0,0,0,0,1,3.5,Low,26.4,23.2,0,0
6210,Female,6,10,86.2,36.4,1,4600,1.2,No Schooling,0,0,0,0,0,1,2.0,Low,28.4,0.0,0,0
6211,Male,9,15,95.4,88.2,0,5300,2.4,Secondary,0,0,0,0,0,1,3.2,Medium,50.6,39.4,0,0
6212,Female,8,14,67.6,43.1,0,28800,0.4,Primary,0,0,0,1,0,1,4.7,Low,34.3,13.7,0,0
6213,Male,6,12,98.9,100.0,0,13600,0.1,Primary,0,0,1,0,0,1,6.7,Low,49.4,21.6,0,0
6214,Female,6,10,60.5,31.9,1,7400,2.2,Secondary,0,0,0,0,1,0,2.9,Low,44.4,38.6,0,0
6215,Male,9,14,88.5,83.6,3,3000,9.5,Secondary,0,0,0,0,1,1,3.4,Medium,45.4,48.9,0,0
6216,Male,9,13,71.5,100.0,1,11800,0.3,Primary,0,0,1,0,0,1,7.1,Low,68.4,35.7,0,0
6217,Female,9,16,82.6,58.3,0,29300,1.3,Primary,0,0,1,1,0,1,3.8,Medium,62.2,44.4,1,0
6218,Female,8,12,77.0,47.7,2,27200,2.8,No Schooling,0,0,1,0,0,1,3.7,Low,34.9,33.0,0,0
6219,Male,9,16,77.2,74.5,1,7400,3.0,Higher Secondary,0,0,0,0,1,0,6.1,Low,48.4,37.7,0,0
6220,Male,8,12,96.4,95.1,1,10300,2.7,No Schooling,0,1,0,0,1,0,7.7,Low,48.6,48.4,0,0
6221,Male,7,13,93.4,50.0,1,3700,5.5,Graduate,1,1,0,0,0,0,5.6,Medium,51.1,40.0,0,1
6222,Male,8,13,60.1,40.7,0,9800,2.7,Primary,0,0,0,0,1,1,3.0,Low,30.7,26.3,0,0
6223,Female,8,12,81.0,70.2,0,13100,3.7,Primary,1,0,1,1,0,1,4.0,Low,41.7,52.6,0,0
6224,Male,10,15,85.0,63.8,0,11500,0.3,Primary,0,1,1,0,1,1,6.1,Medium,53.6,29.3,0,0
6225,Male,8,12,78.5,84.4,1,18500,0.9,Secondary,0,0,0,0,0,1,5.1,Medium,36.1,25.8,0,0
6226,Male,8,14,76.0,54.3,0,12900,2.7,No Schooling,0,0,1,0,0,1,0.5,Low,49.5,30.4,0,0
6227,Male,10,17,96.6,58.0,0,3000,3.6,Higher Secondary,0,0,1,1,0,1,3.0,Low,63.3,44.4,0,0
6228,Male,10,15,83.1,79.3,0,6200,1.8,Secondary,0,0,0,0,1,1,4.4,Medium,31.8,51.6,1,0
6229,Male,7,12,92.9,100.0,1,16300,2.5,Secondary,0,0,0,0,1,1,8.0,Low,38.5,57.9,0,0
6230,Male,10,14,72.5,31.2,0,3000,3.0,Secondary,0,0,0,1,0,0,4.8,Low,44.5,20.3,0,0
6231,Female,6,11,49.1,64.2,0,8500,0.8,No Schooling,0,0,0,0,0,1,1.7,Low,10.7,22.1,0,1
6232,Male,10,17,93.5,73.7,2,6000,14.9,Primary,0,0,0,0,0,0,5.0,Low,66.2,45.2,0,0
6233,Female,6,12,93.2,51.1,0,3400,0.1,Primary,1,0,1,0,1,1,3.4,Low,34.2,26.8,1,0
6234,Male,7,14,46.3,28.6,1,15700,2.2,Primary,0,0,0,0,0,1,1.7,Low,19.7,22.1,1,0
6235,Male,10,17,78.6,60.0,1,4700,3.8,Graduate,0,0,1,1,0,1,3.9,Medium,30.7,43.0,2,0
6236,Male,6,10,74.9,93.2,1,35700,3.3,Higher Secondary,0,1,1,1,0,1,6.6,Low,69.1,17.0,0,0
6237,Male,10,14,49.4,16.1,0,7000,1.4,Secondary,0,0,1,0,0,1,1.6,Low,12.5,15.6,0,0
6238,Female,8,13,78.1,21.2,0,17200,1.6,Primary,1,0,0,0,0,1,1.6,Low,23.2,30.1,0,0
6239,Female,6,13,92.0,57.3,2,26200,3.8,Primary,0,0,1,0,1,1,2.6,Low,38.7,14.8,1,0
6240,Female,10,14,84.8,54.1,2,10200,1.2,Secondary,0,0,1,0,0,0,6.4,Low,47.1,15.3,2,0
6241,Female,8,12,93.7,100.0,0,8600,1.2,Graduate,0,0,0,0,1,1,6.3,Low,36.8,10.1,0,0
6242,Male,10,17,93.2,86.5,1,13900,1.0,No Schooling,0,1,0,1,0,1,5.4,Medium,61.9,49.6,1,0
6243,Male,10,14,90.9,83.8,0,25800,15.0,Graduate,1,0,1,1,0,1,5.1,Low,43.3,23.8,1,0
6244,Female,6,11,41.1,45.7,2,10200,6.3,Secondary,0,1,1,0,0,0,3.5,Medium,49.3,14.9,2,1
6245,Male,7,14,70.0,56.8,0,5000,0.7,No Schooling,0,1,0,0,0,1,3.7,Low,10.1,22.4,0,1
6246,Male,7,11,78.0,77.8,0,3000,0.4,No Schooling,0,0,1,0,0,1,4.3,High,43.5,23.2,1,0
6247,Female,8,12,85.5,49.3,0,10300,0.6,Higher Secondary,0,0,0,1,0,1,5.1,Medium,29.7,26.6,1,0
6248,Female,6,12,90.0,80.2,1,4000,1.4,Secondary,1,0,0,0,0,1,4.0,Medium,64.7,19.1,0,0
6249,Female,7,11,99.0,70.9,1,15500,1.0,Primary,0,0,0,1,0,1,6.9,Low,45.9,20.4,0,0
6250,Male,9,15,66.4,76.5,1,19600,5.0,Secondary,1,0,0,1,0,0,2.8,Low,28.4,44.1,0,0
6251,Female,6,12,70.6,55.7,4,12200,5.1,Secondary,1,0,0,0,0,1,1.7,High,36.8,36.9,0,1
6252,Male,9,13,73.4,66.1,0,7800,0.6,Graduate,0,0,1,1,0,1,4.0,Medium,12.0,51.9,0,0
6253,Male,8,14,69.0,76.2,1,12500,0.1,Primary,0,0,1,0,0,1,4.8,High,32.8,44.6,1,0
6254,Male,6,11,85.3,50.6,0,8300,3.9,Secondary,0,0,1,0,1,0,4.7,Low,47.8,28.5,1,0
6255,Female,6,13,77.1,31.0,1,6700,4.5,Secondary,0,0,0,0,0,1,3.1,Low,43.6,22.9,0,0
6256,Female,6,11,77.6,63.4,0,6000,7.9,Secondary,0,0,0,0,1,1,2.6,Low,24.6,40.5,0,0
6257,Female,8,14,93.2,80.1,3,8800,1.5,Graduate,0,0,0,1,0,1,5.6,Medium,41.7,8.4,0,0
6258,Male,6,11,83.5,75.7,2,8200,1.9,No Schooling,0,0,1,0,1,1,7.0,Low,61.3,47.0,1,0
6259,Male,10,17,73.6,60.2,4,19400,0.5,Primary,1,0,0,0,0,0,3.0,Low,31.7,30.0,0,1
6260,Male,9,14,79.4,60.9,1,12100,1.2,No Schooling,0,0,1,0,0,1,0.6,Low,41.0,41.9,0,0
6261,Female,6,12,64.0,85.7,1,3200,5.8,Secondary,0,0,0,0,0,1,1.4,Medium,33.5,43.6,0,0
6262,Male,10,17,72.8,77.0,0,11500,0.7,Higher Secondary,0,0,1,1,1,1,4.5,High,27.6,10.6,0,0
6263,Male,10,17,85.8,39.1,0,8700,1.2,Higher Secondary,0,0,0,0,0,0,4.9,Low,28.0,21.3,0,0
6264,Female,6,13,71.3,50.0,0,9900,3.2,Higher Secondary,0,0,1,0,1,1,1.9,Low,51.0,23.1,0,0
6265,Male,10,16,44.4,51.5,3,6800,2.9,Secondary,0,0,1,0,0,1,2.3,Medium,37.5,32.5,1,0
6266,Female,7,13,66.4,42.3,1,8300,1.3,Primary,0,0,0,0,0,1,7.1,Low,26.4,23.4,0,0
6267,Male,9,14,75.5,51.7,0,25700,0.3,Higher Secondary,0,1,0,0,0,1,2.4,Medium,40.8,33.4,0,0
6268,Female,6,12,57.5,56.6,1,6300,0.3,Primary,0,0,0,0,1,0,2.9,Low,21.6,28.4,2,0
6269,Male,9,15,90.2,73.3,1,5200,0.5,Primary,0,0,0,0,0,1,1.8,Low,28.7,33.8,0,0
6270,Male,10,16,90.9,55.7,5,5000,1.9,Higher Secondary,0,0,0,0,0,0,2.7,Low,45.5,36.2,0,1
6271,Male,10,15,77.5,67.0,1,3900,1.9,Secondary,0,0,0,1,0,1,4.9,Low,30.7,31.5,0,0
6272,Male,10,15,90.7,65.8,2,12400,0.8,Secondary,0,0,0,0,1,1,4.4,Low,41.9,48.3,0,0
6273,Female,6,10,76.8,67.8,2,18500,0.1,Graduate,1,0,0,0,0,1,4.3,Medium,61.5,42.8,0,0
6274,Male,9,15,71.5,36.4,1,5400,4.0,Primary,0,0,0,0,0,1,1.0,Low,38.2,23.8,1,0
6275,Male,7,11,79.0,57.8,0,11800,1.4,No Schooling,0,1,0,0,0,1,5.5,High,50.8,45.7,0,1
6276,Female,6,10,81.9,81.4,0,16800,0.9,Secondary,1,0,1,0,1,0,1.4,Low,34.8,48.1,1,0
6277,Male,6,11,74.1,83.9,1,9500,2.0,Secondary,0,0,0,0,0,1,3.9,Medium,53.9,59.7,1,0
6278,Female,10,14,62.3,59.2,3,8200,0.3,Secondary,1,0,1,0,1,0,5.9,Medium,53.4,33.5,0,0
6279,Female,9,15,86.8,99.6,0,5100,2.3,Graduate,1,0,1,0,0,1,7.8,Low,33.8,40.7,2,0
6280,Male,6,10,88.7,90.9,0,12500,0.1,Graduate,0,0,1,0,0,1,5.9,Low,50.7,42.1,1,0
6281,Female,10,15,69.2,89.0,2,6900,1.0,Primary,0,1,1,0,1,0,6.3,Low,36.0,53.8,0,0
6282,Male,9,15,81.5,90.9,0,12400,0.3,Primary,0,0,0,1,0,1,3.9,Low,53.6,49.3,0,0
6283,Male,7,13,76.6,83.4,0,5700,0.2,Primary,0,0,0,1,0,1,3.3,Low,11.5,28.7,0,0
6284,Male,8,14,74.1,41.0,5,10200,1.5,Higher Secondary,0,0,1,0,1,1,0.4,Medium,35.5,22.1,0,0
6285,Female,9,14,82.5,80.2,1,17400,3.1,Primary,0,0,0,0,1,1,5.6,Low,62.2,35.5,0,0
6286,Female,9,14,96.0,68.7,0,11400,1.1,No Schooling,0,0,0,0,1,1,6.7,Low,0.7,25.6,0,0
6287,Male,8,15,78.1,64.8,3,5200,2.4,Secondary,0,0,0,0,1,0,4.3,Low,68.4,28.3,1,0
6288,Female,8,13,81.4,23.1,0,3800,0.4,Graduate,1,0,0,0,0,1,2.0,Medium,37.3,17.2,0,0
6289,Male,6,12,64.0,7.1,2,8500,7.2,No Schooling,0,0,1,0,0,1,1.4,Low,29.4,0.0,0,1
6290,Female,8,15,84.1,45.0,0,21400,3.3,No Schooling,0,1,0,0,1,1,4.6,Low,50.8,30.4,0,0
6291,Female,7,11,84.9,66.7,0,14100,0.6,Higher Secondary,1,0,1,0,1,1,6.3,Low,29.7,9.5,0,0
6292,Female,7,11,57.6,24.4,0,32400,1.7,Graduate,0,0,1,0,0,1,0.0,Medium,19.4,44.5,1,0
6293,Female,7,12,89.8,57.4,1,50000,0.1,Secondary,0,0,1,1,1,1,5.2,High,42.7,33.0,0,0
6294,Female,9,14,54.9,43.4,1,7600,0.8,Secondary,0,0,1,0,0,1,3.7,Low,31.9,23.2,0,0
6295,Male,7,11,85.2,38.5,1,12600,1.9,Secondary,0,0,0,0,0,1,3.4,Low,15.5,4.9,1,0
6296,Female,7,14,70.0,100.0,0,8100,6.8,Secondary,0,0,0,0,1,1,3.9,Low,51.0,34.3,0,0
6297,Female,6,12,99.1,81.7,3,5500,0.1,Secondary,0,0,1,1,1,1,6.1,Low,53.3,32.3,0,0
6298,Female,10,16,63.7,48.2,0,11000,0.6,No Schooling,0,0,0,0,1,1,5.1,Medium,19.3,32.3,2,0
6299,Male,7,13,75.9,45.3,0,9700,3.0,Primary,0,1,0,0,0,1,2.9,Medium,57.7,49.0,0,0
6300,Female,7,12,88.5,55.9,0,7800,1.0,Primary,0,1,0,0,0,0,3.9,Low,38.0,29.9,0,0
6301,Male,6,12,89.3,55.8,0,6300,3.2,Primary,1,0,1,0,0,1,3.1,Low,57.8,35.7,0,0
6302,Male,9,13,89.7,52.6,3,8900,2.9,Primary,0,0,0,1,0,1,4.6,Medium,42.1,25.8,0,1
6303,Female,8,14,58.9,22.4,0,6300,1.3,Primary,0,0,0,0,0,1,1.1,Medium,5.2,4.2,0,0
6304,Male,7,14,84.0,52.5,0,7400,2.1,No Schooling,0,0,1,0,1,1,4.1,Medium,47.0,23.0,0,0
6305,Female,10,17,61.2,47.6,0,3700,0.6,Primary,0,0,1,0,1,0,4.5,Low,33.3,16.2,1,0
6306,Male,9,14,74.0,35.2,2,4600,7.9,Secondary,0,0,1,1,0,1,0.9,Low,28.8,5.7,0,0
6307,Female,8,12,89.0,41.3,1,5600,6.6,Secondary,0,0,0,0,0,0,3.1,Medium,20.9,38.2,0,0
6308,Female,8,15,84.9,27.5,0,9300,0.4,Primary,0,0,0,0,0,1,2.3,Low,31.5,36.3,0,0
6309,Male,10,16,77.3,48.0,0,8600,5.5,Higher Secondary,0,0,1,0,0,0,3.9,Low,23.2,33.7,0,0
6310,Female,10,17,85.4,56.8,1,5400,0.4,Graduate,0,0,1,0,1,1,3.4,Medium,36.2,19.4,0,0
6311,Male,9,14,91.0,60.2,5,5700,5.9,Primary,0,1,0,1,0,1,4.8,Low,60.7,31.5,0,1
6312,Female,9,16,97.2,75.9,0,9400,8.6,Secondary,0,0,0,0,0,1,3.3,Medium,37.9,39.6,0,0
6313,Female,10,17,91.0,84.7,0,5800,3.3,No Schooling,0,0,1,1,1,1,6.6,Medium,44.5,56.6,1,0
6314,Male,10,14,87.0,72.9,0,4200,2.4,Graduate,0,0,0,1,0,0,4.4,Low,41.7,43.0,0,0
6315,Female,6,12,92.5,89.5,0,13100,0.2,No Schooling,1,0,0,0,0,0,6.6,Medium,45.3,29.5,0,0
6316,Male,10,15,76.7,14.2,1,3100,2.6,Higher Secondary,1,1,0,0,0,1,0.0,Low,14.2,3.8,2,0
6317,Female,9,15,72.2,82.7,0,3900,3.9,Secondary,0,0,0,0,1,0,6.5,Low,37.0,44.3,0,0
6318,Female,8,13,94.2,74.4,0,17800,1.9,Primary,0,0,1,0,0,1,7.2,Medium,66.8,15.5,0,0
6319,Male,7,11,81.1,68.5,0,3600,1.0,Graduate,0,1,1,0,0,1,5.9,Low,48.8,25.4,0,0
6320,Female,7,12,80.0,13.5,0,23100,1.1,Higher Secondary,0,0,0,1,0,1,1.9,Medium,43.7,36.1,0,1
6321,Male,9,15,70.0,86.4,0,3600,8.0,Secondary,0,0,0,0,0,1,4.9,Low,39.8,38.5,2,0
6322,Male,9,14,80.4,38.3,1,4100,0.1,Secondary,0,0,0,0,0,0,3.4,Medium,49.4,10.5,1,0
6323,Female,6,11,76.3,74.1,1,3900,0.8,Secondary,0,0,1,0,0,0,3.3,High,37.9,42.2,0,0
6324,Male,8,13,88.1,43.1,3,3200,6.1,Secondary,0,0,0,0,0,1,4.0,Low,22.1,15.6,0,1
6325,Female,6,12,93.7,100.0,0,21600,3.2,Higher Secondary,0,0,1,1,1,1,5.2,Medium,45.1,46.9,0,0
6326,Male,8,13,83.0,56.1,0,18800,0.6,Primary,0,0,0,1,0,1,3.5,Low,14.2,23.4,1,0
6327,Female,8,12,79.1,85.8,0,3100,7.0,No Schooling,0,0,0,0,0,1,5.3,Low,57.8,30.7,1,0
6328,Female,9,15,99.4,52.9,0,24400,0.2,Secondary,0,0,0,0,1,1,2.2,Low,50.0,36.6,0,0
6329,Male,6,10,93.4,100.0,0,3400,0.1,Higher Secondary,0,0,0,0,1,1,7.5,Low,59.2,36.6,0,0
6330,Male,6,11,90.0,63.9,0,50000,0.4,Secondary,0,0,1,0,0,1,6.0,Low,31.3,15.1,0,0
6331,Male,7,13,90.2,67.1,1,7300,8.1,Secondary,0,0,0,0,0,1,3.1,Low,57.2,26.8,1,0
6332,Female,8,13,52.6,28.1,1,5300,4.0,Secondary,1,0,1,0,1,0,3.0,Low,19.9,13.9,0,0
6333,Male,10,14,61.1,80.8,0,11500,0.1,Secondary,0,0,0,0,1,1,6.3,Medium,47.9,35.7,0,0
6334,Male,9,14,96.2,76.6,1,4400,3.2,No Schooling,0,0,1,0,0,1,5.8,Low,58.8,21.2,0,0
6335,Female,9,14,80.5,55.4,0,3000,2.3,Primary,0,0,1,0,0,1,4.3,Low,53.4,51.6,0,0
6336,Male,7,13,95.7,32.2,0,6000,1.0,Primary,0,0,0,0,0,0,1.2,Low,26.8,26.9,1,0
6337,Male,6,12,88.8,86.0,1,8600,2.6,Higher Secondary,1,0,1,0,0,1,4.7,Low,41.5,35.8,0,0
6338,Male,10,14,82.1,91.7,1,3000,1.5,Secondary,0,0,0,0,1,1,4.8,Low,35.2,41.0,1,0
6339,Male,8,15,55.4,45.9,0,4300,1.2,Secondary,0,0,0,0,1,1,4.5,Medium,24.7,36.0,0,0
6340,Female,6,12,71.0,38.0,0,31800,5.2,Primary,0,0,1,0,0,1,0.4,Medium,35.9,30.3,0,0
6341,Female,8,12,86.6,93.3,0,8100,0.1,Secondary,0,0,1,0,0,1,5.2,Low,58.9,32.4,0,0
6342,Female,9,14,87.4,58.4,0,3000,1.9,Secondary,0,0,1,0,1,1,3.9,High,55.0,17.5,0,0
6343,Female,7,14,81.0,95.1,4,8100,4.9,Higher Secondary,0,0,1,0,0,1,5.9,High,31.4,32.5,0,1
6344,Male,6,12,81.4,28.6,0,10400,13.7,Graduate,1,0,0,0,0,1,3.4,Low,36.1,16.6,0,0
6345,Male,8,13,93.0,71.7,2,8000,2.0,Higher Secondary,1,0,0,0,0,0,2.0,Low,33.4,17.7,0,0
6346,Female,6,13,73.9,70.2,1,14100,2.4,Secondary,1,0,0,0,0,0,4.7,Medium,35.3,17.8,0,0
6347,Female,8,14,80.7,65.8,2,6600,6.4,Secondary,1,1,1,1,0,1,5.0,Low,37.9,36.8,0,1
6348,Female,10,16,94.9,100.0,0,16500,1.9,Graduate,1,0,0,0,0,0,4.3,Low,47.5,52.2,0,0
6349,Male,10,14,84.5,66.8,1,8000,2.1,Primary,0,0,0,0,0,0,6.4,Low,35.7,32.1,1,0
6350,Female,7,13,63.4,44.3,0,8800,0.4,Primary,0,0,0,1,1,1,6.5,Medium,47.8,26.3,0,0
6351,Female,6,10,69.6,58.4,3,10300,10.5,Primary,0,0,1,0,0,1,3.8,Low,29.0,25.9,1,1
6352,Female,8,15,80.4,52.6,0,13200,1.9,Secondary,0,0,0,0,1,0,3.2,Low,72.8,51.0,0,0
6353,Female,7,11,83.6,100.0,0,10400,0.7,Secondary,0,0,0,0,0,1,2.9,Low,57.8,63.8,0,0
6354,Male,10,14,89.8,81.1,1,4800,1.0,Primary,0,0,1,0,0,1,4.8,Medium,48.7,61.6,0,0
6355,Male,9,14,84.7,100.0,0,24900,12.2,Primary,0,0,0,1,0,1,8.0,Low,45.6,54.8,0,0
6356,Male,7,12,68.4,53.8,2,4700,0.9,Primary,0,0,0,1,0,1,3.3,Low,44.3,29.6,0,1
6357,Male,9,14,57.7,52.5,2,4400,6.6,Secondary,1,0,1,0,0,0,3.2,Medium,24.7,37.3,0,1
6358,Female,7,14,70.2,47.1,0,3000,0.3,Secondary,0,0,1,0,0,1,3.1,Low,39.7,51.4,0,0
6359,Male,8,13,60.3,47.2,3,6800,10.5,Higher Secondary,0,0,1,0,1,1,4.2,Medium,47.0,11.1,0,0
6360,Male,10,17,76.1,65.7,1,5700,1.0,Primary,0,0,1,0,0,1,4.1,Low,13.6,40.3,2,1
6361,Male,6,10,87.7,100.0,1,8500,0.2,Primary,0,0,0,1,0,1,5.5,Low,57.5,47.8,1,0
6362,Female,7,13,88.3,85.7,0,4500,2.5,Secondary,0,0,0,0,0,1,3.7,Low,50.0,29.0,0,0
6363,Female,10,14,86.1,59.2,1,25700,6.6,Primary,0,1,1,0,1,1,2.4,Medium,58.9,32.3,0,0
6364,Male,8,12,68.7,27.4,0,5400,0.9,Secondary,0,0,0,0,1,1,4.4,High,51.2,20.9,1,0
6365,Female,7,11,84.7,81.5,0,5400,0.2,Secondary,0,1,0,0,1,1,6.6,Low,35.6,47.7,0,1
6366,Male,6,11,78.7,54.3,1,7700,6.6,No Schooling,0,0,0,0,1,1,1.9,Low,44.5,12.2,1,0
6367,Male,7,12,93.4,68.2,4,10500,3.7,Secondary,0,0,1,0,1,1,3.6,Low,59.8,35.3,0,0
6368,Male,8,15,59.3,57.7,0,18900,1.1,Graduate,0,1,0,0,1,1,3.6,Medium,57.9,41.5,1,0
6369,Female,7,14,76.9,28.3,1,11700,0.7,No Schooling,0,0,0,0,1,1,1.1,Low,47.5,32.5,0,1
6370,Female,7,13,91.3,70.9,0,11600,1.3,Secondary,0,0,1,0,0,1,4.5,Low,51.6,41.9,0,0
6371,Female,7,12,95.6,76.5,0,8800,3.4,Secondary,1,1,0,0,0,1,6.3,High,55.1,47.3,2,0
6372,Male,9,14,92.3,76.5,0,4600,8.4,Primary,1,0,0,0,0,1,2.8,Low,51.1,28.3,1,0
6373,Female,10,15,89.9,45.3,0,5300,0.3,No Schooling,0,0,0,0,0,0,3.3,Low,48.8,28.4,0,0
6374,Female,9,13,75.9,97.7,5,3000,0.2,No Schooling,0,0,0,0,0,1,7.2,Low,49.3,48.9,0,0
6375,Male,9,15,66.6,51.2,1,6500,2.0,No Schooling,0,0,1,0,0,1,2.6,Low,48.1,26.1,0,1
6376,Male,9,16,87.1,62.2,1,12700,0.3,Primary,0,0,1,0,0,1,3.4,Low,26.1,27.7,1,0
6377,Male,6,12,86.7,48.6,1,6800,2.2,Primary,0,0,1,0,1,1,2.7,Medium,20.1,0.0,0,1
6378,Female,7,13,91.3,51.0,0,11000,5.1,Secondary,0,0,1,0,0,1,2.6,Low,39.9,36.7,0,0
6379,Male,6,11,86.4,52.4,0,30600,2.5,Graduate,0,0,0,0,0,1,2.6,Medium,39.5,29.4,0,0
6380,Male,7,14,64.4,52.5,3,8700,5.1,No Schooling,0,1,1,0,0,1,5.9,Low,48.0,23.4,0,1
6381,Female,10,17,88.7,63.5,1,12100,0.1,Secondary,0,0,0,0,0,1,2.5,Low,44.4,34.7,0,0
6382,Female,7,12,83.1,76.8,0,8800,4.7,Graduate,0,0,1,0,0,1,4.8,Low,50.9,5.7,2,0
6383,Female,10,17,98.9,100.0,0,4600,3.4,Higher Secondary,0,0,0,0,1,1,5.2,Medium,59.7,49.2,0,0
6384,Female,6,11,82.1,82.5,0,7000,5.1,Primary,0,0,0,1,1,1,5.5,Medium,58.7,46.5,0,0
6385,Male,8,12,72.7,65.6,2,3800,4.8,Primary,0,1,0,0,1,1,7.3,Low,32.2,40.4,0,0
6386,Female,7,12,95.6,91.5,1,14700,1.5,Secondary,0,0,0,0,0,0,5.7,Low,47.0,28.2,1,0
6387,Male,6,13,71.2,40.4,0,15500,0.8,Higher Secondary,1,0,0,0,0,1,4.1,Low,29.2,27.0,0,1
6388,Male,7,12,84.1,43.7,3,7600,0.2,No Schooling,0,0,0,0,0,1,4.6,Low,31.9,14.3,0,0
6389,Female,9,16,79.4,51.3,0,28000,0.4,Primary,0,1,1,0,0,0,3.4,Medium,45.8,27.8,0,0
6390,Male,8,13,87.8,76.9,1,6900,3.5,Primary,1,0,0,0,0,1,8.0,Low,60.1,43.9,0,0
6391,Male,10,15,96.9,87.5,0,14900,2.6,Secondary,0,1,1,1,1,1,6.2,High,46.8,33.2,0,1
6392,Female,10,14,76.8,76.7,3,6800,4.0,Secondary,1,0,1,0,0,0,4.7,Medium,52.6,38.1,0,1
6393,Male,8,15,62.6,32.1,2,11100,0.4,Primary,0,0,0,0,0,1,0.0,Medium,38.7,35.5,0,0
6394,Male,10,15,67.9,28.3,0,3100,0.6,Secondary,0,0,0,0,0,1,0.1,Low,32.3,12.9,0,0
6395,Female,6,10,83.8,82.0,0,5700,4.9,No Schooling,0,0,0,0,0,1,8.0,Medium,65.3,42.2,0,0
6396,Female,7,11,57.8,42.8,2,8500,8.7,Secondary,0,0,1,1,1,1,1.6,Medium,60.4,21.0,0,0
6397,Female,7,13,86.7,38.0,2,14700,2.6,Secondary,0,0,1,0,0,1,1.1,High,21.3,9.6,2,0
6398,Male,8,15,65.1,52.5,0,8400,0.1,No Schooling,0,0,0,0,0,1,4.3,High,39.9,44.9,0,0
6399,Female,8,15,76.6,59.0,0,21100,0.1,Secondary,0,1,0,0,0,1,3.8,Medium,35.6,20.2,0,1
6400,Female,8,12,94.4,74.9,0,6300,2.3,Secondary,0,0,0,1,1,1,6.0,Low,52.2,25.3,0,0
6401,Male,10,16,91.1,53.6,1,4200,2.6,Secondary,0,1,0,0,1,1,3.7,Low,32.0,4.3,0,0
6402,Male,7,12,87.4,63.0,2,30000,0.5,Graduate,0,0,0,0,0,0,3.1,Low,31.1,22.9,0,0
6403,Male,9,15,70.5,20.0,1,3000,2.0,Higher Secondary,0,0,1,0,0,0,0.0,Low,3.3,10.0,0,0
6404,Female,8,14,68.9,32.5,3,4800,5.2,Higher Secondary,0,0,1,1,0,1,1.9,Low,36.7,24.8,0,0
6405,Male,8,12,68.6,22.4,0,8100,0.1,No Schooling,0,0,0,0,0,0,0.0,Low,38.7,17.9,0,0
6406,Female,7,11,71.8,51.3,0,6600,0.9,Graduate,0,0,0,0,0,1,0.1,Medium,35.3,19.8,0,0
6407,Female,7,13,61.5,34.8,0,8900,1.4,Higher Secondary,0,0,1,0,0,1,4.8,Low,10.6,32.9,2,0
6408,Male,7,13,91.6,84.4,0,8700,0.1,Secondary,0,0,1,0,1,0,3.9,High,59.9,56.4,0,0
6409,Female,9,16,83.9,81.7,0,37700,4.3,Higher Secondary,0,0,1,0,0,0,5.4,Medium,42.8,40.8,1,0
6410,Male,8,15,84.8,55.3,0,6900,0.9,Higher Secondary,0,0,0,0,0,1,3.7,Low,37.1,30.8,0,0
6411,Male,6,10,96.0,81.3,0,10400,0.7,Higher Secondary,1,0,0,0,1,0,6.0,Medium,33.4,28.9,0,0
6412,Female,9,15,83.3,45.0,0,8400,0.2,Secondary,0,1,0,0,1,1,3.4,Low,42.6,41.1,0,0
6413,Male,9,14,92.8,86.6,1,3000,3.1,Secondary,1,0,1,0,0,1,5.5,Low,69.8,29.6,0,0
6414,Female,10,15,74.1,50.8,0,3500,0.9,Secondary,0,0,0,0,1,1,3.8,Medium,39.8,21.1,1,0
6415,Female,8,12,99.5,72.9,0,3000,1.2,Secondary,0,1,1,0,1,1,6.7,Low,48.3,37.6,0,0
6416,Male,9,16,80.3,92.6,0,3700,4.9,Higher Secondary,0,0,1,1,0,1,7.6,Medium,50.5,37.6,0,0
6417,Male,8,12,79.2,52.1,1,7000,0.8,Primary,1,0,0,0,1,0,1.6,High,49.6,42.4,1,1
6418,Male,9,16,91.2,60.8,2,14500,0.6,Primary,1,0,1,1,0,1,4.7,Low,29.6,16.5,0,1
6419,Female,8,15,63.4,69.2,0,20300,2.4,Higher Secondary,0,0,1,0,0,1,4.3,High,40.5,0.0,1,1
6420,Female,6,13,97.8,68.5,1,46200,2.1,Primary,0,0,0,1,0,1,0.0,Low,25.2,35.2,0,1
6421,Male,10,14,86.1,84.4,2,8400,0.7,No Schooling,0,0,0,0,0,1,8.0,Low,4.5,32.4,1,0
6422,Female,9,14,69.2,100.0,1,8100,1.4,No Schooling,0,0,0,0,0,1,4.1,Medium,44.7,33.0,0,0
6423,Female,8,12,87.4,67.6,0,3000,2.3,Primary,1,0,0,0,0,1,3.7,Medium,38.3,23.4,0,0
6424,Female,8,14,80.8,59.3,0,3900,0.5,No Schooling,0,0,1,1,0,1,4.5,Low,36.3,39.9,0,0
6425,Male,9,16,82.2,100.0,0,13900,0.1,Graduate,0,0,0,0,1,1,4.5,Low,61.3,51.6,0,0
6426,Male,6,12,81.7,96.4,0,30600,1.2,Higher Secondary,0,0,1,1,1,1,6.8,Medium,44.1,42.1,1,0
6427,Male,7,11,89.2,69.7,0,21000,1.9,Primary,0,1,1,1,0,0,5.5,Medium,13.6,24.1,0,0
6428,Male,6,11,74.8,18.8,1,5100,4.8,Primary,0,1,1,0,1,1,4.0,Low,25.4,27.1,1,0
6429,Male,6,10,87.6,49.7,0,3500,2.7,Primary,0,0,0,0,0,1,2.1,Low,38.6,1.4,0,0
6430,Male,6,11,49.3,66.0,0,3000,0.8,No Schooling,0,0,1,0,1,1,4.9,Low,40.4,23.4,0,0
6431,Male,9,14,80.6,61.6,2,7500,0.2,Primary,1,0,0,0,0,1,2.8,Low,12.1,25.3,1,1
6432,Male,7,14,94.8,55.2,0,31100,0.1,No Schooling,1,1,0,0,0,1,1.9,High,49.1,34.7,0,0
6433,Male,10,14,60.8,69.1,0,5500,2.1,Secondary,0,1,1,0,0,0,2.2,Low,39.0,29.5,0,0
6434,Female,10,15,93.8,89.1,0,5100,0.2,No Schooling,1,1,1,0,0,1,6.8,Medium,50.6,57.5,0,0
6435,Female,6,10,94.4,53.5,2,6600,1.0,No Schooling,0,0,0,0,1,1,3.3,Low,31.6,17.5,0,0
6436,Male,9,16,76.2,99.0,0,6500,4.2,Higher Secondary,1,0,0,0,0,1,8.0,Low,39.4,41.8,0,0
6437,Male,8,13,39.3,13.8,1,8400,3.6,Primary,0,1,0,0,0,1,1.5,Medium,20.5,0.0,0,0
6438,Male,10,17,89.0,36.6,1,3000,0.6,Secondary,0,0,0,0,0,1,5.6,Low,50.1,29.1,1,0
6439,Female,8,14,89.9,62.5,0,3900,2.0,Secondary,0,0,1,0,1,1,2.2,Medium,56.2,54.3,0,0
6440,Female,7,12,83.0,44.8,0,6000,3.8,Graduate,0,0,0,1,0,0,3.5,Low,32.2,41.0,0,0
6441,Male,7,13,69.3,31.8,5,9500,9.2,Primary,0,0,1,0,0,0,1.8,Low,28.5,24.2,1,1
6442,Female,10,14,76.7,47.5,0,5300,1.2,Primary,0,0,1,0,0,1,3.5,Low,41.9,24.9,0,0
6443,Female,7,14,72.0,56.5,1,9100,2.1,Secondary,0,0,0,0,0,0,4.2,Medium,30.0,14.6,0,1
6444,Female,10,17,67.8,55.5,2,5100,2.7,Secondary,0,0,0,0,1,0,5.6,Low,27.5,31.2,0,0
6445,Male,6,11,58.1,60.2,3,14200,1.1,No Schooling,0,0,1,0,1,0,0.8,Medium,38.9,30.2,1,1
6446,Male,9,13,81.4,49.8,0,9900,3.0,No Schooling,0,0,1,0,0,1,2.3,Medium,31.5,36.6,0,0
6447,Female,8,13,67.5,44.9,2,9000,0.1,Secondary,0,1,1,0,1,1,5.4,Low,24.7,18.4,0,0
6448,Male,6,13,78.3,41.2,0,14000,2.3,No Schooling,0,0,1,0,0,0,2.8,Low,31.4,16.1,0,0
6449,Female,6,12,59.1,69.1,2,11900,5.4,Secondary,0,0,1,0,0,0,4.0,Medium,33.9,26.4,1,0
6450,Female,7,11,76.3,50.4,2,5300,0.2,Secondary,0,1,1,0,1,0,1.0,Low,27.6,25.8,0,1
6451,Male,9,13,79.5,59.4,1,4500,3.9,Higher Secondary,0,1,1,0,1,1,3.0,Low,45.7,13.5,0,0
6452,Male,9,13,81.0,24.3,1,20400,0.1,Secondary,0,0,0,0,0,1,4.1,Low,20.3,14.4,0,0
6453,Male,6,13,68.6,95.2,1,31100,0.5,Higher Secondary,0,0,1,0,0,1,8.0,Low,40.1,39.9,0,0
6454,Male,8,13,90.4,89.4,0,18200,0.1,Primary,0,1,1,1,1,1,6.7,Medium,38.0,33.3,0,0
6455,Female,6,13,62.6,27.3,0,17800,2.0,Graduate,1,0,1,0,0,1,4.1,Low,22.2,13.3,0,0
6456,Female,9,14,92.5,25.2,0,3900,1.8,No Schooling,0,0,0,0,1,0,3.4,Medium,28.7,18.4,0,0
6457,Male,9,16,64.7,63.6,0,7200,3.6,Secondary,1,0,0,0,1,1,3.2,Low,48.2,40.5,0,0
6458,Female,10,17,76.5,58.8,0,6600,6.4,Higher Secondary,1,0,1,1,0,1,6.5,Low,33.8,37.5,0,0
6459,Male,10,16,83.7,70.2,0,6400,2.8,Primary,0,1,1,0,0,1,4.6,Low,35.6,25.5,0,0
6460,Female,7,11,70.0,74.6,0,4600,0.7,Higher Secondary,0,0,0,0,0,1,3.4,Medium,22.8,29.7,0,0
6461,Male,7,11,62.0,83.0,1,10300,1.7,Primary,0,0,0,0,1,0,4.3,Low,40.6,17.0,0,0
6462,Female,10,14,81.9,61.0,0,10300,1.0,Primary,0,0,0,0,1,1,5.5,Low,24.1,25.1,0,0
6463,Female,6,12,90.1,94.1,1,4300,1.9,Secondary,0,0,1,0,0,1,8.0,Low,59.3,62.2,0,0
6464,Male,6,12,83.7,53.1,1,4800,2.3,Higher Secondary,1,0,0,1,1,0,3.4,Low,43.7,38.7,0,0
6465,Female,7,14,83.8,46.9,1,9300,10.3,Higher Secondary,1,0,0,0,0,0,4.0,Medium,34.6,14.7,0,0
6466,Female,9,16,82.5,71.6,1,7900,3.9,Secondary,0,1,0,0,0,1,3.2,Medium,40.5,50.8,0,0
6467,Male,9,14,71.5,49.2,0,5300,0.5,Secondary,1,0,0,0,0,1,4.1,Low,29.3,19.5,0,0
6468,Female,10,15,96.9,98.9,1,7000,0.4,Primary,0,0,0,0,0,1,7.5,Low,47.4,15.0,2,0
6469,Female,7,14,92.5,72.3,0,3200,0.8,Primary,0,0,0,0,0,1,3.5,High,47.5,71.6,0,0
6470,Female,7,14,80.6,76.5,1,12900,2.3,Graduate,0,0,0,0,1,1,7.0,Medium,39.7,49.2,1,0
6471,Male,7,12,85.7,85.9,2,6100,0.8,Secondary,1,0,0,0,0,1,3.7,Low,54.8,39.8,0,0
6472,Female,9,13,83.8,100.0,3,6000,0.2,Primary,0,0,0,0,0,0,8.0,Medium,57.9,45.5,0,0
6473,Female,6,10,82.0,46.0,3,11300,0.1,Higher Secondary,0,0,1,0,1,1,6.3,Low,43.0,31.6,0,1
6474,Female,10,17,95.2,74.0,0,16800,5.4,No Schooling,0,0,0,1,1,1,5.1,High,66.5,53.9,0,0
6475,Male,8,13,83.4,43.2,0,8100,0.1,No Schooling,0,0,0,0,0,1,3.9,Low,33.6,22.4,0,0
6476,Male,9,15,90.4,78.3,0,5200,1.1,Secondary,1,0,1,1,0,0,6.2,Low,34.5,40.8,1,0
6477,Female,10,17,90.3,94.8,2,10700,0.6,Primary,0,0,0,0,1,0,7.4,Medium,28.4,56.0,0,0
6478,Male,8,15,86.5,62.7,0,8400,3.2,Primary,0,0,0,0,0,0,4.9,High,27.4,17.4,1,0
6479,Male,9,14,67.1,63.7,1,10100,0.1,Primary,1,1,0,0,0,1,5.6,Medium,28.2,13.9,2,0
6480,Male,7,13,83.5,49.3,1,14300,0.4,Primary,0,0,0,0,0,0,5.7,High,40.6,15.8,1,0
6481,Female,9,13,85.2,67.5,0,7200,0.8,Secondary,0,0,0,0,0,0,5.7,Low,27.5,29.2,1,0
6482,Male,10,17,82.5,80.6,0,16600,1.8,Primary,0,0,0,0,0,1,3.9,Low,58.5,48.7,0,0
6483,Female,8,15,76.7,70.1,0,5400,2.3,Secondary,0,0,1,0,0,1,6.3,Medium,45.9,49.0,0,0
6484,Female,6,11,74.7,89.3,1,5000,1.2,Secondary,0,0,1,0,0,1,6.0,Low,36.3,59.7,1,0
6485,Female,10,15,81.2,61.4,2,15200,1.1,No Schooling,1,0,0,0,0,1,6.5,Medium,48.5,36.9,1,0
6486,Female,10,16,86.8,77.3,0,11000,2.3,Secondary,0,0,1,0,0,1,5.1,Medium,60.3,49.1,0,0
6487,Male,8,13,52.7,40.7,3,7200,3.5,No Schooling,0,0,1,1,0,1,1.8,Low,28.4,23.6,0,1
6488,Female,10,16,89.4,42.5,0,8000,2.9,Primary,0,0,1,1,0,1,2.3,Low,42.0,30.0,0,0
6489,Male,8,12,62.0,73.1,0,6600,2.9,Primary,0,0,0,0,0,0,5.3,High,25.3,31.9,0,0
6490,Female,7,12,69.5,56.7,2,7000,5.0,Secondary,0,0,0,0,0,1,4.7,Medium,52.2,29.1,0,0
6491,Male,8,15,80.4,73.9,3,3400,2.3,Primary,0,0,0,0,0,0,3.4,Medium,36.2,18.4,0,0
6492,Female,6,13,73.1,51.5,0,4700,3.3,Primary,1,0,0,0,1,0,6.3,Low,32.8,19.0,0,1
6493,Female,8,12,70.9,36.1,0,7300,12.1,Primary,1,1,0,1,0,1,5.2,Low,56.8,22.0,0,1
6494,Male,9,16,71.3,70.5,0,3000,4.1,Secondary,0,0,0,1,0,1,4.5,High,52.3,36.6,0,0
6495,Female,6,10,72.4,58.1,0,3000,0.4,Primary,1,1,0,0,1,1,4.5,Low,43.7,36.6,0,0
6496,Male,7,14,96.8,35.2,0,3000,1.2,Primary,0,0,0,0,1,1,5.6,Medium,46.0,34.5,0,0
6497,Male,9,14,80.8,32.5,1,18500,3.2,Higher Secondary,1,1,1,1,0,1,3.4,Low,36.5,27.7,0,0
6498,Male,9,14,85.4,75.5,0,31000,2.5,Secondary,1,1,0,0,0,1,2.8,Low,16.5,31.9,1,0
6499,Male,10,16,61.5,65.9,0,9800,1.5,No Schooling,0,0,1,1,1,0,3.6,Low,26.7,26.3,0,0
6500,Female,7,14,83.6,50.4,0,7200,2.8,Higher Secondary,1,1,1,1,0,1,2.4,Low,38.7,44.0,0,0
6501,Female,10,15,55.7,27.2,3,18100,13.7,Secondary,0,0,0,0,0,1,1.2,Medium,37.1,28.0,0,1
6502,Male,6,11,79.9,74.9,1,3800,1.0,Primary,0,1,0,0,0,1,6.3,Low,35.3,52.4,0,0
6503,Female,6,13,82.4,45.2,0,10000,2.0,Secondary,0,0,1,0,0,1,3.0,Low,45.1,15.3,0,0
6504,Female,9,16,64.7,46.9,0,10100,1.1,Secondary,1,0,0,0,0,0,3.8,Medium,20.0,22.7,0,0
6505,Female,8,14,83.7,74.5,2,6800,0.1,Primary,1,0,0,0,0,1,3.7,High,20.7,49.4,1,0
6506,Male,9,13,76.3,59.3,0,3000,12.3,No Schooling,0,0,0,0,0,1,2.6,Medium,24.6,32.5,0,1
6507,Female,7,14,85.0,43.2,1,17600,1.8,Primary,0,0,1,0,0,1,2.6,High,41.3,38.9,0,0
6508,Male,6,12,76.9,100.0,1,5400,0.5,No Schooling,0,0,0,0,0,1,5.2,Medium,39.3,37.0,1,1
6509,Female,8,14,68.0,49.2,2,5000,1.3,Higher Secondary,0,0,0,0,1,0,3.2,Medium,55.2,40.7,0,0
6510,Female,6,10,61.2,84.0,1,3000,6.6,Graduate,0,0,0,1,1,1,4.8,Low,29.2,17.6,0,0
6511,Female,7,14,57.4,59.5,0,12300,1.0,Higher Secondary,0,0,1,0,1,1,6.2,Low,43.8,27.2,1,0
6512,Male,6,12,78.1,69.3,0,10500,1.8,Higher Secondary,0,0,0,0,0,1,5.4,Medium,10.5,30.8,1,0
6513,Male,7,11,90.5,72.3,0,11800,4.2,No Schooling,1,0,0,0,0,1,6.1,Medium,49.6,42.0,1,0
6514,Female,9,14,88.4,79.7,1,5900,1.1,Primary,0,0,0,0,0,1,5.1,Medium,40.0,24.4,0,0
6515,Male,6,11,84.5,53.6,0,6500,7.6,Primary,0,0,0,0,0,0,3.6,Low,56.5,32.4,0,0
6516,Male,8,15,49.5,50.6,0,5000,1.0,Secondary,0,0,1,0,0,0,3.2,Low,38.3,23.4,0,0
6517,Female,8,13,83.7,35.9,0,9600,2.7,Secondary,0,0,1,0,0,1,2.3,Low,30.6,31.5,0,0
6518,Female,8,15,59.2,39.4,2,8000,1.2,Primary,0,0,0,0,0,1,0.0,Low,51.9,15.9,0,1
6519,Male,8,14,72.8,68.6,0,6500,2.8,Secondary,1,0,0,0,1,1,6.5,Medium,29.7,32.5,1,0
6520,Male,9,14,81.9,100.0,0,3400,2.1,Secondary,0,0,0,1,0,1,8.0,Low,28.2,39.4,1,0
6521,Female,10,15,87.7,64.9,0,6500,1.3,Primary,0,0,1,0,0,1,5.0,Low,51.3,38.0,1,0
6522,Male,6,13,92.7,47.0,0,3000,2.0,Higher Secondary,0,1,1,0,1,0,3.6,Medium,32.9,17.5,0,0
6523,Male,9,14,87.8,92.4,0,5200,1.9,Primary,0,0,0,0,0,1,6.1,Medium,21.8,38.9,0,0
6524,Male,6,12,66.9,42.0,0,4500,0.6,Higher Secondary,0,1,0,1,1,1,5.4,Low,23.7,10.1,0,0
6525,Male,8,12,97.8,86.5,0,6800,2.0,Primary,0,0,1,0,0,1,3.2,High,41.3,15.7,0,0
6526,Female,8,13,90.2,61.3,0,9700,0.2,Primary,0,0,0,0,0,1,5.5,Low,40.8,48.9,0,0
6527,Male,6,12,67.5,12.5,0,7200,3.7,Higher Secondary,0,0,0,1,0,0,1.7,Low,28.0,39.7,0,1
6528,Male,6,11,59.7,53.6,3,5300,1.5,Primary,0,1,0,0,1,1,3.7,Low,30.6,35.3,0,1
6529,Male,6,13,75.2,51.8,1,6700,5.0,No Schooling,0,1,0,0,0,0,1.8,Medium,43.6,38.6,0,1
6530,Male,6,10,93.2,100.0,2,9000,3.9,Graduate,0,0,1,0,1,1,7.4,High,65.8,57.1,1,0
6531,Male,8,15,64.4,38.2,1,10900,2.7,Secondary,1,1,1,0,0,1,0.0,Medium,32.8,23.2,0,1
6532,Female,6,10,82.7,66.9,0,20700,2.2,Primary,0,0,1,1,0,1,4.4,Low,42.5,49.7,1,0
6533,Female,9,14,86.8,54.7,3,42800,0.5,Secondary,0,0,1,0,0,1,3.5,Medium,55.0,27.6,0,0
6534,Male,10,16,88.4,93.3,2,22400,0.7,Secondary,0,0,0,1,1,1,8.0,Low,55.7,37.4,0,0
6535,Male,7,12,96.2,38.4,0,8100,0.4,Secondary,0,0,0,0,0,1,3.9,Low,23.6,18.8,0,0
6536,Male,6,12,79.4,91.0,0,4200,3.0,Higher Secondary,0,0,1,0,0,1,5.7,Medium,24.4,26.3,0,0
6537,Male,7,14,99.8,69.8,5,6300,0.8,Primary,0,0,0,0,1,0,1.5,Low,48.1,53.8,0,0
6538,Female,10,15,84.4,60.6,1,9300,3.2,Primary,0,1,1,1,1,1,2.4,Low,35.0,41.4,0,1
6539,Male,7,13,59.8,64.2,0,6000,0.3,No Schooling,0,0,1,1,0,1,5.2,Medium,47.0,18.5,0,0
6540,Female,6,13,69.2,68.0,1,6400,2.9,Higher Secondary,0,0,0,0,0,1,4.7,Low,46.6,39.2,0,0
6541,Female,10,17,80.9,60.7,2,12700,2.8,Primary,0,0,0,1,0,0,4.8,Low,32.9,35.5,1,0
6542,Male,8,12,93.3,45.1,0,7000,1.6,Primary,0,0,1,0,0,1,3.1,Low,42.1,28.0,1,0
6543,Female,7,13,87.1,81.7,0,10100,2.2,Secondary,0,0,0,0,1,0,3.1,Medium,53.9,42.4,0,0
6544,Male,10,17,74.7,53.9,1,6900,0.7,Secondary,1,0,0,0,1,0,4.3,High,27.1,40.4,0,0
6545,Male,10,17,83.0,98.2,0,3000,1.1,No Schooling,0,0,0,0,0,1,7.2,Medium,37.4,31.4,1,0
6546,Female,8,15,78.7,59.2,0,3000,6.7,Higher Secondary,0,0,0,0,0,1,4.0,Low,55.4,21.3,1,0
6547,Male,7,11,88.5,93.0,0,10600,1.0,Primary,0,1,0,0,0,1,6.5,Low,44.2,57.5,0,0
6548,Female,8,15,97.7,72.1,2,7600,5.0,Secondary,0,0,0,1,0,1,4.6,Medium,38.8,34.3,0,1
6549,Female,6,13,69.6,69.8,0,8900,3.6,Primary,1,0,0,0,0,0,5.3,Low,20.7,15.0,1,0
6550,Male,8,14,84.8,42.5,0,9800,0.3,Primary,0,0,0,0,0,1,2.5,Medium,61.1,19.5,0,0
6551,Female,7,11,85.1,49.2,0,9400,0.2,Graduate,0,0,0,0,0,1,2.7,Low,41.1,2.2,0,0
6552,Male,8,12,63.3,54.3,0,7800,7.2,Primary,0,1,1,0,1,0,5.2,Low,14.0,9.5,0,0
6553,Female,9,14,81.8,95.2,0,19800,0.6,Graduate,0,0,1,0,1,1,3.6,Low,38.3,37.3,0,0
6554,Male,10,17,87.9,58.3,0,9400,5.8,Higher Secondary,0,0,0,0,0,1,2.9,Low,24.3,17.2,2,0
6555,Male,10,14,76.7,47.9,2,9600,1.7,Primary,0,0,0,0,0,1,2.7,Low,44.9,44.0,0,0
6556,Male,6,12,66.8,49.5,1,5600,2.5,Secondary,0,0,0,0,0,1,1.1,Low,43.5,22.7,0,0
6557,Female,6,10,86.9,67.6,0,3600,2.0,Secondary,1,0,0,0,1,0,5.8,Low,44.7,32.8,1,0
6558,Male,8,15,61.9,24.9,3,37000,1.0,No Schooling,0,0,1,1,0,1,4.5,Medium,48.3,39.1,0,1
6559,Female,7,11,92.5,57.1,0,14400,1.2,Secondary,0,0,1,1,0,1,4.5,Medium,68.0,47.5,0,0
6560,Male,6,10,72.7,84.7,0,9600,2.0,Primary,0,0,0,0,0,1,3.9,Low,36.8,40.5,1,0
6561,Male,9,13,81.5,58.7,1,6900,1.7,No Schooling,0,0,0,0,0,1,3.0,Low,25.8,27.2,0,0
6562,Male,7,13,63.8,70.8,4,12500,0.2,Higher Secondary,0,0,0,0,0,0,5.0,Low,39.8,41.3,0,1
6563,Male,6,13,80.4,55.4,2,5700,1.8,Primary,0,0,0,1,0,1,3.4,Low,43.8,38.0,0,0
6564,Female,8,13,90.4,9.0,0,13200,3.2,Graduate,0,0,1,0,0,1,2.7,Low,37.1,17.4,0,0
6565,Male,10,16,91.5,78.1,0,23100,2.4,Primary,0,1,1,1,0,1,4.3,Low,29.6,30.7,0,0
6566,Female,9,15,95.3,88.6,0,7700,0.6,No Schooling,0,1,0,1,0,1,6.8,Low,51.6,55.3,1,0
6567,Female,6,11,55.1,65.0,0,24000,2.7,Secondary,0,0,1,1,0,1,4.3,Low,53.5,37.4,0,0
6568,Male,8,15,71.0,47.4,0,6700,3.2,Higher Secondary,1,0,0,0,0,1,2.9,Medium,29.2,26.8,1,1
6569,Female,10,15,69.7,46.5,0,3000,3.4,Secondary,0,0,0,0,1,1,6.6,Low,48.5,25.9,0,0
6570,Female,6,10,83.7,60.2,0,14400,1.1,No Schooling,0,0,1,0,0,1,3.7,Medium,45.5,13.8,0,0
6571,Female,9,13,78.5,46.8,0,7500,1.5,Higher Secondary,0,0,1,0,1,1,1.0,Medium,40.3,21.3,2,0
6572,Female,9,13,71.6,79.5,0,14500,1.4,Secondary,1,0,0,0,0,1,4.1,Medium,24.5,38.2,0,0
6573,Female,9,13,75.8,61.3,0,3700,0.8,No Schooling,0,1,1,0,1,1,3.4,Low,28.0,33.2,0,0
6574,Female,6,10,88.0,54.4,1,5800,3.6,Secondary,0,0,0,0,0,1,1.7,High,53.8,5.3,0,0
6575,Male,10,14,87.3,65.2,2,20700,2.7,No Schooling,0,0,0,0,1,1,4.3,Low,60.1,22.6,0,0
6576,Female,7,11,83.3,59.5,2,10000,1.6,Secondary,0,0,0,0,0,1,2.9,Low,55.0,58.8,1,0
6577,Male,6,12,79.8,86.3,0,23100,0.5,Primary,0,0,1,0,0,1,3.7,Medium,46.5,41.3,0,0
6578,Female,6,10,80.2,57.0,0,5200,0.1,Secondary,0,0,0,0,0,1,4.3,Medium,54.8,48.1,1,0
6579,Female,8,14,72.7,31.7,0,42300,3.8,Primary,1,0,1,1,0,1,5.3,Medium,26.2,17.0,0,0
6580,Female,6,10,87.7,82.1,2,39900,0.1,Secondary,1,0,0,0,0,1,7.0,Low,38.2,31.0,2,0
6581,Female,9,16,79.4,76.2,2,13700,0.6,Secondary,0,1,1,0,0,0,4.4,High,25.6,11.1,0,1
6582,Female,10,15,69.5,56.7,3,9000,2.7,No Schooling,0,0,0,1,1,1,4.3,Low,47.3,19.4,0,1
6583,Female,6,11,72.7,67.8,4,11000,1.9,Higher Secondary,0,0,1,0,0,1,4.0,Low,37.6,37.7,0,1
6584,Male,9,15,84.1,72.4,2,16800,2.9,Primary,0,0,1,1,1,1,4.0,High,37.9,26.8,0,1
6585,Male,10,17,87.8,100.0,0,9700,1.4,Primary,0,0,0,0,0,1,6.4,Low,60.7,40.8,0,0
6586,Male,6,13,72.6,35.7,0,6400,5.5,Primary,0,0,0,0,1,0,2.7,Low,43.4,30.5,2,0
6587,Male,9,14,92.6,100.0,2,3900,6.1,Graduate,0,0,0,0,1,1,7.1,Medium,38.9,23.9,0,0
6588,Female,10,15,80.4,82.1,3,3000,0.4,Secondary,0,1,0,1,0,1,5.1,High,29.0,23.3,2,1
6589,Female,9,14,93.3,100.0,0,6600,0.6,Higher Secondary,1,0,0,0,0,1,5.8,Medium,55.5,45.7,0,0
6590,Male,8,12,83.2,40.0,1,3000,4.9,Primary,0,0,0,0,0,1,3.0,Medium,28.0,22.3,1,0
6591,Male,10,15,65.3,87.0,0,7300,3.3,Graduate,0,0,1,0,0,1,4.4,Low,17.6,44.9,1,0
6592,Female,9,16,78.1,97.4,0,24200,2.2,Secondary,0,1,0,0,1,1,7.2,Low,33.7,3.7,3,0
6593,Male,7,12,45.1,46.3,0,7700,2.5,Graduate,0,0,0,0,0,1,4.2,Low,41.2,40.6,0,0
6594,Female,7,12,82.3,59.3,3,4200,2.3,No Schooling,1,0,1,1,0,1,4.8,Low,37.9,43.3,0,1
6595,Female,8,12,96.4,100.0,1,5700,0.5,Graduate,0,1,1,0,0,1,8.0,Low,63.3,44.0,0,0
6596,Male,7,12,90.7,53.9,3,4600,1.0,No Schooling,1,0,0,0,0,1,0.3,Low,58.1,32.9,0,0
6597,Male,7,11,58.6,71.2,0,26700,3.1,Secondary,0,0,1,0,1,1,7.9,Low,42.1,35.3,0,0
6598,Male,6,11,88.6,100.0,0,5100,6.5,No Schooling,0,0,0,0,0,1,6.9,Low,53.9,30.8,0,0
6599,Male,10,15,90.9,70.4,0,3000,2.0,Higher Secondary,1,1,0,1,0,1,6.6,Medium,35.0,36.8,0,0
6600,Male,9,16,84.4,62.9,0,48200,1.2,Primary,0,0,1,1,0,1,3.4,Low,47.2,24.3,0,0
6601,Male,7,13,89.2,100.0,1,7100,5.1,Primary,1,0,1,0,0,1,8.0,Low,40.6,41.0,1,0
6602,Male,7,12,87.5,63.3,4,4400,0.6,Primary,0,0,0,0,1,1,6.5,Medium,52.6,13.7,1,0
6603,Male,6,12,81.9,48.1,0,8200,0.1,Higher Secondary,1,0,0,0,0,0,3.5,Low,43.0,31.3,2,0
6604,Male,6,13,77.5,0.0,1,6900,5.4,Higher Secondary,0,1,1,0,1,1,0.0,Low,27.8,1.5,0,0
6605,Female,8,12,76.7,100.0,2,11300,1.5,Secondary,0,0,1,0,1,1,5.2,High,58.9,31.9,1,0
6606,Male,6,11,81.6,74.4,0,7200,3.4,Secondary,0,0,0,0,0,1,5.2,High,22.7,25.8,0,0
6607,Female,10,16,88.2,86.3,2,3000,6.8,Primary,1,0,0,0,1,0,4.5,High,62.7,39.2,0,1
6608,Male,7,11,65.8,60.4,4,7100,4.4,Secondary,0,1,1,0,0,1,7.4,Low,50.0,40.8,0,0
6609,Male,6,12,74.5,86.8,2,15100,0.5,Primary,0,0,1,0,0,1,3.1,Medium,29.1,50.4,0,0
6610,Male,10,14,81.3,98.4,0,5600,2.8,Primary,0,0,1,0,0,1,7.8,High,57.6,61.5,0,0
6611,Female,7,14,71.9,42.3,1,13500,0.3,Secondary,0,0,1,1,0,1,2.6,Low,9.4,24.6,0,0
6612,Male,7,14,71.8,53.7,1,15700,1.6,No Schooling,0,1,1,0,0,1,3.5,Low,33.8,45.7,0,0
6613,Male,6,10,84.0,69.0,2,18500,3.8,No Schooling,0,0,0,0,0,1,5.2,Low,31.7,14.9,0,1
6614,Male,9,15,67.4,100.0,1,3900,0.5,Secondary,0,0,0,0,1,1,6.7,Low,34.2,33.4,0,0
6615,Female,7,11,70.6,51.7,4,4200,1.9,Primary,0,0,0,0,0,1,1.1,Medium,62.3,28.1,0,1
6616,Male,10,16,86.4,81.1,2,8200,2.2,No Schooling,0,0,0,0,0,1,4.5,Low,71.6,45.0,0,0
6617,Male,9,15,75.2,61.8,0,3000,8.1,Secondary,0,0,1,0,0,1,3.7,Low,61.9,49.2,0,0
6618,Female,10,17,67.3,21.7,5,3800,0.3,Primary,0,0,0,0,0,1,2.4,Low,19.6,26.1,0,1
6619,Male,8,12,88.2,69.7,1,10000,6.7,No Schooling,0,0,0,0,0,1,3.5,Low,44.7,44.5,1,0
6620,Male,9,15,71.0,58.7,3,3000,4.4,Higher Secondary,0,0,0,0,0,1,1.8,Medium,40.7,31.2,0,1
6621,Female,9,16,80.1,71.7,0,3000,0.7,Secondary,0,0,1,0,0,1,4.8,Low,32.3,14.4,0,0
6622,Male,8,12,67.1,100.0,3,11600,1.5,Graduate,1,0,0,0,1,1,6.8,Low,15.7,38.4,0,0
6623,Male,9,14,86.5,46.8,5,3000,2.8,Graduate,0,0,1,0,0,1,3.7,Medium,42.2,20.8,1,1
6624,Male,9,15,74.1,95.0,2,50000,3.4,No Schooling,0,0,1,0,0,0,6.4,Low,35.0,14.5,0,1
6625,Male,6,10,97.1,64.2,2,4000,0.9,Higher Secondary,0,0,1,0,1,1,2.2,Low,60.0,31.6,0,0
6626,Female,9,13,80.9,49.4,0,3800,1.6,Secondary,0,1,0,1,0,1,3.7,Medium,32.3,33.1,1,0
6627,Female,7,14,66.1,47.4,0,3000,15.0,Primary,0,0,0,0,0,1,5.5,Medium,35.4,27.0,1,0
6628,Female,8,14,94.0,72.6,1,7900,2.9,Graduate,0,0,0,0,0,1,4.8,Medium,42.5,32.1,0,0
6629,Male,6,10,74.4,42.7,1,6900,0.7,Graduate,0,0,1,0,1,0,2.7,Medium,32.5,34.5,0,0
6630,Female,6,13,76.6,73.4,1,10500,0.1,Secondary,1,0,0,0,0,1,4.3,Medium,34.0,48.0,0,1
6631,Female,6,12,91.7,62.1,0,6700,0.1,Primary,0,0,0,0,1,1,3.2,Medium,53.0,29.8,0,0
6632,Male,6,11,88.5,47.0,0,15200,0.7,Primary,0,0,1,0,0,1,2.6,Medium,41.2,40.7,0,0
6633,Female,6,13,95.3,92.4,1,6800,2.5,Secondary,0,0,1,0,0,0,4.9,Low,41.5,25.9,0,0
6634,Female,6,11,70.8,57.1,0,6100,1.3,Secondary,1,0,1,0,0,1,4.1,High,44.7,37.8,0,0
6635,Female,8,13,74.5,61.5,1,9400,3.2,Primary,0,0,1,0,0,0,5.2,Medium,45.1,33.8,1,0
6636,Male,7,13,88.2,48.2,0,3000,6.7,Secondary,0,1,1,0,0,1,2.4,Low,59.5,18.5,0,0
6637,Male,10,14,76.3,90.9,0,3600,0.1,Primary,0,0,1,0,0,1,6.9,Low,33.9,30.4,0,0
6638,Female,9,13,91.2,74.4,0,26300,2.6,Higher Secondary,0,0,1,1,0,1,5.2,Low,59.7,44.4,0,0
6639,Female,6,10,62.3,59.2,0,3000,0.6,Secondary,0,0,0,1,0,0,5.0,Low,25.7,25.6,0,0
6640,Male,7,12,89.7,55.4,0,14800,2.8,Primary,0,0,1,0,0,1,2.7,Medium,23.7,28.6,1,0
6641,Male,8,12,57.7,40.4,1,3000,1.7,Higher Secondary,0,0,0,0,0,1,2.9,Low,38.3,15.8,0,1
6642,Female,7,13,85.4,60.0,0,3000,1.2,Secondary,0,0,1,0,1,0,3.8,Medium,39.1,31.5,0,0
6643,Male,8,15,73.5,69.5,3,4600,1.7,Secondary,0,1,0,0,1,1,3.9,Medium,40.7,40.1,0,0
6644,Male,9,14,76.9,41.5,1,10700,7.9,No Schooling,0,0,1,1,0,1,1.2,Medium,34.4,27.8,1,1
6645,Female,9,13,70.2,96.6,2,7200,6.3,Primary,1,0,1,0,0,1,7.8,Medium,41.9,43.4,0,0
6646,Male,7,11,96.8,42.0,0,10400,0.6,Primary,0,0,0,1,0,1,2.0,High,46.9,26.9,0,0
6647,Male,9,13,82.3,74.2,0,5400,0.3,No Schooling,0,0,0,0,1,1,4.0,High,55.4,31.8,0,0
6648,Male,7,13,80.1,96.2,0,7100,1.8,No Schooling,0,0,0,0,1,1,5.0,High,63.3,56.1,0,0
6649,Female,10,15,82.3,75.0,0,8100,4.0,Primary,0,0,0,0,0,1,5.2,Low,63.2,31.9,0,0
6650,Male,10,15,69.1,41.9,3,15400,2.8,Primary,0,0,0,0,0,1,3.8,Low,37.0,1.1,0,0
6651,Female,7,14,75.6,80.0,3,26600,1.6,Primary,0,1,1,1,0,1,3.5,High,41.8,39.6,1,0
6652,Female,9,14,81.1,41.0,3,3700,3.2,Higher Secondary,1,0,0,0,1,0,2.4,Medium,42.2,22.5,1,0
6653,Female,9,15,84.4,58.1,1,7100,4.3,Secondary,0,1,0,0,0,0,3.3,Low,4.7,20.3,1,0
6654,Female,8,15,96.7,43.1,0,6000,0.4,Higher Secondary,0,0,0,0,0,1,5.1,Medium,68.4,46.7,0,0
6655,Female,6,10,83.6,100.0,1,9800,2.3,No Schooling,1,0,0,0,1,1,7.0,Low,63.5,70.6,0,0
6656,Male,9,13,96.1,86.3,0,21200,1.1,Higher Secondary,0,0,0,0,1,1,5.1,Medium,72.8,54.1,0,0
6657,Female,7,11,87.3,66.4,0,8500,0.5,Graduate,0,0,0,0,1,0,7.2,Low,43.6,42.2,1,0
6658,Female,6,10,92.8,81.1,0,5400,4.1,Primary,1,0,0,0,1,0,6.3,Medium,51.8,31.1,1,0
6659,Female,8,15,69.7,48.3,0,16400,4.4,Secondary,0,0,0,0,1,1,1.0,Medium,40.8,26.3,1,0
6660,Male,8,15,76.7,70.3,0,6700,1.9,Primary,1,0,1,0,0,1,1.8,High,32.0,40.1,1,0
6661,Male,6,12,63.6,58.8,0,7200,7.6,No Schooling,1,0,1,0,1,1,4.4,Medium,29.0,45.6,0,1
6662,Female,10,14,85.5,76.3,0,12200,3.4,No Schooling,0,0,1,0,1,1,6.6,Low,41.3,50.6,0,0
6663,Male,7,14,78.8,51.3,1,3200,0.3,Primary,0,0,1,0,0,0,1.5,Medium,27.0,23.8,0,0
6664,Female,8,15,67.3,15.4,2,3000,0.1,Primary,0,0,0,0,0,1,4.3,Low,26.9,21.6,0,1
6665,Male,9,14,81.5,97.3,0,4000,3.6,No Schooling,0,0,0,0,0,1,5.3,Medium,56.5,48.2,0,0
6666,Female,6,12,77.5,44.8,0,6600,1.2,No Schooling,0,0,0,0,0,1,3.8,Low,47.3,20.9,1,0
6667,Female,9,15,97.5,75.6,1,16600,0.5,Secondary,0,1,1,1,0,1,5.2,Medium,36.4,17.5,1,0
6668,Male,9,15,67.5,83.0,2,5000,0.5,Secondary,0,0,1,1,0,1,2.1,Medium,44.9,36.2,0,0
6669,Male,8,13,75.7,88.0,0,5600,2.7,No Schooling,0,0,1,0,0,0,7.1,High,46.1,44.6,0,0
6670,Female,8,13,84.0,40.0,1,9100,4.6,Primary,0,0,0,0,0,0,0.4,High,38.3,42.5,1,0
6671,Male,10,15,93.5,56.4,1,4200,0.1,Secondary,0,0,1,0,0,1,1.0,Low,36.8,42.7,0,0
6672,Male,10,15,60.2,68.9,0,5800,10.9,Secondary,0,0,1,0,0,1,4.3,Low,42.9,47.5,0,1
6673,Male,6,13,75.4,66.3,1,7900,1.3,Graduate,0,0,0,0,0,0,1.7,High,65.0,10.4,0,0
6674,Male,7,14,73.8,63.2,0,12000,1.5,Graduate,0,1,1,1,0,1,4.5,Medium,21.7,24.8,0,0
6675,Female,8,12,93.5,63.9,0,15700,0.1,Primary,0,0,0,0,0,0,2.6,Medium,35.6,37.8,1,0
6676,Male,10,14,85.2,54.2,0,7200,0.2,Primary,0,0,0,0,0,1,2.3,Low,26.3,49.5,0,0
6677,Male,9,14,70.8,52.1,0,6600,3.6,Primary,1,0,0,0,0,0,4.6,Low,36.4,32.7,0,0
6678,Female,7,14,88.5,81.4,0,7000,3.2,Higher Secondary,1,1,0,0,0,1,6.3,Medium,60.9,37.2,0,0
6679,Male,10,16,77.8,49.4,3,9300,1.5,No Schooling,0,0,1,0,0,1,3.6,Medium,49.6,20.5,1,0
6680,Male,7,14,99.9,73.9,0,22600,6.1,Higher Secondary,0,0,1,0,0,1,2.4,High,60.6,23.4,0,0
6681,Female,7,13,71.9,92.1,0,37100,0.2,Primary,0,1,0,1,0,1,4.6,Low,52.2,24.9,0,0
6682,Female,8,14,91.2,66.2,0,29600,1.6,Secondary,0,0,1,0,0,1,3.8,Low,55.1,14.8,0,0
6683,Female,7,13,68.7,70.7,0,17100,2.0,Primary,0,1,0,0,1,0,3.6,High,40.5,44.5,1,1
6684,Female,8,12,89.5,100.0,1,4000,0.9,Secondary,0,0,0,0,0,1,6.0,Medium,57.6,37.4,1,0
6685,Male,7,11,86.5,59.7,2,9400,2.7,Secondary,0,0,0,0,1,1,0.8,Medium,46.8,37.0,0,0
6686,Male,9,15,91.0,92.6,0,6300,3.3,Secondary,0,0,1,0,0,1,6.2,Low,54.1,44.7,1,0
6687,Female,10,15,93.2,62.4,0,7400,3.2,Secondary,0,1,0,1,1,1,3.5,Low,51.7,46.4,1,0
6688,Female,7,13,82.2,58.3,3,27400,2.7,Secondary,0,0,0,0,1,1,3.0,High,56.9,43.2,1,1
6689,Female,8,13,90.1,61.5,1,20500,3.4,Higher Secondary,1,0,1,0,0,0,4.8,Medium,49.9,32.3,0,0
6690,Male,9,13,93.3,75.4,4,14700,8.6,Primary,0,0,1,0,0,1,5.5,Low,56.5,47.8,0,0
6691,Male,6,12,70.2,81.6,2,50000,2.4,Secondary,0,0,1,0,0,1,2.7,Low,26.3,34.6,0,0
6692,Male,9,16,78.8,54.3,2,14500,1.3,Secondary,1,0,1,0,0,0,3.8,Medium,69.3,39.0,1,0
6693,Female,8,13,72.5,43.9,3,23000,0.1,Graduate,0,0,0,0,0,1,3.6,Low,32.0,33.3,0,1
6694,Female,6,10,85.9,85.1,0,12000,0.5,Higher Secondary,1,1,0,0,1,1,5.3,Low,44.0,50.7,0,0
6695,Male,10,15,78.7,75.9,5,9300,0.1,Higher Secondary,0,0,1,0,0,0,6.2,Low,35.9,26.0,0,0
6696,Male,7,14,90.1,35.7,0,33600,2.4,No Schooling,1,0,1,1,0,1,2.1,High,47.3,25.9,0,0
6697,Male,6,11,75.7,69.3,4,4700,0.8,Secondary,0,0,0,0,0,1,4.7,Medium,29.9,32.5,0,1
6698,Male,6,10,67.2,62.4,2,3000,1.4,No Schooling,0,1,0,0,0,1,2.1,Low,15.4,21.5,0,1
6699,Female,9,16,82.2,69.7,1,4100,1.2,No Schooling,0,0,0,0,1,1,4.2,High,31.5,29.3,0,0
6700,Female,10,14,92.8,74.0,0,5900,1.6,Primary,0,0,1,0,0,1,8.0,Low,48.9,39.1,0,0
6701,Male,7,11,59.3,32.1,0,15400,1.1,Higher Secondary,0,0,0,0,0,1,4.5,Medium,34.4,42.6,1,0
6702,Female,6,12,69.5,73.8,0,19600,5.1,Higher Secondary,0,0,1,0,0,1,7.3,High,43.0,43.0,1,0
6703,Female,6,11,98.4,100.0,0,4700,1.8,No Schooling,0,0,0,0,0,1,6.8,Low,55.8,30.1,0,0
6704,Male,9,13,70.6,58.0,3,5300,1.5,Primary,0,0,1,0,0,1,3.7,Low,56.7,25.0,0,0
6705,Male,7,11,83.2,66.8,0,6000,6.7,Higher Secondary,0,0,1,0,0,1,5.2,Low,20.6,37.2,0,0
6706,Male,7,11,80.6,50.0,4,8400,0.6,Secondary,0,0,1,0,1,1,5.0,Low,44.0,26.8,0,0
6707,Male,7,11,73.2,49.2,1,8100,5.2,Secondary,0,1,1,0,0,1,3.9,Low,22.6,26.2,0,0
6708,Female,8,12,84.4,52.4,0,10500,2.0,No Schooling,0,0,0,0,0,0,6.9,Low,65.4,36.4,0,0
6709,Female,9,14,92.2,66.2,0,4200,4.8,Graduate,1,0,1,0,1,1,5.0,Low,39.4,34.6,0,0
6710,Male,8,15,71.3,26.5,0,3800,2.4,Higher Secondary,1,0,1,0,0,1,1.1,Medium,54.9,15.3,0,0
6711,Male,6,11,80.7,64.3,0,4400,2.3,Primary,1,0,1,0,0,1,2.7,Medium,66.2,34.7,0,0
6712,Female,8,12,74.5,30.7,1,8400,1.8,Secondary,1,0,1,0,0,1,3.3,Low,46.7,23.5,1,1
6713,Male,8,15,83.7,63.1,0,3500,0.7,Higher Secondary,0,0,0,0,0,1,3.8,Medium,53.6,46.8,0,0
6714,Female,8,14,77.1,87.6,0,4300,3.1,Secondary,0,0,0,1,1,1,8.0,Medium,32.5,44.4,1,0
6715,Female,6,13,81.2,51.7,5,11600,1.8,Secondary,0,0,0,0,0,0,3.9,Low,70.3,31.1,0,1
6716,Female,6,12,80.6,48.0,0,22700,8.2,No Schooling,1,0,1,1,0,1,3.8,Low,36.9,30.7,1,1
6717,Female,8,13,90.0,41.6,0,10600,2.4,Primary,1,0,1,1,0,1,3.5,Low,30.0,40.8,1,0
6718,Female,7,13,78.1,54.6,0,3800,4.2,Primary,0,0,0,1,0,1,4.5,Low,33.0,34.1,0,0
6719,Female,8,12,79.5,43.9,0,13200,1.6,No Schooling,0,0,1,1,1,1,2.4,Medium,9.4,24.5,1,0
6720,Male,7,12,73.1,70.2,0,5400,1.5,Secondary,0,0,0,0,0,1,3.6,Medium,40.9,48.8,0,0
6721,Male,7,12,93.2,72.0,0,21600,4.1,Primary,0,0,0,0,0,1,3.6,High,44.3,41.3,0,0
6722,Male,9,14,84.0,82.6,0,11000,3.1,No Schooling,1,1,0,0,1,0,5.0,High,47.7,22.4,0,0
6723,Male,7,14,70.6,53.7,2,4500,1.7,Primary,0,0,1,0,0,1,2.2,Medium,25.9,23.3,0,1
6724,Male,6,13,85.5,86.4,1,8800,0.8,No Schooling,0,0,0,0,0,1,5.0,Low,41.7,19.2,0,1
6725,Male,9,14,89.4,16.9,0,3000,0.8,Secondary,0,0,1,0,1,1,3.7,Low,41.3,44.3,1,0
6726,Male,8,15,96.7,77.7,0,9200,0.7,Higher Secondary,0,0,1,0,0,0,6.0,Medium,55.0,45.0,0,0
6727,Male,10,14,77.0,44.7,5,6700,0.7,Secondary,1,0,0,0,1,0,3.9,Medium,37.2,28.0,0,1
6728,Male,6,13,83.0,100.0,3,35300,2.1,No Schooling,0,0,0,0,1,1,6.2,Medium,50.6,57.9,1,0
6729,Female,10,16,80.5,47.0,0,9400,2.7,No Schooling,0,0,0,0,1,1,4.7,High,21.9,26.0,0,0
6730,Female,9,15,88.2,0.2,1,8500,4.0,Graduate,0,0,0,0,0,1,5.9,Low,45.2,44.3,0,0
6731,Female,6,12,79.6,81.3,0,3000,15.0,Secondary,0,0,0,0,0,1,4.9,Medium,40.1,25.4,0,0
6732,Female,8,15,93.6,58.6,0,12600,1.4,Primary,0,0,0,1,1,0,0.0,High,45.6,22.8,1,0
6733,Female,9,15,87.8,66.0,0,18400,0.1,Secondary,0,0,0,0,0,1,5.7,Medium,71.1,53.4,0,0
6734,Female,8,15,64.5,78.4,0,18500,1.4,No Schooling,0,0,1,1,0,1,3.9,Medium,34.0,33.5,1,0
6735,Male,7,13,80.0,56.3,0,7400,1.7,Secondary,0,0,1,0,0,1,3.4,Medium,42.4,39.8,0,0
6736,Female,10,15,95.1,52.8,1,5300,0.2,Graduate,0,0,1,0,0,1,4.5,Low,42.1,5.9,0,0
6737,Male,9,13,92.2,48.6,0,19300,9.2,No Schooling,1,0,1,0,0,1,3.8,Low,33.4,36.7,0,0
6738,Female,10,17,83.4,100.0,0,7600,0.9,Primary,0,0,0,0,0,1,3.7,Low,51.7,43.3,0,0
6739,Female,10,14,68.0,69.6,4,7900,3.7,Primary,1,0,1,0,1,1,3.2,Low,27.5,9.5,1,1
6740,Male,9,13,77.6,80.0,1,6400,0.7,No Schooling,1,0,1,0,1,1,4.1,High,57.4,41.3,0,0
6741,Female,9,13,90.2,77.9,0,3000,6.7,Primary,1,1,0,0,0,1,7.4,Medium,50.5,39.7,0,0
6742,Male,9,13,82.8,63.2,0,4600,4.5,Graduate,0,0,1,0,0,1,4.0,Low,30.8,45.1,0,0
6743,Male,10,14,90.0,100.0,0,8700,3.4,Secondary,0,0,1,0,1,1,4.8,Low,46.2,25.9,0,0
6744,Male,8,13,83.0,81.3,2,12300,12.5,No Schooling,1,0,0,0,0,0,5.9,Low,42.7,56.2,2,0
6745,Male,6,11,75.0,100.0,2,7900,7.2,Higher Secondary,0,1,0,0,0,1,4.4,Low,52.9,65.8,1,0
6746,Male,8,13,93.0,80.6,0,11800,1.4,Secondary,0,0,1,0,1,0,8.0,Low,59.3,36.0,0,0
6747,Female,6,11,88.9,72.5,0,3000,4.4,Secondary,0,0,0,0,0,0,3.6,Low,46.7,27.8,1,0
6748,Female,10,15,86.3,81.0,1,4200,0.4,Graduate,1,0,1,0,0,0,5.4,High,51.4,46.5,0,0
6749,Male,9,13,86.9,62.7,2,40600,0.4,Graduate,0,1,1,1,0,1,5.7,Medium,42.5,40.5,3,0
6750,Female,8,14,83.7,100.0,0,13300,1.1,Primary,1,1,0,0,1,1,3.8,Medium,39.6,54.1,0,0
6751,Male,6,11,74.8,58.2,0,20900,0.1,Secondary,0,0,0,0,0,1,0.6,Medium,44.9,25.6,0,0
6752,Male,8,14,79.2,20.2,1,6700,1.5,No Schooling,0,0,1,0,1,1,0.1,High,13.9,1.8,0,1
6753,Female,7,11,87.4,48.8,0,16700,1.4,Secondary,1,0,0,0,0,1,4.8,Medium,40.4,23.4,0,0
6754,Female,9,16,53.0,70.6,3,16200,0.2,Primary,0,0,0,0,0,0,4.0,Low,28.9,37.7,0,1
6755,Male,8,14,88.1,57.6,2,36700,1.7,Higher Secondary,0,0,0,0,0,1,4.0,Low,39.5,48.8,0,1
6756,Male,8,13,63.9,69.2,0,11100,4.0,Secondary,0,0,0,0,0,1,6.5,Low,21.0,33.7,0,0
6757,Female,7,12,93.6,58.0,0,3900,0.6,Primary,0,0,1,0,0,0,1.6,Medium,51.4,42.4,0,0
6758,Female,8,13,70.0,84.6,3,4700,1.1,Secondary,0,0,0,0,0,1,6.1,Low,38.2,18.9,0,0
6759,Male,8,15,82.2,59.1,4,10000,4.6,Primary,0,0,1,0,1,0,6.4,Medium,18.1,32.1,0,0
6760,Male,10,16,85.6,82.7,0,3000,1.3,Primary,0,0,0,0,0,0,7.1,Low,51.3,40.5,0,0
6761,Male,10,15,90.8,71.3,0,10800,6.9,Primary,1,1,1,0,0,0,6.8,Low,57.4,51.6,1,0
6762,Female,9,15,95.9,36.4,1,12000,1.1,Higher Secondary,0,0,0,0,0,1,2.8,Low,41.0,26.1,0,0
6763,Female,7,11,90.0,32.4,0,22900,1.7,No Schooling,0,1,0,0,0,1,3.5,Low,29.3,16.7,0,0
6764,Female,6,13,79.9,36.8,1,3000,1.8,Secondary,0,0,0,0,0,1,3.4,High,39.8,37.2,1,1
6765,Male,10,16,79.6,62.0,0,3700,1.8,No Schooling,1,0,1,0,0,1,4.7,Medium,58.0,17.4,0,0
6766,Female,10,15,50.4,56.8,1,8800,7.8,Primary,1,0,0,0,0,0,2.4,Low,36.1,34.5,1,0
6767,Female,6,12,77.2,84.6,3,7900,0.2,Primary,0,0,0,0,0,1,3.5,Low,51.5,38.3,1,0
6768,Male,9,13,70.1,54.2,0,8200,1.8,Graduate,0,1,0,0,0,1,2.1,Low,55.3,45.2,1,0
6769,Female,7,12,78.0,58.2,3,16000,2.1,Secondary,0,0,1,0,0,0,4.4,Low,50.9,25.8,0,0
6770,Male,6,13,76.5,18.3,1,10300,1.4,Secondary,0,0,1,0,0,1,0.0,Low,29.0,33.1,0,1
6771,Male,10,17,89.2,100.0,1,23700,0.1,Secondary,0,0,1,1,0,1,5.7,Low,61.7,25.5,1,0
6772,Female,10,14,79.4,85.5,2,43981,0.7,Secondary,0,1,1,0,0,1,6.3,Low,32.8,34.3,1,0
6773,Male,10,16,81.5,65.7,3,5100,0.2,No Schooling,1,0,0,0,0,1,7.4,High,36.8,30.3,0,1
6774,Female,6,12,72.1,57.0,2,10000,0.7,Secondary,0,0,1,1,0,1,3.8,Medium,31.6,26.0,1,1
6775,Male,8,14,96.6,67.9,3,12100,3.8,Higher Secondary,0,0,1,1,0,1,1.4,Low,45.5,45.0,0,0
6776,Male,10,15,83.0,95.0,0,30700,2.0,Graduate,0,0,0,0,0,1,7.5,Low,39.3,31.0,2,0
6777,Male,9,15,73.0,52.2,0,9500,1.6,No Schooling,0,0,0,1,1,0,4.8,Medium,53.1,15.8,0,0
6778,Female,8,13,83.5,62.2,0,12200,6.4,No Schooling,0,1,1,0,0,1,2.6,High,52.0,39.8,1,0
6779,Male,8,15,95.9,58.5,4,5900,0.3,Higher Secondary,0,0,0,0,0,1,4.3,Low,18.5,11.0,0,1
6780,Female,6,13,48.0,35.3,3,11900,7.4,No Schooling,0,0,1,1,1,1,5.9,Low,25.4,11.5,0,1
6781,Male,8,15,74.9,45.5,2,3800,1.8,No Schooling,0,1,0,0,1,1,1.0,Low,0.6,15.8,0,1
6782,Male,10,15,63.9,47.8,2,5100,1.9,Secondary,0,0,0,0,1,1,6.5,Medium,28.8,19.8,1,0
6783,Female,6,12,70.5,33.9,0,19800,3.1,Primary,0,1,0,1,1,1,3.2,High,41.1,34.5,0,0
6784,Male,6,10,70.8,47.7,0,14900,6.2,Graduate,0,0,0,0,1,1,1.9,Low,42.8,26.1,0,1
6785,Female,8,15,51.6,29.4,1,21100,0.2,No Schooling,0,0,1,0,0,1,3.0,Low,28.5,27.9,0,1
6786,Male,8,15,88.1,67.9,0,39700,2.6,Secondary,0,0,1,1,1,1,3.4,Low,55.1,34.7,0,0
6787,Male,7,14,75.3,45.1,0,15800,4.1,No Schooling,0,0,0,0,0,0,7.5,Low,24.5,16.2,1,0
6788,Female,6,10,72.1,88.0,0,9700,0.2,Secondary,0,0,0,0,0,1,5.5,Low,47.6,47.8,0,0
6789,Female,9,14,75.5,77.4,0,5500,2.3,Graduate,0,1,1,0,1,1,6.3,Medium,43.6,44.1,0,0
6790,Female,7,12,77.9,48.9,0,5600,1.6,Secondary,1,0,0,0,0,1,2.3,Low,32.6,33.7,0,0
6791,Male,9,16,94.4,11.5,3,8300,0.4,Primary,0,0,0,0,0,1,4.5,Low,73.4,43.8,0,0
6792,Male,8,14,68.5,100.0,0,7800,1.4,No Schooling,0,0,1,0,0,1,3.6,Medium,70.1,46.5,0,0
6793,Female,8,14,72.4,55.5,1,15000,3.2,No Schooling,0,1,1,0,0,1,0.4,High,32.6,44.0,0,1
6794,Female,8,13,66.8,77.2,1,4400,0.3,Secondary,0,1,0,0,1,1,5.0,Low,29.8,41.4,0,0
6795,Female,9,13,56.7,87.8,0,5500,9.6,Secondary,0,0,1,0,0,1,4.6,Medium,28.3,47.3,0,1
6796,Female,8,14,85.0,82.8,0,10500,2.2,Secondary,1,0,0,0,1,0,5.7,Medium,50.7,23.5,0,0
6797,Female,8,14,82.6,55.1,0,3000,0.2,Higher Secondary,0,1,0,0,1,1,3.8,Low,35.9,17.6,0,0
6798,Male,8,13,85.4,100.0,0,22700,1.1,No Schooling,0,0,1,0,0,1,5.4,Low,58.7,67.4,0,0
6799,Female,8,14,90.6,50.6,0,14900,0.1,Higher Secondary,0,0,0,1,0,1,4.5,Low,48.2,7.9,0,0
6800,Male,8,13,72.1,8.1,0,9400,2.6,Secondary,0,0,1,0,0,1,2.0,Medium,29.6,16.8,0,0
6801,Male,8,14,92.8,100.0,3,4000,2.0,Primary,0,0,0,0,0,1,6.4,Low,63.7,16.1,0,0
6802,Female,8,13,69.1,90.8,0,7400,3.2,No Schooling,1,1,0,1,0,1,6.3,Low,42.8,46.9,1,0
6803,Male,6,13,88.3,57.3,0,13400,1.3,Primary,0,0,0,1,0,1,1.6,Low,40.1,22.3,0,0
6804,Male,9,16,71.3,87.2,1,5200,4.3,Primary,0,0,0,0,1,1,4.9,Low,47.8,35.5,1,1
6805,Female,6,11,86.7,66.6,2,3000,2.8,Higher Secondary,0,0,0,0,0,0,3.0,Low,47.0,28.3,0,0
6806,Female,10,14,86.8,16.5,0,11300,11.1,Secondary,0,0,0,0,0,1,0.8,Low,27.8,24.7,0,0
6807,Female,8,14,82.2,50.8,0,10100,0.5,Primary,0,0,1,0,0,1,2.3,Low,42.8,32.7,1,0
6808,Female,6,13,65.0,40.8,1,5800,0.4,Secondary,0,0,1,1,0,1,3.8,Low,38.2,38.7,0,0
6809,Male,9,15,64.1,46.0,2,41900,0.7,Primary,0,0,0,0,0,1,2.6,Low,50.4,41.0,0,0
6810,Female,7,12,77.9,52.0,0,4600,0.9,Secondary,0,0,1,0,1,0,1.8,Low,41.0,50.7,0,0
6811,Male,10,16,57.6,36.5,1,21500,0.7,No Schooling,0,0,1,1,0,1,4.3,Medium,26.2,19.7,0,1
6812,Male,10,15,78.4,55.6,3,13000,0.9,Secondary,0,0,0,0,1,1,4.2,Low,40.2,36.2,1,1
6813,Male,10,17,88.9,81.4,1,10500,4.4,Graduate,0,0,0,0,0,1,3.8,High,66.0,48.5,2,0
6814,Male,8,14,79.8,74.4,0,41400,0.1,Graduate,0,0,1,0,0,0,1.9,Low,52.3,34.8,1,0
6815,Male,10,16,81.1,87.8,0,18300,2.1,Primary,0,0,0,0,0,1,5.6,Low,38.4,30.0,0,0
6816,Male,9,14,80.2,14.6,2,5100,1.7,Primary,0,0,0,0,0,0,0.9,Medium,30.0,0.0,0,0
6817,Female,10,14,76.7,50.4,0,5500,3.3,Primary,0,0,0,0,1,1,2.6,Low,48.3,24.3,0,0
6818,Male,6,12,77.6,33.1,0,4800,6.2,Higher Secondary,1,0,1,0,1,0,1.3,Low,34.6,12.5,0,0
6819,Male,10,15,81.9,93.5,0,10100,6.1,No Schooling,0,1,1,0,1,1,6.4,Medium,27.7,38.8,0,0
6820,Female,9,16,78.3,42.1,0,5000,1.6,Graduate,0,0,1,0,1,1,6.9,Medium,39.1,16.1,0,0
6821,Female,7,11,92.4,28.2,0,3000,0.2,Secondary,0,0,1,1,0,0,2.3,High,36.0,29.8,1,1
6822,Female,10,17,78.9,93.6,1,5800,0.7,Primary,0,0,1,0,0,1,5.0,Medium,29.2,38.2,0,0
6823,Male,9,16,96.6,68.5,0,15600,0.8,Secondary,0,0,1,1,0,0,4.4,Medium,34.5,54.9,1,0
6824,Male,10,16,76.1,100.0,0,21300,3.1,Higher Secondary,0,1,0,0,0,1,4.8,Low,51.2,48.8,1,0
6825,Female,6,13,93.6,26.9,0,14700,0.6,Higher Secondary,0,0,0,0,0,1,3.6,Low,42.7,30.7,1,0
6826,Female,8,14,76.5,50.0,0,7500,4.2,No Schooling,0,0,1,1,0,0,2.9,Low,36.0,10.7,1,0
6827,Male,9,13,85.6,30.1,0,17200,1.3,Secondary,0,0,1,0,0,0,3.6,High,6.5,0.0,1,0
6828,Female,6,11,81.3,56.7,0,32300,1.4,Secondary,0,1,0,0,0,0,4.6,Low,51.7,20.7,0,0
6829,Female,9,16,72.2,48.3,0,11900,4.0,Secondary,1,0,0,0,0,0,2.7,Low,61.6,5.8,1,0
6830,Female,9,16,78.6,50.4,1,8500,2.3,No Schooling,0,0,0,0,1,1,2.9,Low,0.0,33.4,1,1
6831,Male,7,11,77.1,71.9,1,27900,1.8,No Schooling,1,0,0,1,0,1,3.2,Low,12.3,13.1,0,0
6832,Female,9,13,71.4,52.4,2,5300,3.8,Higher Secondary,0,0,1,0,0,1,3.1,Low,28.5,28.2,0,0
6833,Male,6,13,53.3,59.2,0,14100,6.2,No Schooling,0,0,1,1,1,1,5.1,High,42.1,43.4,1,1
6834,Female,10,14,72.2,84.5,1,3000,0.7,No Schooling,1,0,0,1,1,1,5.4,Low,26.4,41.6,1,0
6835,Male,10,17,91.4,87.7,2,6300,0.2,Primary,0,1,0,0,1,1,7.2,Medium,46.5,42.0,0,0
6836,Male,8,14,74.5,51.6,3,3000,2.1,Higher Secondary,0,0,0,0,0,1,0.9,Low,40.0,47.1,0,1
6837,Male,8,15,94.7,63.6,0,14100,0.4,Primary,0,0,1,0,1,1,3.0,Low,44.5,39.0,0,0
6838,Female,7,11,75.7,62.0,1,4700,1.4,Primary,0,0,0,0,1,1,3.2,Low,39.0,30.9,0,0
6839,Female,7,12,80.8,87.0,0,13100,7.0,Graduate,0,0,1,0,1,1,5.7,Low,61.1,47.7,0,0
6840,Female,10,16,67.5,20.1,0,5500,2.0,Higher Secondary,1,0,0,0,0,1,4.2,Low,35.4,31.0,2,0
6841,Female,7,11,75.5,72.4,1,5800,1.0,No Schooling,0,0,0,0,0,1,5.2,Medium,43.7,20.6,0,0
6842,Female,7,11,90.9,84.5,2,5200,2.4,Secondary,0,0,1,0,0,1,8.0,Medium,33.9,13.4,0,1
6843,Female,7,13,72.8,75.2,0,12200,15.0,Secondary,0,0,1,0,0,1,3.7,Low,38.6,39.1,0,0
6844,Male,9,13,97.7,59.8,2,10500,7.0,Primary,0,0,1,0,0,1,5.1,Low,23.4,50.0,0,0
6845,Female,9,16,73.4,82.4,1,4400,0.1,Primary,0,0,1,0,0,1,5.4,Low,38.6,50.3,0,0
6846,Male,6,12,96.1,90.6,0,7800,0.8,Secondary,0,0,1,0,0,1,7.6,High,55.6,26.5,0,0
6847,Male,7,13,69.3,91.5,0,5100,3.4,Primary,0,0,0,0,1,1,5.5,Low,36.1,52.1,1,0
6848,Male,6,12,82.2,47.3,1,5900,4.1,Secondary,0,0,0,1,0,1,4.5,Medium,44.8,23.3,0,0
6849,Male,6,12,75.1,77.2,2,5900,4.2,No Schooling,0,0,1,0,0,1,6.6,Low,47.6,47.8,1,0
6850,Female,7,14,93.4,72.2,0,5600,5.5,Primary,0,1,1,1,0,1,1.4,Low,29.0,13.9,1,0
6851,Female,9,13,73.6,57.6,0,13400,0.6,Primary,0,0,0,0,0,1,5.3,Medium,47.3,28.6,0,0
6852,Male,8,12,89.8,85.8,0,13300,0.1,No Schooling,1,0,1,0,0,0,6.4,Low,41.3,36.6,1,0
6853,Female,6,12,72.0,97.4,0,3000,0.9,Primary,0,0,1,0,1,1,3.9,Low,37.2,38.5,1,0
6854,Male,8,12,79.6,47.8,0,7000,1.1,Secondary,1,0,1,1,0,1,3.2,Low,30.1,33.6,1,0
6855,Male,9,13,86.0,54.5,2,50000,0.5,Primary,0,0,1,0,1,0,4.2,Low,61.6,56.9,0,0
6856,Male,7,11,79.6,93.9,1,20500,3.1,Higher Secondary,1,0,0,0,0,0,6.2,Low,31.2,49.8,2,0
6857,Male,7,11,84.1,70.8,4,38200,1.2,Graduate,1,0,0,1,1,1,2.7,Low,58.1,63.4,1,1
6858,Male,9,14,47.2,0.0,0,4100,15.0,Primary,0,0,0,0,0,1,3.1,Medium,22.4,16.3,0,1
6859,Male,6,12,64.6,59.5,3,6400,4.7,No Schooling,0,0,0,0,1,0,6.9,Low,27.0,37.1,0,1
6860,Male,9,13,80.2,32.3,0,4600,1.7,Secondary,0,0,1,0,0,1,2.6,Medium,73.8,18.3,1,0
6861,Male,9,16,87.0,75.6,2,8500,0.1,Primary,0,0,1,0,1,1,2.1,Low,53.2,37.3,0,0
6862,Female,10,17,61.4,45.1,0,10000,1.5,No Schooling,0,0,0,1,0,0,5.6,Medium,48.7,33.6,0,0
6863,Male,6,12,55.0,19.6,0,11900,3.9,Secondary,1,0,1,1,0,1,2.4,Low,18.1,18.8,0,0
6864,Male,6,10,85.6,82.6,2,6100,2.2,Secondary,0,0,1,0,1,1,2.9,Low,28.1,22.4,1,0
6865,Female,10,16,75.6,35.1,3,5300,3.6,No Schooling,0,1,0,0,0,1,3.6,Low,33.9,29.8,0,1
6866,Male,8,15,67.0,46.7,1,4500,0.3,Primary,0,0,0,1,0,1,4.5,Medium,39.3,19.2,0,0
6867,Male,7,11,56.6,57.3,2,7400,2.1,Secondary,0,0,0,0,1,1,5.2,Medium,38.4,25.2,0,1
6868,Male,8,14,79.4,39.3,0,12800,0.3,Primary,1,1,0,1,0,0,4.9,Low,47.3,33.1,0,1
6869,Female,6,12,81.8,44.7,2,14000,0.7,Secondary,0,0,0,1,1,0,5.9,Low,36.4,9.4,1,0
6870,Female,9,15,73.5,71.1,0,20300,3.5,No Schooling,0,0,1,1,0,0,4.8,Low,38.1,9.3,1,1
6871,Female,10,17,91.7,53.6,3,10700,0.7,Primary,0,0,0,0,0,1,3.7,Medium,49.0,11.8,0,0
6872,Female,9,13,89.8,65.7,0,14500,1.7,Graduate,0,0,0,0,0,1,1.6,High,37.4,23.1,1,0
6873,Male,8,12,77.1,83.9,2,3100,1.0,Higher Secondary,0,0,0,0,0,1,5.6,Medium,32.4,47.4,1,0
6874,Male,10,14,63.2,100.0,1,17000,3.3,Higher Secondary,0,0,0,0,1,1,5.7,Medium,29.3,29.0,0,1
6875,Male,9,14,88.0,43.8,0,18400,3.5,No Schooling,0,0,1,1,0,0,3.5,Low,54.7,28.2,0,0
6876,Male,6,11,50.2,15.5,0,36235,1.8,No Schooling,0,0,1,0,0,1,0.0,Low,5.2,7.6,1,0
6877,Male,9,16,78.5,87.7,1,36600,1.5,Higher Secondary,0,0,0,0,0,1,6.7,High,75.5,48.5,1,0
6878,Male,6,12,70.1,37.6,0,3700,5.4,Secondary,0,0,0,0,0,1,4.4,Low,8.0,27.2,2,0
6879,Female,7,13,84.8,61.2,2,16000,5.0,Primary,0,0,1,0,0,1,2.8,Low,20.9,24.8,0,0
6880,Male,8,14,65.4,68.9,2,6500,5.9,Primary,1,0,0,0,0,1,5.2,Medium,58.9,40.4,0,0
6881,Male,6,13,91.9,75.2,0,6000,2.6,Secondary,1,0,1,1,0,0,3.7,Medium,53.9,63.6,0,0
6882,Female,6,11,86.1,69.2,1,6500,3.1,Primary,0,1,0,0,0,1,1.4,Low,31.2,20.4,0,0
6883,Male,8,14,50.7,80.7,5,6000,1.0,Secondary,0,0,0,0,1,1,3.1,Medium,31.7,47.5,1,0
6884,Female,7,12,86.9,61.4,0,7600,0.9,Primary,0,1,0,0,0,1,3.6,High,27.4,36.0,0,0
6885,Female,8,12,66.1,87.1,2,6200,0.8,Graduate,0,0,0,0,0,1,5.2,High,49.3,55.4,0,0
6886,Female,7,14,54.3,30.6,0,11700,1.6,Secondary,0,0,0,0,0,1,2.8,Low,34.7,23.0,0,0
6887,Male,9,13,76.5,54.6,1,13700,3.6,Secondary,1,1,0,0,0,0,3.6,Low,45.3,19.0,0,0
6888,Male,10,15,68.7,73.3,0,19300,4.9,No Schooling,1,0,1,1,0,1,5.7,Low,36.4,25.7,0,0
6889,Female,6,11,51.9,33.4,0,12300,11.6,Graduate,0,0,0,0,0,1,2.1,Medium,9.8,29.9,0,1
6890,Female,9,13,80.3,81.9,0,7900,1.8,Secondary,0,0,0,1,0,1,3.3,High,35.0,18.3,2,0
6891,Female,6,13,71.3,80.9,3,13800,0.2,No Schooling,0,1,0,0,0,1,4.7,Low,51.9,43.6,0,0
6892,Male,7,12,90.9,82.8,1,17200,4.1,Secondary,0,1,1,1,1,1,3.3,Low,41.7,17.3,0,0
6893,Male,7,12,91.3,59.8,3,12900,4.2,Secondary,0,0,0,0,1,0,2.1,Low,52.9,25.0,0,0
6894,Male,6,11,77.7,35.5,1,12300,12.7,Graduate,0,0,0,1,0,0,2.3,Medium,37.3,34.6,0,0
6895,Male,6,13,73.3,56.6,1,50000,0.9,Primary,1,0,1,0,0,1,4.8,Low,47.0,43.8,0,1
6896,Male,9,14,90.1,60.9,2,5600,6.3,Primary,1,0,0,0,0,1,2.2,Medium,30.1,36.4,0,0
6897,Female,9,16,79.0,15.7,0,16000,4.3,Secondary,0,0,0,1,1,1,0.0,Medium,30.1,6.4,0,0
6898,Male,10,16,79.2,95.2,2,9500,3.6,Graduate,0,0,0,0,1,1,6.0,Low,46.7,52.5,0,0
6899,Female,10,17,61.7,52.4,2,3000,2.0,Graduate,0,0,0,0,1,0,5.8,Low,34.6,17.5,0,0
6900,Female,8,14,94.6,69.9,1,3000,0.6,Secondary,0,1,0,0,1,1,4.0,Medium,38.8,24.9,0,0
6901,Male,6,13,92.9,59.3,1,3000,2.2,Primary,0,0,1,0,0,1,4.1,High,32.3,19.9,0,1
6902,Female,6,12,65.6,87.4,0,8700,1.1,No Schooling,0,0,0,1,0,1,2.4,High,48.6,59.0,0,0
6903,Female,8,12,75.4,59.3,4,3000,0.9,No Schooling,0,0,0,0,1,1,5.7,High,40.7,30.2,0,1
6904,Male,10,14,84.8,49.3,0,7900,6.8,Higher Secondary,0,0,0,0,1,0,3.6,High,38.5,53.8,1,0
6905,Male,7,14,54.0,43.6,0,9400,0.6,Graduate,0,0,1,0,0,1,3.8,Low,34.4,14.1,1,0
6906,Female,6,10,90.4,60.5,0,6000,8.4,Secondary,0,0,0,0,0,1,3.3,Medium,52.5,50.5,0,0
6907,Female,8,12,67.5,53.3,0,7100,2.1,Higher Secondary,0,1,0,1,0,1,4.7,Low,41.5,27.3,0,0
6908,Female,10,17,86.8,56.6,0,16100,2.1,Secondary,1,0,0,0,0,0,3.6,Low,41.6,27.1,0,0
6909,Female,8,13,92.5,72.7,1,4600,0.3,Higher Secondary,0,0,0,0,1,1,5.7,Medium,63.4,45.9,0,0
6910,Male,9,13,73.8,60.2,0,8800,1.0,Primary,0,0,0,0,1,1,1.2,Low,52.4,34.3,0,0
6911,Female,8,12,84.8,100.0,2,3000,5.0,Primary,0,0,0,0,1,1,4.9,Low,82.0,53.4,0,0
6912,Female,7,12,97.6,42.2,0,10100,5.0,No Schooling,0,0,0,0,0,1,3.3,Medium,43.5,15.6,0,1
6913,Female,8,15,97.5,91.2,0,21100,1.4,Higher Secondary,0,0,1,1,0,1,5.3,High,80.6,56.1,0,0
6914,Female,9,14,89.2,58.1,0,14700,0.7,Higher Secondary,0,1,1,0,1,1,3.1,High,39.2,39.3,0,1
6915,Female,9,16,51.2,43.7,0,7100,1.8,No Schooling,1,0,0,0,0,0,3.7,Low,29.9,4.9,1,1
6916,Female,8,14,89.3,71.7,0,6300,2.9,Primary,0,0,1,1,0,0,6.4,Low,49.2,51.6,0,0
6917,Male,7,12,84.6,81.5,2,27400,9.8,Higher Secondary,0,0,0,0,0,1,4.1,Low,32.9,50.5,0,1
6918,Female,6,10,71.4,92.4,2,13200,3.7,No Schooling,1,0,0,0,0,1,7.6,Low,32.3,57.3,1,1
6919,Male,6,13,74.6,65.5,0,8800,5.7,Primary,0,0,1,0,0,1,4.2,Low,52.6,29.8,1,0
6920,Female,6,13,83.9,54.5,0,13400,1.2,No Schooling,0,1,1,0,0,1,4.1,Medium,57.9,15.6,0,0
6921,Female,6,10,75.6,35.7,1,5700,0.7,Primary,1,1,1,0,0,1,2.8,Low,26.5,10.9,0,1
6922,Female,9,14,72.9,35.7,1,7600,1.6,Graduate,0,0,1,0,0,1,0.0,Low,53.3,20.7,0,0
6923,Male,9,15,74.9,90.3,3,5000,0.6,Primary,1,0,0,1,0,1,6.4,High,40.8,31.8,1,0
6924,Male,9,16,91.3,56.5,3,15700,0.1,Primary,0,1,0,1,0,1,3.5,Medium,28.8,21.1,1,1
6925,Male,9,16,90.4,94.8,0,4300,4.7,Graduate,0,0,0,0,0,1,5.4,Low,29.6,30.9,0,0
6926,Male,10,15,74.1,39.7,2,5900,0.5,Secondary,0,0,1,0,0,0,2.5,Low,44.8,34.8,1,1
6927,Male,10,17,63.1,30.3,0,11200,2.4,No Schooling,0,1,0,0,0,1,2.8,Low,29.5,24.3,0,0
6928,Female,7,13,49.7,44.5,3,3000,3.2,Graduate,0,0,0,0,0,1,4.2,Low,32.6,18.7,0,0
6929,Male,6,11,80.2,81.1,1,4800,1.0,Secondary,0,0,1,0,1,1,5.0,Low,44.8,27.3,0,0
6930,Female,6,11,78.5,51.7,0,4300,0.1,Secondary,0,0,1,0,0,1,4.3,Low,49.4,31.4,0,0
6931,Male,10,17,68.3,16.9,1,9300,1.6,Secondary,0,1,0,0,1,1,0.3,Low,42.8,32.7,0,0
6932,Female,6,13,95.0,67.3,0,9200,2.2,Primary,0,0,0,0,0,0,1.2,Low,31.6,60.0,0,0
6933,Female,7,14,87.2,50.6,1,32700,5.6,Graduate,0,0,0,0,0,0,2.4,Low,30.9,34.6,0,0
6934,Female,8,13,96.2,83.3,0,4200,0.6,Higher Secondary,1,0,1,0,1,0,7.4,Medium,43.2,35.3,0,0
6935,Female,8,13,76.7,55.6,0,3000,2.2,No Schooling,0,0,0,0,0,1,4.2,Medium,33.7,36.6,0,1
6936,Female,8,15,73.3,76.7,0,18900,0.5,Secondary,0,1,1,0,1,1,5.3,Low,44.9,25.1,0,0
6937,Female,9,14,91.0,88.3,0,5200,1.4,No Schooling,1,0,0,1,0,1,6.6,Medium,24.4,32.9,1,0
6938,Female,8,15,81.2,70.9,2,8900,0.6,No Schooling,0,0,1,0,0,1,3.2,Low,33.9,20.9,0,0
6939,Male,10,16,88.0,61.3,1,5700,5.6,Secondary,0,0,0,0,0,1,4.2,Low,22.2,30.5,0,0
6940,Male,6,12,73.4,45.5,0,12400,0.6,Primary,0,0,1,0,0,1,6.5,High,40.5,3.4,0,1
6941,Female,10,14,88.6,58.9,1,10300,0.2,Primary,1,0,0,0,0,0,2.7,Low,51.6,27.7,0,0
6942,Male,8,12,77.9,81.8,1,6200,2.1,Secondary,0,0,0,0,0,1,7.7,Low,33.2,33.8,0,1
6943,Female,7,13,78.0,75.8,0,8200,2.8,Primary,0,0,0,0,0,1,2.1,Low,48.8,41.3,0,0
6944,Female,10,15,92.2,44.9,0,5800,3.7,Secondary,0,0,1,0,0,1,4.9,Medium,35.9,22.0,0,0
6945,Male,10,16,95.5,74.1,0,8400,8.7,Secondary,0,0,0,0,0,1,7.6,Medium,45.0,24.2,0,0
6946,Female,10,17,91.5,62.9,0,5900,2.6,Secondary,1,0,0,0,0,1,4.8,Low,33.0,52.3,0,0
6947,Female,10,14,73.4,76.3,0,22500,0.1,Primary,1,0,1,0,1,1,8.0,Medium,61.7,37.7,1,0
6948,Female,7,14,83.2,64.8,2,6700,0.4,Primary,0,0,0,0,0,1,5.1,Medium,50.9,36.1,1,0
6949,Female,7,11,97.4,71.7,0,5900,10.6,Primary,0,0,0,1,0,1,2.1,Low,38.6,25.1,0,1
6950,Female,6,10,74.8,60.6,0,3000,3.7,Primary,0,0,1,1,0,1,4.3,Medium,41.6,27.9,1,0
6951,Female,10,17,89.8,51.0,0,3800,2.2,No Schooling,0,0,0,0,0,1,1.8,Medium,43.2,31.1,0,0
6952,Female,10,14,69.5,32.5,0,12300,3.5,No Schooling,0,0,0,0,0,0,4.5,Low,32.4,23.1,0,0
6953,Male,10,16,65.0,40.2,0,7200,1.4,No Schooling,1,1,0,0,0,1,3.6,High,40.6,24.8,0,1
6954,Female,10,14,70.0,44.0,2,6400,1.2,Primary,0,0,1,0,0,1,2.0,Low,36.6,31.3,0,1
6955,Female,9,13,75.9,53.3,0,13600,1.1,Secondary,0,0,0,1,0,1,3.3,Low,34.2,37.5,0,0
6956,Male,6,10,97.0,51.3,0,20200,0.7,Secondary,0,1,1,0,0,1,0.5,Medium,35.9,25.6,0,0
6957,Male,6,12,87.1,41.9,3,4500,3.1,Primary,0,0,0,0,0,1,5.6,Low,38.1,23.1,0,1
6958,Female,8,13,61.5,40.2,0,6900,1.4,Primary,1,0,0,0,0,1,2.7,High,40.9,11.7,0,0
6959,Male,9,13,90.1,100.0,1,3000,0.1,Graduate,0,0,1,1,1,1,5.5,Medium,50.7,29.4,1,0
6960,Female,6,13,74.4,38.7,0,15800,0.7,Primary,0,0,0,1,0,1,2.9,Low,5.8,24.2,0,0
6961,Male,10,14,72.9,39.2,0,50000,3.5,Secondary,0,0,1,1,0,1,3.3,Low,37.0,12.7,0,0
6962,Male,9,13,83.7,68.3,0,6300,1.3,Secondary,0,0,1,0,0,0,5.7,Low,39.1,31.1,0,0
6963,Female,7,11,74.6,50.7,0,6200,0.3,Secondary,0,0,1,0,1,0,3.0,Low,36.9,31.9,0,0
6964,Male,10,17,86.8,25.0,2,7700,4.6,Primary,0,1,1,0,0,1,3.4,Low,33.8,30.6,0,1
6965,Male,8,13,85.8,100.0,1,9600,5.4,Primary,1,0,1,0,0,1,5.4,Low,31.1,33.7,0,0
6966,Female,9,16,68.9,13.7,3,9900,0.4,Primary,1,1,0,0,0,1,2.1,Low,54.9,24.2,0,0
6967,Female,7,14,91.3,43.0,3,9800,6.9,Secondary,1,0,1,1,0,1,5.1,Low,39.0,42.4,0,0
6968,Male,7,12,69.1,46.5,0,3100,1.7,Graduate,1,0,1,0,1,1,3.5,Low,33.1,37.7,0,0
6969,Female,6,13,70.7,14.7,1,7800,1.7,No Schooling,0,0,1,0,0,1,3.0,Medium,26.5,23.7,0,1
6970,Female,8,13,75.1,57.6,2,12700,3.5,Graduate,0,0,0,0,1,1,5.6,Low,34.8,13.0,0,0
6971,Female,9,15,62.2,62.9,0,3500,0.3,Secondary,0,0,1,0,0,1,3.9,Low,22.9,25.9,0,0
6972,Male,10,16,96.7,59.7,0,3100,1.6,Higher Secondary,1,0,0,0,1,1,2.4,Medium,42.2,28.9,0,0
6973,Male,10,17,74.5,64.3,2,5500,1.5,Secondary,0,1,1,0,0,0,2.8,Medium,35.6,37.1,1,1
6974,Female,6,10,82.5,55.8,1,9100,2.7,Secondary,1,0,0,0,1,1,2.2,Low,16.2,17.2,1,0
6975,Female,10,14,92.4,53.8,0,12500,7.1,Secondary,0,0,0,0,0,1,3.0,Low,51.3,28.2,0,0
6976,Male,6,12,73.3,50.6,1,14000,2.2,Primary,0,0,1,0,0,1,4.6,Low,38.1,28.4,0,0
6977,Female,6,13,70.4,48.9,0,4400,5.4,Higher Secondary,0,0,1,0,0,1,5.1,Low,28.8,29.0,0,0
6978,Male,9,15,84.8,63.1,0,3000,0.7,Secondary,0,0,1,0,0,1,5.0,Low,37.2,18.0,0,0
6979,Female,10,14,70.4,71.3,1,24300,5.5,Secondary,0,0,0,0,0,1,4.6,Medium,33.2,18.1,1,0
6980,Female,10,14,92.3,61.0,2,19300,0.5,Secondary,0,1,1,0,1,1,2.6,Low,44.9,38.1,1,0
6981,Female,10,16,87.0,94.1,0,5900,1.8,Primary,0,0,0,0,0,1,6.6,Low,43.8,47.7,0,0
6982,Female,6,13,78.6,50.8,0,13800,8.1,Graduate,0,0,1,1,0,1,4.0,High,32.2,15.5,0,0
6983,Male,6,12,89.5,70.1,2,9900,4.0,Graduate,0,0,0,1,1,1,5.2,Medium,68.2,39.5,0,0
6984,Female,6,11,78.1,89.8,1,7100,2.8,No Schooling,0,0,0,1,0,1,5.9,High,36.2,19.6,0,0
6985,Male,8,14,92.3,36.1,1,28600,0.5,Primary,1,0,0,0,0,1,1.8,Low,37.2,35.1,0,1
6986,Female,8,12,83.7,52.4,0,5100,1.9,No Schooling,1,0,0,1,0,1,1.8,Low,40.1,46.3,0,0
6987,Female,6,11,78.1,28.6,0,3000,0.4,No Schooling,0,0,0,0,0,1,0.6,High,26.6,29.1,0,1
6988,Male,8,15,45.1,41.8,1,9000,0.2,No Schooling,0,0,0,0,0,0,2.0,Medium,37.4,17.6,0,0
6989,Male,8,14,71.5,58.2,2,5400,0.7,Primary,0,0,1,1,0,1,4.1,Low,32.7,52.7,0,1
6990,Male,9,13,94.0,75.7,0,9200,0.6,Higher Secondary,0,0,1,0,0,0,6.3,Medium,52.4,31.1,0,0
6991,Male,7,11,72.6,50.9,1,6600,1.8,No Schooling,0,0,1,0,1,1,3.8,Medium,27.8,19.4,0,0
6992,Male,7,11,87.8,85.7,0,4900,11.6,Higher Secondary,0,0,1,0,0,1,6.1,Low,50.6,50.2,1,0
6993,Female,9,14,66.2,67.5,1,7000,2.3,Secondary,0,0,0,0,0,1,5.6,Medium,42.6,31.4,2,0
6994,Male,9,13,61.3,19.9,2,3000,0.1,Secondary,0,0,0,1,0,1,2.4,Medium,18.0,20.2,0,1
6995,Female,7,14,70.0,70.1,0,3000,10.1,No Schooling,0,0,0,0,1,1,5.9,Medium,36.5,24.4,0,0
6996,Female,6,11,96.7,100.0,0,6800,2.1,Primary,0,0,0,0,0,1,7.1,Low,50.6,46.9,1,0
6997,Female,10,14,79.3,67.6,0,10700,4.1,Secondary,0,0,1,0,0,1,5.0,Medium,28.8,45.4,1,0
6998,Male,9,14,81.3,59.7,1,3000,3.8,Primary,0,0,1,0,0,1,4.5,Low,14.5,9.7,2,1
6999,Female,6,12,73.8,68.0,0,11100,2.1,Secondary,0,1,1,1,1,1,3.8,Low,61.4,32.8,0,0
7000,Female,8,14,67.4,100.0,0,5800,4.5,Primary,0,0,0,0,1,1,7.0,Medium,67.3,61.6,0,0
7001,Female,8,15,75.3,58.4,0,10700,0.4,Primary,0,0,1,0,0,0,3.5,Medium,39.3,55.3,0,0
7002,Female,6,11,86.2,58.0,2,9600,3.7,No Schooling,1,0,1,0,0,1,1.5,High,52.9,41.8,0,0
7003,Female,6,12,59.9,75.4,0,16000,8.7,No Schooling,0,0,1,0,1,1,2.3,High,26.6,30.6,1,0
7004,Female,10,16,96.6,30.3,1,7300,0.8,Primary,0,1,0,1,0,1,3.9,Low,24.2,32.4,4,0
7005,Female,8,12,86.7,51.4,1,3000,0.2,Higher Secondary,1,0,0,0,0,0,4.4,Medium,40.9,25.8,0,0
7006,Male,6,10,90.9,100.0,0,33700,1.0,Graduate,1,0,0,0,0,0,5.4,Medium,34.1,52.5,1,0
7007,Female,9,16,84.7,14.2,1,8700,3.6,Secondary,0,0,1,1,0,0,2.4,Medium,36.7,24.4,0,1
7008,Male,8,13,89.6,40.5,0,9000,2.5,Secondary,0,0,0,0,0,1,2.1,Medium,31.0,13.5,0,0
7009,Male,9,15,92.5,74.3,5,7400,2.5,No Schooling,0,0,0,0,0,0,3.2,Low,38.5,15.0,1,1
7010,Female,7,14,77.6,48.9,0,21600,1.8,Secondary,0,0,0,0,0,1,4.4,Low,19.8,27.1,0,0
7011,Male,6,10,82.9,59.1,0,3400,1.8,Primary,1,1,0,0,0,1,3.1,Low,25.7,17.9,1,0
7012,Female,6,13,63.0,11.9,1,3100,0.5,Secondary,1,0,0,0,0,0,1.6,Low,9.4,27.7,2,0
7013,Male,10,14,85.2,67.8,0,5000,0.1,Secondary,1,0,0,0,0,0,3.4,Medium,48.0,37.4,1,0
7014,Female,8,14,84.5,69.4,0,10700,3.8,Graduate,0,0,1,0,0,0,3.3,Low,22.4,28.2,1,0
7015,Male,10,14,93.7,74.2,0,4900,2.8,Primary,0,0,0,0,0,1,7.7,Medium,44.7,38.9,0,0
7016,Female,6,11,74.4,43.4,2,4700,1.0,Primary,0,0,0,0,0,0,4.8,Low,19.7,3.7,2,0
7017,Male,9,14,83.1,79.0,3,3700,0.1,Primary,0,0,0,0,0,1,7.9,Low,29.8,31.3,1,0
7018,Male,8,13,81.5,75.8,0,14700,0.7,Secondary,1,1,0,0,0,0,4.6,Low,45.3,39.1,1,0
7019,Male,9,13,90.5,79.6,2,10400,1.3,Higher Secondary,0,0,0,0,0,1,3.2,Low,48.7,39.1,1,0
7020,Female,7,14,89.3,57.3,1,14100,3.5,Primary,1,1,0,0,0,1,2.8,Low,49.7,32.5,0,0
7021,Female,8,12,84.2,60.3,0,5600,1.2,Graduate,0,0,1,0,0,1,2.5,Low,57.1,36.3,0,0
7022,Female,6,13,75.6,71.4,0,7700,4.3,Primary,0,0,0,0,0,1,3.8,Medium,32.5,34.3,0,0
7023,Male,6,10,83.5,68.5,1,13700,2.8,Graduate,0,0,1,1,1,1,4.5,High,51.7,31.5,0,0
7024,Male,9,15,88.6,91.8,0,4600,0.3,Primary,1,1,0,0,0,0,7.4,High,35.6,45.8,0,0
7025,Male,6,12,93.4,71.2,1,16400,0.5,No Schooling,0,1,1,0,0,0,7.2,Medium,43.9,32.1,1,0
7026,Female,6,11,74.0,91.3,0,11000,3.2,Secondary,0,0,1,0,0,1,4.9,Low,37.5,48.5,0,0
7027,Female,10,16,76.6,84.0,2,20000,2.5,Higher Secondary,0,0,1,0,0,0,2.5,High,33.6,40.8,0,0
7028,Male,7,11,72.5,19.7,2,15600,0.3,Secondary,0,0,0,0,0,1,0.4,High,21.2,19.4,0,0
7029,Female,8,15,79.0,33.8,0,3000,0.1,No Schooling,0,0,0,0,0,0,2.8,Low,54.6,28.5,0,0
7030,Female,10,14,88.2,65.5,1,5400,0.2,Primary,0,0,1,0,1,0,0.0,High,31.3,28.8,1,0
7031,Male,9,15,85.6,67.3,0,3000,8.7,No Schooling,0,0,1,0,1,1,3.2,Low,19.8,30.5,0,0
7032,Male,6,10,62.3,35.5,2,3000,4.4,Graduate,1,0,0,1,0,0,1.1,Low,49.1,33.1,1,1
7033,Male,8,14,64.7,47.3,2,4100,2.3,No Schooling,0,0,1,0,0,1,2.0,Medium,19.9,17.1,0,0
7034,Male,8,13,68.1,100.0,1,20600,1.0,Higher Secondary,1,0,0,0,0,1,7.1,Low,28.1,30.9,0,0
7035,Male,7,12,92.3,84.6,0,8000,2.0,No Schooling,0,0,0,0,0,1,7.7,High,56.1,46.7,0,0
7036,Female,9,13,81.8,23.4,0,11000,3.0,No Schooling,0,0,0,0,1,1,2.5,Medium,35.2,19.2,1,0
7037,Male,10,14,90.5,71.5,1,5700,2.3,Higher Secondary,0,0,0,0,0,1,1.4,Low,31.9,34.9,0,0
7038,Female,6,11,95.1,93.2,3,6400,2.1,Primary,0,1,1,0,1,1,3.4,Low,51.6,45.6,0,0
7039,Female,6,12,81.3,77.0,3,12900,3.9,Secondary,0,0,0,0,0,1,6.7,Medium,25.5,43.1,0,1
7040,Female,9,15,86.6,98.6,2,7200,0.4,Secondary,0,1,0,0,0,0,7.5,Medium,46.0,22.2,1,1
7041,Female,8,13,61.7,45.5,0,6900,0.7,No Schooling,0,1,1,0,0,1,4.1,Low,24.9,40.8,1,0
7042,Male,9,15,93.3,59.5,0,11600,1.4,Primary,0,0,0,0,1,0,3.1,Medium,50.6,40.6,0,0
7043,Male,6,10,83.6,53.8,3,3800,1.7,No Schooling,0,0,1,0,0,0,2.8,Low,48.0,18.7,1,1
7044,Male,6,12,81.7,60.5,0,9200,1.9,Primary,0,0,0,0,0,1,4.3,Low,43.2,34.3,0,0
7045,Female,9,15,86.8,54.8,1,9500,13.5,Secondary,0,0,0,0,0,1,7.0,High,53.2,27.5,0,0
7046,Female,10,14,79.1,85.5,2,3000,2.9,Secondary,0,0,1,0,0,1,4.6,Low,39.2,13.7,0,1
7047,Male,6,10,78.9,100.0,0,3700,0.5,No Schooling,0,0,0,0,1,0,5.2,Low,40.4,16.4,0,0
7048,Male,10,16,53.6,43.2,0,5100,4.7,Primary,0,0,0,0,0,1,3.2,High,42.1,14.5,0,0
7049,Male,7,13,83.0,73.1,3,5700,13.3,No Schooling,0,0,1,0,1,1,2.5,Low,36.9,33.1,0,1
7050,Male,6,13,57.6,0.7,2,11400,1.5,Secondary,0,0,1,0,0,1,1.8,Low,5.2,8.1,0,1
7051,Female,8,13,63.2,42.8,0,4200,2.0,Primary,0,0,0,0,1,0,3.2,Low,20.8,0.0,1,0
7052,Male,7,12,84.8,100.0,3,4200,0.4,No Schooling,0,0,0,0,1,1,4.2,Medium,55.5,52.2,0,1
7053,Male,9,14,71.2,62.7,1,12600,1.0,Secondary,1,0,1,0,0,1,2.3,Low,32.3,26.4,0,0
7054,Male,7,14,64.4,58.6,0,15700,0.3,No Schooling,0,0,1,1,1,1,3.4,High,0.6,32.0,1,0
7055,Male,8,13,58.2,100.0,0,16100,2.7,No Schooling,0,0,0,0,1,1,5.9,Low,46.1,35.0,0,0
7056,Male,6,11,82.7,89.5,2,3700,0.8,Primary,0,0,0,1,1,1,6.1,Low,23.0,31.7,0,0
7057,Female,10,15,80.7,76.3,0,4200,2.2,No Schooling,0,0,0,0,0,1,4.4,Low,37.6,31.8,0,0
7058,Male,10,16,74.0,75.6,0,3000,3.5,Graduate,0,0,1,0,0,0,3.0,Low,53.5,34.8,0,0
7059,Female,7,13,83.8,87.3,0,3000,0.4,Primary,0,0,0,0,0,1,6.4,Medium,43.0,41.6,0,0
7060,Male,8,13,92.4,100.0,0,3400,2.9,No Schooling,0,0,1,0,0,1,7.3,Low,58.4,41.5,1,0
7061,Male,10,15,68.6,100.0,0,5100,5.5,Graduate,0,0,0,0,1,1,6.0,Medium,53.1,49.5,0,0
7062,Male,6,12,60.1,47.8,1,9300,1.0,No Schooling,0,0,0,0,0,1,3.1,Low,37.7,25.2,2,0
7063,Male,9,14,87.4,28.1,1,14500,0.1,No Schooling,0,1,1,0,0,1,0.9,Low,23.4,18.9,0,0
7064,Male,8,15,54.1,54.0,0,7500,1.0,Higher Secondary,0,0,1,1,0,1,4.1,Medium,43.0,41.7,1,1
7065,Male,10,16,81.0,69.0,1,21900,0.6,No Schooling,0,0,1,1,0,0,2.0,Medium,38.5,45.9,0,0
7066,Female,7,12,85.1,100.0,0,4300,1.7,No Schooling,0,0,0,0,0,1,4.6,Low,46.8,19.8,0,0
7067,Female,7,11,75.3,77.0,0,20900,1.2,Secondary,0,1,0,0,0,0,5.3,Low,43.1,34.3,0,0
7068,Female,7,14,80.3,46.9,1,4500,2.2,Higher Secondary,0,1,1,1,0,1,4.2,Medium,20.7,29.6,0,0
7069,Male,6,12,73.5,100.0,1,11300,0.2,Primary,0,0,1,0,1,0,5.3,Medium,30.0,25.7,0,0
7070,Female,6,13,81.7,53.7,1,9400,0.5,Secondary,0,0,0,0,0,1,3.0,Low,44.4,51.1,0,1
7071,Female,10,16,77.4,51.2,1,18500,3.2,Higher Secondary,0,0,1,0,1,0,3.2,High,23.0,43.1,0,0
7072,Male,7,14,98.0,76.7,0,22700,4.0,Secondary,0,0,1,1,0,1,1.8,Low,58.6,49.4,0,0
7073,Male,6,10,97.3,87.6,0,4000,1.0,Graduate,0,0,0,0,0,0,5.1,Low,47.2,32.4,0,0
7074,Female,7,11,97.5,100.0,0,47366,3.2,No Schooling,0,0,1,1,0,1,6.3,Low,62.8,48.2,0,0
7075,Female,7,13,62.8,79.2,0,7000,0.6,Primary,0,1,0,0,1,0,3.7,Low,45.4,55.8,0,0
7076,Male,8,12,92.6,56.8,0,10600,1.1,Secondary,0,0,0,0,0,1,0.8,Low,68.1,32.8,0,0
7077,Male,6,13,91.8,56.8,2,8000,2.7,No Schooling,0,0,0,0,0,1,2.4,Low,41.4,23.3,0,0
7078,Female,9,16,67.2,100.0,1,50000,4.3,No Schooling,0,0,1,0,0,1,5.7,Medium,47.6,35.6,0,1
7079,Male,10,16,67.7,31.2,0,11800,3.1,No Schooling,0,0,0,0,1,1,3.1,Low,36.6,32.2,0,0
7080,Female,6,12,90.1,30.3,2,11800,1.9,Higher Secondary,0,0,0,0,0,1,3.6,Medium,36.1,14.9,0,1
7081,Female,9,14,90.1,39.1,0,3300,1.8,Primary,0,0,1,1,0,1,3.3,Low,54.5,15.1,1,0
7082,Female,7,14,80.6,61.3,1,5500,0.9,Graduate,0,0,0,1,1,1,4.6,Medium,32.2,29.3,2,0
7083,Female,7,11,89.8,99.8,0,11300,1.1,No Schooling,1,0,0,0,1,1,7.5,Low,62.4,44.2,0,0
7084,Male,10,15,60.5,45.9,0,10100,1.5,Primary,0,1,1,0,0,1,5.1,Medium,33.9,9.2,1,0
7085,Female,10,16,82.7,63.1,1,8500,0.4,No Schooling,1,0,1,0,0,1,3.8,Medium,23.1,48.6,0,0
7086,Female,7,14,70.4,42.5,0,19600,4.7,Primary,1,0,1,0,0,1,0.9,High,26.7,26.8,0,0
7087,Female,8,12,86.6,32.7,1,5000,2.3,Higher Secondary,0,0,1,0,0,1,1.4,Low,18.1,16.0,1,0
7088,Male,7,14,72.4,81.4,1,10900,0.7,Secondary,1,0,1,1,1,1,4.3,High,32.7,38.8,0,0
7089,Male,8,13,83.0,66.5,1,5100,1.0,Higher Secondary,0,0,1,0,0,1,4.0,Low,52.3,30.2,1,0
7090,Male,9,16,87.8,70.6,2,50000,7.7,Graduate,0,0,1,1,0,0,4.3,Low,35.7,27.3,0,0
7091,Male,6,11,91.2,76.9,1,4800,3.3,Secondary,1,0,0,1,0,1,6.4,High,28.0,43.2,0,0
7092,Female,10,16,82.4,91.6,3,34800,5.2,Graduate,0,0,0,1,0,1,6.2,Low,40.5,47.4,0,0
7093,Female,9,13,63.1,43.4,3,6800,1.0,Primary,0,0,0,0,0,1,2.5,Medium,31.1,51.6,1,0
7094,Female,6,10,69.1,25.5,0,5200,0.9,Secondary,0,0,0,0,0,1,0.0,Low,39.7,10.6,1,1
7095,Female,10,16,68.3,66.3,1,7900,4.8,Secondary,0,0,1,1,0,1,7.1,Low,39.4,31.6,0,0
7096,Male,9,15,70.3,46.0,1,3700,2.2,Primary,0,0,0,0,1,1,6.2,High,50.6,22.4,1,0
7097,Male,7,12,81.3,59.0,0,4300,2.4,Secondary,0,0,0,0,0,1,4.8,High,26.6,0.0,1,0
7098,Male,8,14,88.7,67.0,0,25500,4.2,Secondary,0,0,1,0,0,1,3.9,Medium,31.2,41.2,0,0
7099,Male,10,17,70.2,58.5,0,11200,11.6,Graduate,0,0,0,0,0,1,1.8,Medium,33.4,22.4,0,1
7100,Male,10,15,73.2,92.8,0,15500,2.4,Higher Secondary,1,0,1,0,0,1,5.4,Low,44.5,36.2,0,0
7101,Male,7,13,85.4,98.7,2,5900,2.6,Secondary,0,0,0,0,1,1,3.6,Low,55.2,46.0,0,0
7102,Male,9,13,80.1,52.4,0,13200,1.4,Primary,0,0,0,0,0,1,2.9,Low,40.0,23.1,1,0
7103,Female,10,16,77.5,81.2,3,9000,4.0,Primary,0,0,1,1,0,0,4.6,Medium,60.7,38.6,1,1
7104,Male,10,17,95.1,54.6,2,4900,2.6,Secondary,0,1,1,0,0,1,2.4,High,31.6,37.2,0,0
7105,Male,6,12,64.8,61.4,1,50000,10.7,Secondary,0,0,1,0,0,0,5.2,Medium,27.0,8.3,0,1
7106,Male,8,12,77.7,100.0,5,3100,1.5,Graduate,1,0,0,0,0,1,4.6,High,53.0,39.5,1,0
7107,Female,10,16,80.7,56.0,0,8600,0.5,Primary,0,0,0,0,1,1,3.3,High,42.8,22.0,0,0
7108,Female,6,11,76.6,86.7,0,12000,0.9,Higher Secondary,1,0,1,0,1,1,8.0,Medium,46.3,48.7,0,0
7109,Male,8,12,80.3,49.2,0,10100,0.2,Primary,0,0,0,1,0,0,4.2,High,40.2,28.9,0,1
7110,Male,8,14,84.6,72.5,0,5900,1.0,Primary,1,1,0,0,1,1,6.1,Low,42.0,30.1,0,0
7111,Female,8,13,80.1,59.8,1,5200,1.5,No Schooling,0,0,0,1,1,1,3.1,Low,50.1,35.5,0,0
7112,Female,9,16,40.5,80.7,0,10400,1.2,Graduate,0,0,0,0,1,1,3.3,Low,44.0,29.4,0,0
7113,Female,6,13,90.3,66.2,3,4900,3.3,Primary,1,0,0,0,0,1,4.4,Medium,35.2,31.2,1,1
7114,Female,9,15,71.8,66.9,0,18300,15.0,Secondary,0,0,1,0,1,1,3.4,Low,34.6,57.8,0,0
7115,Female,7,13,78.7,41.9,4,9600,0.2,Graduate,0,0,0,0,0,1,4.0,Low,48.4,36.8,0,0
7116,Female,10,15,62.5,69.3,1,7200,11.9,Primary,0,0,0,0,0,1,4.6,Low,54.3,34.3,1,1
7117,Male,7,11,83.1,66.7,0,8900,1.4,No Schooling,0,0,1,0,0,0,6.5,Low,59.7,39.4,0,1
7118,Female,6,10,90.0,37.7,1,11800,4.6,No Schooling,0,0,1,0,1,1,2.9,Low,52.8,8.0,0,1
7119,Male,10,15,70.4,45.8,2,20500,5.0,Secondary,0,0,0,1,1,1,4.2,Low,28.1,17.2,0,0
7120,Female,9,14,70.3,27.6,0,10800,0.3,Secondary,0,0,0,0,0,1,3.9,Medium,24.2,0.8,0,0
7121,Male,7,14,89.3,70.2,0,9400,3.8,Primary,0,0,1,0,0,1,5.3,Medium,51.5,54.9,2,0
7122,Male,7,12,78.6,78.3,0,15400,6.4,Graduate,0,0,0,0,1,1,4.8,Low,67.7,42.8,0,0
7123,Female,8,12,80.3,46.5,1,3000,0.2,Graduate,1,0,0,0,0,1,5.6,Medium,14.4,16.7,0,0
7124,Female,10,17,83.3,57.6,0,5600,2.6,No Schooling,1,0,1,0,0,0,5.9,Low,38.8,30.4,1,0
7125,Male,7,14,77.1,100.0,0,7300,7.7,Secondary,0,0,0,0,1,1,4.9,High,49.9,32.9,1,0
7126,Female,10,15,89.0,33.0,0,4400,1.4,Secondary,0,0,0,1,1,1,5.5,Low,34.2,17.6,0,0
7127,Male,7,11,82.7,45.7,0,13500,1.9,No Schooling,0,0,1,1,0,1,1.8,Low,48.2,16.9,0,0
7128,Male,9,13,90.9,76.7,1,8300,2.9,Primary,0,0,1,0,0,0,4.8,Low,36.9,22.3,0,0
7129,Female,7,13,89.5,10.2,0,3700,2.3,No Schooling,0,0,0,1,1,1,2.3,High,22.2,21.7,1,0
7130,Male,6,13,73.1,73.2,0,3400,1.3,Secondary,0,0,0,0,0,1,5.5,Low,55.4,33.7,1,0
7131,Male,10,15,93.1,100.0,0,8100,0.1,Secondary,0,1,0,0,1,1,5.6,High,71.6,55.6,2,0
7132,Female,6,10,97.3,78.7,0,12900,6.4,Secondary,0,0,0,1,0,1,5.7,Low,42.6,15.1,1,0
7133,Male,10,15,77.7,34.2,0,8700,1.8,No Schooling,0,0,0,0,0,1,1.5,High,34.2,7.0,1,0
7134,Male,6,10,48.9,9.3,0,50000,0.9,Primary,1,0,1,1,0,1,0.0,Low,20.5,16.3,0,1
7135,Male,7,12,66.4,51.7,0,7100,0.5,Secondary,0,0,1,1,0,1,3.7,Medium,50.8,44.5,1,0
7136,Female,10,15,69.0,44.6,0,5400,4.6,Primary,0,0,0,1,0,1,0.7,Medium,55.9,32.8,1,0
7137,Male,9,15,61.3,100.0,0,20300,0.5,Higher Secondary,0,1,1,0,1,1,6.3,Low,51.2,42.3,1,0
7138,Male,6,10,97.5,64.9,0,10200,1.0,Secondary,0,0,0,0,1,1,3.3,Low,41.5,30.3,0,0
7139,Female,8,13,83.3,62.4,0,20700,0.6,No Schooling,0,0,0,0,0,1,2.9,Low,46.1,41.8,0,0
7140,Male,6,10,75.0,57.8,2,22100,4.3,Primary,0,0,0,0,1,1,3.6,High,20.3,24.3,0,0
7141,Male,10,15,84.7,50.0,1,6400,2.0,Higher Secondary,0,0,1,0,0,1,3.6,Low,15.4,43.4,1,0
7142,Female,6,13,76.1,32.4,0,5400,3.6,Secondary,1,0,1,0,0,1,3.0,Medium,41.8,12.2,0,1
7143,Female,8,14,77.7,100.0,0,13500,2.3,Secondary,0,0,0,0,0,1,2.7,Low,40.5,25.6,0,0
7144,Male,6,13,89.9,100.0,0,4600,1.6,Primary,0,0,0,0,0,1,4.7,Low,40.9,55.6,1,0
7145,Female,9,13,88.2,100.0,2,5800,1.5,Higher Secondary,0,0,1,0,0,1,7.1,Low,53.3,48.4,0,0
7146,Female,10,17,90.3,70.3,4,3000,1.6,No Schooling,0,0,0,0,0,0,4.6,Low,24.1,27.4,0,1
7147,Male,10,17,69.7,72.9,0,7300,1.7,Primary,0,0,0,1,0,1,6.2,Medium,27.1,26.2,0,0
7148,Female,7,13,66.1,28.8,1,22800,6.0,Secondary,0,0,0,0,1,1,7.0,Medium,22.2,28.3,1,0
7149,Female,7,14,84.5,71.5,0,8300,0.9,Primary,1,0,0,0,1,1,5.5,Medium,57.6,46.6,0,0
7150,Female,6,10,81.6,61.4,1,3000,2.8,Higher Secondary,0,0,0,0,1,1,4.7,High,48.1,34.2,1,0
7151,Female,10,16,63.8,91.2,4,34500,1.5,Secondary,0,0,1,1,0,1,6.2,Medium,34.5,41.4,0,1
7152,Female,6,13,84.2,65.0,0,5200,1.9,Primary,0,0,0,0,1,1,2.9,High,44.7,29.2,0,0
7153,Female,8,12,81.8,70.2,0,8400,0.8,Primary,0,0,0,0,1,1,5.3,Low,55.5,18.3,0,0
7154,Female,7,12,83.8,78.9,2,10300,0.5,Primary,0,0,0,0,0,1,4.7,Low,61.0,37.2,0,0
7155,Female,10,15,85.0,42.7,0,14900,2.0,Primary,0,0,0,0,1,0,3.6,High,49.8,30.6,0,0
7156,Female,8,12,83.5,55.6,1,11300,5.2,Higher Secondary,0,0,0,0,0,1,3.2,Medium,33.6,25.3,1,0
7157,Female,8,12,91.2,62.9,0,7400,0.9,Primary,0,0,0,0,0,1,5.8,Low,45.6,32.7,0,0
7158,Female,10,15,77.8,87.1,0,8000,8.3,Secondary,0,0,1,0,0,0,4.6,Medium,51.7,26.5,0,0
7159,Male,10,14,64.8,61.6,0,5000,1.1,Secondary,0,0,0,0,0,1,2.8,Low,50.9,37.7,0,0
7160,Male,8,14,80.8,98.8,0,3900,1.7,Higher Secondary,0,0,1,0,1,1,4.3,Low,57.6,27.2,0,0
7161,Female,9,13,77.7,73.6,0,6500,6.5,Primary,0,0,0,0,0,1,4.7,Low,48.5,46.8,0,0
7162,Male,9,13,66.4,55.3,0,24000,3.0,Primary,0,0,1,0,0,1,2.3,Low,24.5,29.1,0,0
7163,Female,7,13,83.3,100.0,2,3900,1.7,Graduate,0,0,0,0,1,1,7.0,High,56.4,51.4,0,0
7164,Female,6,11,90.4,48.2,0,3200,2.9,Primary,0,0,0,0,0,1,3.1,Medium,38.6,20.1,0,0
7165,Female,9,14,90.4,78.6,1,9200,2.5,No Schooling,0,0,0,0,1,1,5.7,Medium,39.1,33.5,0,0
7166,Male,9,14,97.9,50.1,5,16600,4.4,Higher Secondary,0,0,0,0,0,1,3.6,Low,55.7,32.2,1,1
7167,Female,6,11,96.2,49.8,5,5100,7.3,No Schooling,0,0,0,0,1,1,5.3,Medium,33.1,36.7,0,0
7168,Male,7,12,89.0,32.6,1,4100,0.5,Secondary,0,0,1,0,0,1,2.6,Low,37.9,21.4,0,0
7169,Female,9,13,71.9,38.1,0,10500,4.0,Primary,0,0,1,1,1,1,1.7,Low,40.7,27.7,0,0
7170,Male,6,10,90.5,70.3,0,9100,0.7,Higher Secondary,0,0,0,0,0,1,4.0,Low,58.7,57.2,1,0
7171,Male,9,14,88.1,66.8,0,23500,4.3,Graduate,0,1,1,1,1,1,5.5,Low,37.4,23.1,0,0
7172,Female,9,15,90.2,70.3,2,18800,0.8,No Schooling,1,0,0,0,0,1,2.7,Low,44.0,36.9,0,1
7173,Female,7,14,76.0,56.5,1,3300,3.8,No Schooling,0,0,1,0,0,1,4.8,High,47.7,24.6,0,0
7174,Female,7,11,70.0,16.7,2,3900,0.7,Secondary,1,0,0,1,1,0,2.5,Medium,41.5,22.0,1,0
7175,Male,7,11,86.5,54.7,0,3000,4.7,Secondary,1,0,0,1,0,1,3.5,High,40.3,12.0,0,0
7176,Male,7,13,59.3,23.4,4,9300,1.8,No Schooling,0,0,1,1,0,0,1.2,Medium,36.6,13.4,0,1
7177,Male,8,15,77.5,22.7,1,4700,0.9,Primary,0,0,0,0,0,1,2.3,Low,15.9,15.3,0,0
7178,Female,9,13,93.4,80.2,3,32500,1.5,Primary,1,1,1,0,0,1,6.4,Low,54.7,35.2,0,0
7179,Female,10,14,76.6,55.9,2,5700,1.6,No Schooling,0,0,0,0,1,1,2.6,Low,45.8,24.7,0,0
7180,Male,6,11,64.0,60.9,1,6400,2.4,Secondary,0,0,1,0,0,1,4.9,High,49.5,20.1,0,0
7181,Male,9,15,83.0,87.9,0,5000,0.2,Primary,0,0,0,1,0,1,7.0,Medium,61.1,44.8,0,0
7182,Male,7,13,65.7,48.9,0,8600,2.4,No Schooling,0,0,1,0,0,1,4.0,High,41.9,12.8,1,1
7183,Female,10,14,91.0,67.9,0,20800,0.1,Graduate,1,0,0,0,1,1,4.9,Medium,61.8,31.6,2,1
7184,Male,6,12,76.8,64.2,0,3000,3.6,Primary,0,1,0,0,1,1,5.6,High,22.6,34.1,0,0
7185,Male,8,13,81.8,70.9,2,17700,4.6,No Schooling,0,0,0,0,0,1,4.5,Low,38.8,9.8,0,0
7186,Male,8,12,70.3,100.0,0,3000,1.3,Higher Secondary,0,0,0,0,1,1,5.0,Low,59.1,64.4,0,0
7187,Male,7,14,85.8,60.8,5,6600,6.3,Higher Secondary,0,0,0,0,0,1,6.3,Low,45.1,35.4,0,1
7188,Male,10,16,72.0,50.8,1,3800,1.3,Graduate,0,0,0,0,1,1,5.6,High,31.5,41.8,1,0
7189,Male,6,11,70.5,43.6,1,3900,1.5,No Schooling,0,0,0,0,0,0,3.2,Low,25.4,17.9,1,0
7190,Female,6,13,57.3,19.0,3,3100,1.0,Higher Secondary,0,1,1,0,0,1,2.1,Low,21.7,20.1,2,1
7191,Female,9,16,72.5,24.7,0,10700,0.5,Primary,0,1,1,1,1,1,4.9,Medium,40.0,19.8,0,0
7192,Male,8,12,84.7,58.1,0,5900,5.9,Primary,0,0,0,0,1,1,2.0,Medium,34.3,36.8,1,0
7193,Female,7,14,81.9,72.3,0,11800,0.1,Primary,1,0,1,1,0,1,4.4,Low,47.2,24.1,1,0
7194,Male,7,13,79.8,78.3,0,12800,1.4,No Schooling,0,0,1,1,0,1,4.1,Low,50.9,38.9,0,0
7195,Female,6,11,96.2,71.0,4,6700,1.5,Primary,0,0,0,0,0,0,5.1,Medium,34.4,55.8,0,0
7196,Female,10,15,73.6,42.4,0,12800,4.8,Secondary,0,0,1,0,0,1,2.5,Medium,40.5,30.1,0,1
7197,Male,8,12,88.9,81.2,0,8500,2.8,No Schooling,0,0,0,0,0,1,7.4,Low,69.8,50.9,0,0
7198,Female,7,14,97.1,84.8,1,5800,5.4,Primary,0,0,1,0,0,1,4.8,Low,68.5,36.2,0,0
7199,Female,7,12,89.5,78.8,1,15400,6.5,No Schooling,1,0,0,0,1,1,4.0,Low,53.9,31.2,1,0
7200,Female,10,15,87.0,96.8,2,22700,2.3,Secondary,0,0,0,0,1,1,4.5,Medium,48.3,44.6,0,0
7201,Male,10,14,82.7,89.6,4,19500,3.9,Graduate,0,0,0,0,1,1,5.6,Low,45.9,45.3,2,0
7202,Male,6,13,80.9,36.7,1,3000,1.2,Secondary,1,0,0,0,0,1,0.5,Low,44.7,5.8,0,1
7203,Male,9,14,85.9,48.5,2,8500,3.6,No Schooling,0,0,1,0,0,0,4.3,Low,35.5,18.6,0,1
7204,Female,6,12,74.7,66.8,4,20200,4.7,Higher Secondary,0,0,1,0,1,1,6.6,Medium,49.2,34.5,0,1
7205,Female,6,11,82.4,26.5,0,3400,1.3,Secondary,0,0,0,0,0,1,0.6,Medium,38.4,13.8,0,0
7206,Male,10,16,78.7,60.2,1,7600,3.3,Primary,0,1,0,0,0,1,4.4,Low,34.7,36.7,0,0
7207,Female,10,16,63.9,33.7,0,4800,11.1,Graduate,0,1,0,0,0,1,2.3,High,18.3,7.1,0,0
7208,Male,6,11,82.4,62.3,2,9800,1.0,No Schooling,0,0,0,0,0,1,3.0,Low,25.7,54.0,0,0
7209,Male,10,15,73.2,22.7,0,50000,0.1,No Schooling,0,0,0,0,0,1,0.5,High,43.1,21.7,0,1
7210,Female,9,15,77.4,65.4,2,8100,3.1,Secondary,0,0,0,1,0,0,4.9,Medium,54.6,35.9,2,0
7211,Male,9,13,89.7,82.1,0,7200,0.6,Higher Secondary,0,0,1,0,1,1,4.5,Low,35.0,21.9,1,0
7212,Female,9,13,87.2,37.8,0,38500,4.2,Secondary,1,0,1,0,0,1,1.2,Low,59.6,27.5,0,0
7213,Female,8,12,86.5,81.0,1,9300,4.4,Primary,0,0,0,0,0,1,6.4,Low,51.7,34.0,0,0
7214,Female,10,15,75.0,56.6,0,5200,1.4,Primary,1,0,0,0,1,1,3.9,High,21.4,28.0,0,0
7215,Female,6,10,72.8,96.3,3,3000,0.4,Secondary,1,0,0,0,1,1,6.8,Low,49.8,14.5,0,0
7216,Male,8,13,55.6,78.9,2,17300,0.5,Higher Secondary,1,0,1,0,1,0,7.5,Medium,49.7,36.4,1,1
7217,Female,7,13,70.9,88.9,0,3500,2.4,Graduate,0,0,0,0,0,1,6.1,Low,42.2,50.7,1,0
7218,Female,10,16,66.5,68.1,0,7000,1.6,Higher Secondary,0,0,0,0,0,1,4.4,High,39.7,25.2,0,0
7219,Male,6,13,72.7,43.9,1,10900,2.9,Secondary,0,0,0,0,0,1,2.6,Low,41.8,34.2,3,0
7220,Male,8,15,93.3,65.1,0,12600,0.7,Higher Secondary,1,0,0,0,1,1,5.1,Low,29.5,36.3,1,0
7221,Male,9,14,72.3,57.0,0,3000,1.1,Secondary,0,0,0,0,0,1,5.2,Low,45.5,46.3,1,0
7222,Male,7,14,72.0,82.9,0,3800,10.3,Graduate,0,0,0,1,0,1,7.1,Low,26.9,34.5,1,0
7223,Female,7,14,78.3,46.0,0,9400,2.2,No Schooling,0,0,0,0,0,1,0.6,Low,39.2,23.3,0,0
7224,Male,7,11,65.3,63.7,0,3000,3.4,Primary,1,0,0,0,1,1,5.0,Medium,13.3,15.8,3,1
7225,Female,9,13,97.4,38.0,0,13000,3.3,Higher Secondary,0,0,1,1,0,0,3.8,Low,62.1,13.9,0,0
7226,Male,7,14,53.4,40.4,2,3200,1.8,Primary,1,0,0,0,0,0,6.3,Low,31.7,0.6,0,0
7227,Male,7,14,85.2,62.7,2,6600,0.2,No Schooling,1,1,0,1,0,1,4.9,Low,48.9,64.4,0,1
7228,Male,8,15,98.3,78.6,2,5700,2.1,Secondary,0,0,0,0,0,1,3.5,High,55.2,7.0,0,0
7229,Male,10,15,87.6,96.2,0,14100,1.0,No Schooling,1,0,0,0,0,1,5.6,Medium,41.7,47.6,0,0
7230,Female,9,16,73.0,92.4,1,5600,0.6,Primary,0,0,0,0,0,1,6.0,High,28.2,21.7,0,0
7231,Male,6,13,69.5,20.6,1,13300,2.8,No Schooling,0,0,0,0,0,1,1.1,Medium,26.1,4.6,0,0
7232,Male,10,16,64.7,68.5,1,18100,8.1,Secondary,0,0,1,0,1,1,2.1,Low,33.3,20.0,2,1
7233,Male,10,16,73.8,100.0,0,7800,2.8,No Schooling,1,0,1,0,1,1,6.8,Low,60.1,45.2,0,0
7234,Male,9,14,67.7,46.9,0,9600,0.6,No Schooling,0,0,0,0,1,1,0.1,Low,43.4,20.5,1,0
7235,Female,8,14,89.5,63.1,0,5000,3.8,Secondary,0,0,1,1,0,0,3.1,Medium,34.9,52.7,0,0
7236,Female,6,13,74.0,64.2,0,3700,0.6,No Schooling,0,1,0,0,1,1,5.2,Medium,42.0,20.6,0,1
7237,Male,9,16,78.6,63.4,1,3300,0.8,Secondary,0,0,1,1,0,1,4.3,Medium,44.2,23.1,1,0
7238,Female,8,14,76.0,71.4,0,8700,2.0,Secondary,0,1,0,0,0,1,3.2,High,48.0,29.9,0,0
7239,Male,7,11,88.3,100.0,0,5400,0.1,Primary,0,0,0,0,1,1,6.5,Low,68.5,41.7,0,0
7240,Female,6,12,80.2,100.0,1,10900,3.5,Secondary,0,0,0,1,0,1,5.5,Low,44.4,49.2,1,0
7241,Female,7,12,78.3,51.0,0,6600,0.3,No Schooling,0,0,0,0,0,1,5.0,Low,37.8,47.7,0,1
7242,Male,8,12,75.4,99.8,0,5700,0.7,Secondary,0,1,0,0,0,1,2.4,Medium,54.7,52.0,0,0
7243,Female,6,10,94.3,69.0,3,7000,1.2,Primary,0,0,0,1,0,1,6.1,Low,43.4,29.0,1,0
7244,Female,9,13,68.6,72.3,1,3000,0.6,Higher Secondary,0,0,1,0,0,1,3.8,Low,34.3,18.0,1,0
7245,Male,9,14,49.3,30.1,1,15400,1.8,Primary,0,0,0,0,0,1,1.3,Low,17.0,16.4,0,1
7246,Female,7,12,94.3,58.1,0,6300,0.5,Secondary,0,0,0,0,0,1,2.4,Low,57.5,27.7,0,0
7247,Female,6,11,98.1,54.6,1,6100,0.3,Higher Secondary,0,0,1,0,0,1,4.4,Low,33.7,12.5,0,0
7248,Male,6,12,75.8,57.7,0,24600,2.3,Primary,0,0,1,0,1,1,5.0,Medium,39.3,17.1,0,0
7249,Female,7,13,56.8,64.8,3,6500,3.8,No Schooling,0,0,1,0,0,1,6.0,Medium,19.7,29.8,0,1
7250,Female,9,14,84.5,20.0,1,12200,0.5,Graduate,1,0,0,0,0,0,2.2,Low,51.8,19.9,0,0
7251,Female,9,14,85.5,36.0,2,3000,0.8,Primary,1,0,0,0,0,0,5.2,Low,39.2,48.8,0,0
7252,Male,10,17,73.6,25.5,1,5200,4.8,Secondary,0,0,0,0,0,1,3.5,Medium,41.5,16.0,1,1
7253,Female,10,15,64.2,62.6,0,18100,8.0,Higher Secondary,0,0,1,0,0,1,3.0,Low,38.3,23.8,0,0
7254,Female,6,10,71.6,71.6,1,14900,2.8,Graduate,0,0,0,0,0,1,3.6,Medium,19.7,17.8,0,0
7255,Female,9,16,91.5,80.0,4,12900,1.4,Primary,0,0,1,1,0,1,7.2,Low,49.3,64.7,0,1
7256,Male,8,12,92.3,75.9,0,4600,2.2,Higher Secondary,0,0,0,0,1,1,4.1,Low,39.5,29.8,0,0
7257,Male,8,15,98.1,64.6,0,9500,3.7,Secondary,1,0,1,0,1,1,3.5,Low,64.8,50.1,0,0
7258,Female,7,12,77.5,56.8,0,6200,3.0,Secondary,0,0,0,0,0,0,5.2,Medium,34.5,14.3,0,0
7259,Female,7,14,80.7,86.5,2,38752,1.4,Secondary,0,0,0,0,0,1,6.7,Low,47.1,47.1,0,0
7260,Male,9,13,83.0,100.0,0,15000,4.1,Graduate,0,0,1,1,0,1,6.3,Low,67.5,46.6,0,0
7261,Female,8,12,71.9,39.1,3,9300,2.1,Graduate,0,0,1,0,1,0,3.7,High,42.4,20.4,2,1
7262,Female,7,12,69.7,61.9,1,16900,0.6,Secondary,0,0,0,0,0,1,2.7,Low,36.6,8.3,1,0
7263,Female,6,11,66.5,34.2,1,17600,1.3,Secondary,0,0,0,0,0,1,0.5,Low,28.2,28.6,1,0
7264,Male,8,14,87.1,93.5,0,3500,0.1,No Schooling,0,0,0,1,0,1,4.7,Low,74.5,40.0,0,0
7265,Female,9,15,70.0,36.3,0,3000,0.8,No Schooling,0,0,0,0,0,0,3.9,High,19.3,2.6,1,0
7266,Male,8,15,87.9,67.2,0,16600,1.9,Primary,0,0,0,0,1,1,3.8,Medium,69.5,26.5,1,0
7267,Male,6,12,89.0,80.2,1,8600,0.3,No Schooling,0,0,0,0,0,0,7.0,High,31.3,27.6,0,0
7268,Female,7,11,85.4,67.5,0,21700,2.0,No Schooling,0,0,1,1,1,1,4.3,Medium,41.4,45.8,0,0
7269,Female,9,13,81.4,69.6,0,10300,2.4,Primary,0,1,0,0,0,1,2.4,Medium,26.0,44.3,0,0
7270,Male,9,14,88.7,67.4,0,24700,6.3,Primary,1,0,1,0,0,0,2.9,Medium,53.3,48.5,0,1
7271,Female,6,13,67.7,69.9,0,13800,0.1,Primary,0,0,0,0,0,0,2.7,Medium,35.5,11.6,0,0
7272,Female,8,15,72.6,40.1,1,10700,3.2,No Schooling,0,0,0,0,0,1,3.4,Medium,24.8,42.6,0,0
7273,Male,8,14,84.3,44.4,4,6100,1.1,Secondary,0,0,0,0,0,0,4.1,Low,64.2,30.7,0,0
7274,Male,9,14,70.2,58.4,5,5600,4.5,Higher Secondary,1,0,0,0,0,0,4.9,Low,38.6,8.8,0,1
7275,Female,6,11,69.9,75.5,1,3000,5.2,Higher Secondary,0,0,0,0,0,1,3.4,Low,32.7,42.0,0,0
7276,Female,8,14,87.5,86.9,0,12600,0.8,Primary,0,0,0,0,1,1,6.6,High,73.3,67.3,0,0
7277,Male,10,17,63.3,43.1,0,4500,2.6,No Schooling,0,0,1,0,0,1,4.9,High,41.7,10.2,0,0
7278,Female,7,13,93.9,68.4,5,6700,1.2,Primary,0,0,1,0,0,1,4.0,Low,62.8,41.9,1,0
7279,Female,7,11,75.0,32.6,1,7900,0.3,Secondary,0,0,0,0,1,1,3.1,Low,44.5,25.3,0,0
7280,Female,6,13,79.4,71.5,1,5500,1.3,Higher Secondary,0,0,1,0,0,1,3.5,Medium,31.4,38.4,0,0
7281,Female,6,13,86.9,78.9,0,9200,2.2,Higher Secondary,0,0,0,0,0,1,5.2,Low,45.1,19.6,0,0
7282,Male,10,14,76.2,58.8,3,3000,0.1,Higher Secondary,0,1,0,0,0,1,4.6,Low,50.8,6.6,0,1
7283,Male,10,15,90.6,94.6,0,8200,0.8,No Schooling,0,0,0,1,0,1,6.5,Low,47.9,58.4,0,0
7284,Male,6,13,99.0,76.4,0,12900,0.5,Primary,0,0,1,0,0,1,2.5,Low,61.5,72.7,1,1
7285,Female,10,17,83.3,96.4,0,3000,1.7,Secondary,0,1,0,0,0,1,5.2,High,56.1,57.5,1,0
7286,Female,6,13,91.8,69.5,0,4900,3.5,Secondary,0,0,1,0,0,1,5.1,Medium,62.6,26.7,0,0
7287,Female,8,15,84.0,57.5,0,21600,2.8,Primary,0,0,0,0,0,1,4.2,Low,53.5,32.1,0,0
7288,Male,9,13,89.4,84.6,0,7600,1.6,Graduate,0,0,0,0,0,0,6.1,Medium,55.4,39.2,0,0
7289,Female,7,11,82.8,62.6,0,4900,0.5,Primary,0,0,1,0,1,1,4.3,Low,29.2,23.1,1,0
7290,Male,8,13,73.7,34.9,0,13800,0.4,Higher Secondary,0,0,1,1,0,1,1.1,Low,33.8,34.9,0,0
7291,Male,8,14,67.7,100.0,0,3600,1.8,Secondary,0,0,1,0,1,1,8.0,Low,43.0,41.6,0,0
7292,Male,6,11,64.4,91.9,0,3900,3.1,Primary,0,0,1,0,0,0,6.6,Low,50.1,29.6,0,0
7293,Female,10,15,95.5,73.6,0,4100,3.6,No Schooling,0,0,0,0,0,1,3.1,Low,43.1,49.2,0,0
7294,Male,6,11,54.2,50.8,0,21600,13.3,Graduate,0,0,0,0,0,0,3.9,Low,33.2,8.6,0,0
7295,Female,6,12,92.4,56.6,0,3900,6.2,Secondary,0,0,0,0,0,1,4.4,Low,51.5,21.5,2,0
7296,Female,10,17,72.6,75.4,0,7700,4.4,Secondary,0,0,1,0,1,1,3.8,Low,27.7,40.0,0,1
7297,Female,7,14,75.6,94.1,1,18400,1.5,Higher Secondary,0,0,1,1,0,1,4.7,High,44.3,22.9,0,0
7298,Male,7,11,73.7,100.0,0,3900,2.6,Primary,0,0,1,0,0,1,6.3,Medium,32.6,47.4,2,0
7299,Female,7,11,73.6,64.6,0,3000,2.5,No Schooling,0,0,1,0,0,1,0.0,High,25.5,15.8,0,0
7300,Female,6,11,89.8,76.0,5,36800,0.3,No Schooling,0,0,1,1,0,0,5.7,High,52.2,31.4,0,1
7301,Male,7,13,80.6,73.1,0,8900,2.5,Secondary,0,0,0,0,0,1,4.4,Medium,49.7,42.0,1,0
7302,Female,7,11,82.4,89.4,0,5100,6.1,Secondary,0,1,1,0,0,1,5.9,Low,69.2,48.4,0,1
7303,Female,8,14,91.6,51.7,1,7200,1.9,Primary,0,0,1,0,0,1,6.3,Medium,47.4,0.0,0,0
7304,Male,8,14,60.4,16.4,0,13800,3.5,No Schooling,1,0,0,0,0,0,2.1,Medium,22.3,20.4,1,0
7305,Female,10,16,74.6,56.6,0,3000,4.6,No Schooling,0,0,1,0,1,1,3.0,Low,37.8,12.3,0,0
7306,Male,10,17,87.2,100.0,0,5800,0.6,Graduate,0,0,1,0,1,0,3.8,Low,49.4,29.6,1,0
7307,Male,7,13,94.6,100.0,0,14400,4.8,Higher Secondary,0,0,0,0,1,1,6.7,Medium,55.1,50.3,0,0
7308,Female,10,16,55.8,13.2,2,23300,0.9,Secondary,0,0,1,0,0,1,0.1,High,30.1,0.0,0,1
7309,Male,10,15,72.1,100.0,0,23100,2.0,No Schooling,0,0,0,0,1,1,4.8,Low,34.2,24.6,2,0
7310,Male,10,16,84.7,67.9,0,8800,0.9,Higher Secondary,0,1,1,0,0,1,5.8,Medium,39.6,25.0,0,0
7311,Male,9,14,67.4,46.1,1,23900,3.4,Secondary,0,0,1,0,0,0,3.6,Medium,30.4,29.3,0,0
7312,Male,6,10,93.5,29.6,4,3000,8.6,Primary,1,0,0,1,0,0,1.0,Medium,35.9,0.0,0,1
7313,Male,6,10,85.9,77.9,1,9000,0.4,Secondary,0,0,0,0,0,1,4.7,Medium,49.6,37.9,0,0
7314,Female,10,16,88.5,6.9,2,3000,7.9,Secondary,0,1,0,1,0,0,4.9,High,61.3,29.1,1,1
7315,Male,8,14,63.6,100.0,0,22500,1.2,Primary,0,0,1,1,0,0,5.9,Low,57.8,36.2,1,0
7316,Male,10,15,80.9,70.0,0,11100,1.0,Secondary,1,0,0,0,1,0,3.7,Low,39.0,21.9,1,0
7317,Female,9,15,81.5,82.6,0,28800,1.8,No Schooling,0,0,1,0,0,1,5.3,Low,46.7,12.5,0,0
7318,Female,6,11,88.2,51.9,1,5300,1.6,Graduate,0,0,0,0,1,0,4.4,Medium,44.9,13.0,0,0
7319,Male,7,12,69.1,53.3,0,3100,1.2,Secondary,0,0,0,0,1,1,3.9,Low,43.6,39.4,1,0
7320,Male,10,16,96.2,51.5,1,14300,2.0,Secondary,0,0,0,0,0,0,4.3,Low,46.4,20.3,0,0
7321,Male,6,11,62.5,75.6,1,7200,1.5,Graduate,0,0,1,0,0,1,5.7,Medium,34.8,45.6,0,0
7322,Male,9,16,67.2,39.1,1,17700,0.5,Secondary,1,0,1,0,1,0,1.5,Low,23.5,24.5,0,0
7323,Male,10,16,66.6,67.4,3,14100,4.3,Secondary,0,0,0,0,1,1,4.6,Medium,30.2,35.5,0,1
7324,Female,6,12,63.5,23.9,0,6500,4.1,Secondary,0,0,1,1,0,1,0.8,Low,17.8,22.2,0,0
7325,Female,7,13,96.4,73.6,0,7900,2.2,Secondary,1,0,0,1,0,0,6.0,Low,65.4,33.8,0,0
7326,Male,8,14,84.8,61.7,1,6900,2.3,Secondary,1,0,1,0,0,0,5.6,Low,69.0,30.7,0,0
7327,Female,10,17,87.0,85.7,0,8300,1.4,No Schooling,0,0,1,0,0,1,5.3,Medium,65.7,26.9,0,0
7328,Male,8,13,90.0,35.0,2,5700,4.4,Secondary,0,0,0,0,0,1,2.6,Medium,43.2,0.0,0,0
7329,Male,6,13,84.1,74.0,0,12400,0.6,Primary,0,0,0,0,1,1,5.6,Low,12.9,24.7,0,0
7330,Male,6,10,70.7,84.7,0,3000,12.3,No Schooling,1,0,0,0,0,1,5.6,High,42.6,68.1,0,0
7331,Male,7,13,89.1,100.0,1,3000,3.7,No Schooling,1,1,1,0,0,0,7.0,Low,57.5,74.9,1,1
7332,Female,7,13,81.5,68.2,1,5900,0.3,No Schooling,1,1,0,0,1,1,2.0,Low,48.3,45.3,0,0
7333,Male,6,10,86.3,99.4,0,5200,3.1,Primary,0,0,1,0,1,1,6.7,Low,66.6,33.3,1,1
7334,Female,10,16,74.4,55.3,1,5600,5.2,Primary,0,1,0,0,1,1,2.6,Low,6.4,31.5,0,0
7335,Male,6,10,71.2,53.3,0,19300,4.4,Graduate,0,0,0,0,0,1,4.0,Low,29.9,14.8,1,0
7336,Female,10,16,84.4,100.0,4,8900,0.5,Higher Secondary,0,0,0,0,1,1,7.0,Low,45.6,38.6,0,0
7337,Female,10,16,95.3,66.8,1,13900,0.3,Primary,0,0,1,0,1,1,5.0,Low,44.9,17.0,0,0
7338,Male,9,15,74.6,89.7,0,43982,0.8,Higher Secondary,0,0,0,1,0,1,2.9,Medium,66.0,40.1,1,0
7339,Male,8,14,73.7,60.3,0,23300,0.9,Secondary,0,1,1,1,1,1,3.2,Low,39.0,39.2,0,0
7340,Female,6,11,67.8,67.7,0,5200,3.6,Primary,0,0,1,0,1,0,5.2,High,48.4,31.0,0,0
7341,Female,8,14,91.6,55.5,1,12100,2.0,Higher Secondary,0,1,1,1,0,1,3.1,Medium,53.2,50.4,0,1
7342,Male,7,11,92.5,73.4,2,7000,0.3,No Schooling,0,1,0,0,0,1,3.8,Low,47.5,12.3,0,0
7343,Female,7,14,69.8,70.1,1,3700,0.1,Secondary,0,1,0,1,0,1,6.5,Medium,27.1,25.0,0,0
7344,Male,8,12,58.3,79.5,1,3400,1.2,Secondary,0,1,0,0,1,1,3.8,Low,25.5,43.3,1,1
7345,Male,6,10,64.6,56.6,0,6900,0.6,Higher Secondary,0,0,1,0,0,1,5.4,High,28.2,25.0,1,0
7346,Female,7,13,90.8,100.0,0,16900,3.8,Secondary,0,0,0,1,0,0,3.8,Low,70.5,61.6,0,0
7347,Male,9,13,95.1,46.5,4,5400,6.1,Secondary,0,0,0,0,0,1,3.3,Medium,51.7,24.6,0,1
7348,Male,8,15,91.4,30.4,0,5700,6.2,Primary,0,0,0,0,0,1,1.7,Low,22.6,26.2,1,0
7349,Male,6,10,77.0,93.1,2,5000,2.6,Primary,0,0,1,0,0,0,7.4,Low,28.0,27.1,1,0
7350,Male,6,12,71.4,68.1,3,3500,2.6,Secondary,0,0,0,1,0,0,4.6,Low,30.8,35.7,0,1
7351,Male,7,14,87.5,60.8,0,5800,6.9,No Schooling,0,1,0,0,0,0,4.8,Low,18.8,30.5,1,0
7352,Male,8,14,70.6,64.5,2,17900,7.1,Secondary,0,0,1,0,0,0,2.2,Medium,46.3,24.6,0,0
7353,Female,8,14,84.5,86.0,0,9700,1.1,Primary,1,0,0,0,0,1,7.3,Medium,48.2,38.7,0,0
7354,Female,6,12,93.1,56.4,2,5400,6.2,Secondary,0,0,0,0,1,1,3.9,Low,22.6,41.3,0,1
7355,Male,8,14,81.8,55.3,0,6200,0.1,Secondary,0,0,0,0,1,1,5.2,Low,31.3,37.4,1,0
7356,Male,10,14,96.8,61.9,2,10200,2.4,Higher Secondary,0,1,1,0,0,1,2.3,Low,53.7,23.1,0,0
7357,Female,8,13,87.5,85.8,0,5300,2.0,Primary,0,0,0,1,0,1,7.4,High,52.0,47.6,1,0
7358,Male,8,12,87.6,87.1,0,15100,0.4,Primary,0,0,1,0,0,1,5.1,Low,39.0,55.7,0,1
7359,Male,8,12,78.3,15.3,1,19300,0.2,Secondary,0,0,1,0,0,0,1.7,Low,42.7,14.6,0,0
7360,Female,10,14,73.6,73.7,2,3600,0.2,No Schooling,0,0,1,0,0,1,7.2,High,31.8,44.3,0,0
7361,Male,10,16,87.5,31.1,0,6500,1.4,Secondary,0,0,0,0,1,1,3.6,High,61.5,38.4,1,0
7362,Female,6,13,47.4,40.8,4,10700,0.8,Secondary,0,0,1,0,0,1,2.6,Medium,39.9,28.0,0,1
7363,Female,6,12,84.1,48.2,2,20100,2.1,No Schooling,0,0,0,0,0,0,1.4,Medium,29.7,23.2,1,1
7364,Female,6,10,95.6,76.5,0,3000,0.1,Secondary,1,0,0,0,0,1,6.0,Low,33.1,37.0,2,0
7365,Male,9,15,74.8,84.8,0,5200,9.6,Primary,0,0,0,1,1,1,3.2,Medium,42.0,34.6,0,0
7366,Male,6,12,85.4,73.0,0,3000,0.1,Primary,0,0,1,0,0,1,4.6,Low,59.2,26.6,0,0
7367,Male,10,17,66.6,39.9,1,13800,2.0,Primary,0,0,1,0,1,1,0.0,Low,39.4,25.4,2,0
7368,Female,6,11,85.0,35.6,2,8100,3.0,Primary,0,0,1,0,0,0,0.8,Low,40.4,19.5,1,0
7369,Female,8,13,80.7,69.0,3,16600,1.4,Graduate,0,0,1,1,1,1,6.2,Low,42.2,11.6,0,0
7370,Female,7,13,62.0,29.9,0,6900,0.4,Graduate,0,0,0,0,0,1,4.9,Low,47.1,17.8,0,0
7371,Male,8,14,78.5,59.7,0,6900,0.3,No Schooling,0,0,0,0,1,1,6.9,Low,42.8,16.9,0,0
7372,Female,8,12,85.3,57.2,1,10400,1.7,Primary,1,0,0,0,1,1,4.6,High,28.6,12.1,0,0
7373,Female,9,15,49.9,76.7,0,8600,0.7,Primary,0,0,1,0,0,0,4.5,Medium,41.9,60.8,0,0
7374,Female,8,15,95.3,83.5,1,5600,4.3,Primary,0,0,0,0,0,1,3.8,Low,41.7,17.2,1,0
7375,Female,7,11,87.1,72.8,0,14900,0.4,Secondary,1,1,1,0,0,0,3.6,Medium,48.9,44.7,0,0
7376,Male,9,14,62.6,41.9,1,17600,1.8,No Schooling,1,0,1,0,0,0,3.0,Low,33.3,16.0,0,1
7377,Male,10,16,90.3,84.8,0,10100,1.9,Higher Secondary,1,0,0,0,0,1,2.8,Low,50.2,36.1,1,0
7378,Female,9,16,74.0,71.3,0,21300,4.6,Secondary,0,0,0,0,0,1,5.3,Low,45.6,32.5,0,0
7379,Male,9,16,77.5,42.7,0,22700,3.7,Higher Secondary,0,0,1,0,0,1,4.4,High,8.7,2.7,2,0
7380,Male,8,14,76.5,26.9,3,5300,3.5,No Schooling,0,0,0,0,0,0,0.0,Low,34.9,4.4,0,0
7381,Male,10,16,87.5,96.6,2,8200,2.6,Secondary,0,0,0,0,0,0,6.7,High,51.8,48.0,0,0
7382,Male,8,13,87.1,57.4,2,10500,0.8,Graduate,0,0,0,1,0,1,3.1,Medium,15.2,22.9,0,0
7383,Female,10,15,67.4,42.0,1,3000,1.4,Secondary,0,1,0,0,0,1,3.4,High,33.4,33.3,1,1
7384,Male,9,15,81.6,48.0,0,8700,7.5,Higher Secondary,1,0,0,0,0,1,5.3,Medium,36.8,42.4,0,0
7385,Male,6,12,84.1,71.0,0,7400,0.7,Secondary,0,0,1,0,0,1,6.5,Low,31.6,27.0,1,0
7386,Female,6,12,83.2,80.7,1,4800,5.7,Secondary,1,1,1,0,0,1,6.1,Low,45.3,13.8,0,0
7387,Female,9,16,79.2,80.2,0,9600,2.6,Secondary,0,0,0,0,0,1,5.6,Medium,38.9,40.1,0,0
7388,Male,9,13,80.6,63.5,1,4200,4.0,Primary,0,0,0,0,0,1,1.4,Low,37.1,38.1,1,0
7389,Male,8,15,77.2,87.6,0,3000,5.3,Secondary,0,1,1,0,0,1,5.5,Low,44.6,42.3,2,0
7390,Male,10,16,94.9,79.5,0,3000,5.8,No Schooling,0,0,0,0,1,1,4.0,Medium,34.8,50.0,1,0
7391,Male,8,14,68.0,89.3,1,3000,1.9,Secondary,0,0,0,0,1,1,4.5,Low,30.3,46.9,0,0
7392,Male,7,13,79.2,65.4,5,3400,0.3,Secondary,0,0,0,0,1,1,5.1,Low,39.0,33.0,0,0
7393,Male,8,14,74.9,34.7,0,8200,1.7,Primary,0,0,0,0,0,1,3.1,Low,40.8,25.2,1,1
7394,Female,6,12,61.4,35.8,0,10100,1.2,No Schooling,0,1,1,0,1,1,1.3,Medium,39.4,27.6,0,1
7395,Female,8,13,80.6,49.8,1,5300,4.0,Primary,0,0,0,1,1,1,4.2,Medium,34.3,32.6,1,0
7396,Female,10,16,69.8,72.5,0,12300,0.1,Graduate,0,0,1,1,0,1,3.1,Medium,37.6,42.4,0,0
7397,Male,6,11,55.7,73.6,1,10000,2.9,Primary,0,0,1,0,0,1,7.8,Low,29.8,45.7,0,0
7398,Male,10,16,65.6,79.0,2,4300,0.7,Graduate,0,0,0,0,0,1,6.1,Low,46.5,40.1,0,0
7399,Female,9,15,69.3,60.9,0,4100,4.9,Secondary,0,0,0,0,0,0,3.7,Low,26.3,30.6,0,1
7400,Female,6,11,77.6,54.9,0,18900,1.6,Primary,0,0,0,1,0,1,1.7,Low,28.7,26.9,1,0
7401,Female,10,17,72.1,81.1,0,5500,13.5,Secondary,0,0,1,1,0,1,3.3,Low,45.8,51.6,0,0
7402,Male,9,14,86.2,84.9,0,27000,3.0,Primary,0,0,1,0,0,1,5.0,Low,33.6,56.4,0,0
7403,Male,8,14,92.0,90.3,0,3300,0.1,No Schooling,0,0,0,0,1,1,4.8,Low,48.6,34.4,0,0
7404,Male,7,12,66.6,43.3,0,6700,1.4,Higher Secondary,0,1,0,0,0,1,4.0,Low,32.6,23.9,0,0
7405,Female,7,11,92.1,99.9,0,3000,3.1,Secondary,0,0,0,0,0,1,2.0,Medium,24.4,30.5,0,0
7406,Male,8,14,80.5,51.5,0,3000,1.0,Primary,1,0,0,0,0,1,2.4,Low,55.2,13.0,0,0
7407,Female,7,14,62.3,44.3,1,4900,2.0,Secondary,0,0,1,0,1,1,7.6,Medium,35.3,21.6,1,0
7408,Female,7,12,77.9,92.9,3,13100,6.4,Primary,0,0,0,1,0,1,8.0,Low,37.9,48.0,0,0
7409,Female,10,14,85.7,86.8,3,5100,1.3,Secondary,1,0,0,0,0,1,6.3,Low,47.7,51.5,0,0
7410,Male,9,13,92.3,62.6,0,11900,1.4,No Schooling,0,1,1,0,0,1,5.7,Low,56.9,2.8,0,0
7411,Female,9,14,93.9,83.2,1,4300,1.3,Secondary,0,0,0,0,1,1,5.7,Low,51.4,53.9,0,0
7412,Female,10,17,87.2,66.7,0,20400,2.9,Graduate,1,0,1,1,0,1,0.0,Low,46.2,38.5,1,0
7413,Male,6,12,92.0,100.0,1,4400,6.6,No Schooling,1,0,1,1,1,1,7.4,Medium,38.1,38.2,0,0
7414,Female,7,11,79.7,71.4,0,22200,5.0,Higher Secondary,1,0,0,0,1,0,7.4,Medium,51.9,37.7,0,0
7415,Female,9,16,96.3,100.0,0,8200,0.9,Primary,0,0,0,0,0,0,6.0,Low,57.2,46.0,0,0
7416,Female,8,12,69.6,87.7,0,3800,3.4,Primary,0,0,0,0,1,1,4.0,Low,38.4,27.5,0,0
7417,Male,6,12,87.4,98.4,5,4300,0.7,Secondary,0,0,0,0,0,1,6.5,Low,61.2,49.0,0,1
7418,Female,9,16,36.5,58.4,0,10300,3.5,Higher Secondary,0,0,0,0,0,1,4.3,Low,49.1,55.4,0,0
7419,Male,6,13,81.1,48.7,1,3600,0.1,No Schooling,1,0,0,0,0,1,5.3,Low,36.1,0.0,0,1
7420,Male,8,14,74.0,75.1,0,9600,6.8,Primary,0,0,0,0,1,1,5.4,Low,30.0,39.7,2,0
7421,Male,8,13,86.2,77.4,1,4700,3.8,No Schooling,0,0,0,0,0,1,4.9,Low,27.6,19.0,0,0
7422,Male,9,16,85.7,71.7,0,3700,1.6,Primary,1,0,0,0,1,1,7.3,Low,32.0,47.4,0,0
7423,Male,7,12,90.4,73.2,1,4300,1.2,Secondary,0,0,0,0,1,1,6.2,Low,51.3,32.4,0,0
7424,Male,6,11,83.9,36.4,2,3000,0.5,Graduate,1,0,0,0,0,1,2.2,Medium,43.3,16.1,1,0
7425,Female,10,16,80.9,60.0,0,8600,1.3,Primary,0,1,1,1,0,0,2.1,Low,49.7,34.0,0,1
7426,Male,10,16,75.7,67.5,1,9000,0.7,No Schooling,1,0,0,0,0,1,4.8,Low,33.3,51.7,0,0
7427,Female,8,12,75.2,95.2,0,4600,0.1,Secondary,0,1,1,0,0,1,7.5,Low,42.0,32.7,0,0
7428,Male,6,13,95.1,52.5,3,4500,2.0,No Schooling,0,0,1,0,0,1,3.5,Low,59.8,47.8,0,1
7429,Female,8,15,84.2,38.5,0,3000,1.7,Primary,0,0,1,0,0,1,3.9,Low,32.3,16.1,1,0
7430,Female,7,12,84.8,51.9,0,5000,0.8,Secondary,0,0,1,0,0,1,2.1,Low,42.6,20.3,0,0
7431,Female,6,10,86.6,64.2,1,10600,2.4,No Schooling,0,0,1,0,1,1,4.3,High,41.8,31.4,0,0
7432,Female,6,10,59.5,42.4,1,4700,8.6,Secondary,0,1,1,0,0,0,3.7,High,28.6,28.8,0,1
7433,Female,6,11,74.4,87.5,0,9200,3.2,Primary,0,0,1,1,1,1,4.8,Medium,19.8,28.0,0,0
7434,Male,7,11,60.5,66.5,3,11600,4.8,No Schooling,0,0,0,1,0,1,4.3,Medium,25.9,41.8,0,0
7435,Male,7,14,77.6,100.0,4,3300,3.0,No Schooling,0,0,1,0,1,1,5.1,Low,59.3,49.2,0,0
7436,Male,10,17,84.1,50.4,0,35700,1.1,Higher Secondary,1,0,0,1,0,1,4.5,Medium,31.7,10.5,0,0
7437,Male,8,15,73.0,70.6,1,14600,0.1,No Schooling,0,0,0,0,0,1,3.3,Medium,42.2,14.9,1,0
7438,Male,7,12,77.9,27.9,0,6000,4.9,Graduate,0,0,1,0,0,1,0.0,High,10.3,18.6,0,1
7439,Male,6,12,93.8,79.6,0,3000,1.0,No Schooling,0,0,0,0,0,0,5.3,High,39.1,48.1,0,0
7440,Female,10,15,47.5,52.9,2,3800,1.2,Primary,1,0,1,0,0,1,1.8,Medium,43.7,39.8,0,1
7441,Female,6,11,54.9,52.9,0,30300,14.0,Graduate,1,0,0,0,0,1,2.4,Medium,33.7,19.6,0,0
7442,Female,7,13,88.1,100.0,0,10600,5.6,Primary,1,0,0,0,1,1,5.5,Medium,71.8,24.1,0,0
7443,Female,8,12,76.1,72.8,1,5300,0.3,No Schooling,0,0,1,0,0,1,1.8,Medium,41.3,49.4,0,0
7444,Male,9,16,75.2,62.7,0,5700,2.0,No Schooling,0,0,1,0,0,1,2.1,High,57.3,53.4,0,1
7445,Male,9,13,86.3,64.6,2,20700,1.7,Primary,1,0,0,0,0,1,5.4,Medium,19.5,8.7,0,0
7446,Female,7,12,80.4,77.9,4,10500,0.3,Graduate,0,0,0,0,1,0,3.9,Medium,58.5,24.3,1,0
7447,Female,7,11,91.3,43.3,0,5900,5.6,No Schooling,0,1,0,0,0,1,6.5,Low,57.3,14.3,0,0
7448,Male,7,13,84.9,68.3,4,3000,2.8,Higher Secondary,0,0,1,0,1,0,5.2,High,55.4,53.7,0,0
7449,Male,8,14,90.1,89.9,1,6800,4.6,Primary,0,0,0,0,1,1,7.1,Low,47.2,30.4,0,0
7450,Male,7,14,74.0,92.9,0,11800,1.2,Secondary,0,0,0,0,0,1,6.2,Medium,57.3,33.2,0,0
7451,Male,7,12,59.4,64.4,0,11000,7.2,Primary,0,0,1,0,0,1,3.1,Low,33.0,36.0,0,0
7452,Male,6,10,82.9,73.0,3,3800,0.7,Primary,0,0,0,0,0,0,4.8,Low,35.5,26.1,0,0
7453,Male,10,14,73.3,23.6,0,7700,1.8,Secondary,1,0,0,0,0,1,1.6,Medium,45.0,11.5,0,1
7454,Female,6,12,85.4,66.0,0,11600,4.0,Secondary,0,0,1,0,0,1,7.1,Low,36.7,35.5,0,0
7455,Female,7,14,76.8,79.8,0,21200,3.1,Secondary,0,0,0,0,1,1,3.4,Low,48.7,31.3,0,0
7456,Female,10,14,78.3,89.3,0,6100,2.5,No Schooling,0,0,1,0,0,1,5.4,Low,49.5,32.8,0,0
7457,Female,9,16,95.6,73.7,1,27500,0.3,Higher Secondary,0,0,1,1,0,1,4.5,Low,58.2,51.6,0,0
7458,Female,8,13,84.5,53.8,0,11200,4.2,Higher Secondary,0,0,1,0,0,1,5.0,Medium,44.4,25.2,3,0
7459,Male,9,16,82.1,44.5,1,5200,2.6,No Schooling,1,0,0,0,1,0,4.5,Low,32.4,22.6,0,1
7460,Female,6,10,87.8,59.0,3,3900,1.2,Primary,0,0,0,1,0,1,5.7,Low,33.9,26.8,0,0
7461,Male,9,16,89.2,59.3,0,3000,7.4,Primary,0,0,1,0,1,1,3.7,Low,30.1,34.0,0,0
7462,Female,7,12,81.4,61.7,0,3900,5.6,No Schooling,1,0,0,1,1,1,8.0,Low,48.2,36.9,0,0
7463,Male,10,15,95.8,57.6,0,22500,1.5,Secondary,0,0,1,0,0,1,7.3,Low,55.9,34.7,0,0
7464,Female,7,11,98.8,18.6,1,5700,1.0,Graduate,0,0,0,0,0,1,0.1,High,28.6,19.4,0,0
7465,Female,8,12,79.6,56.8,1,3000,0.3,No Schooling,0,1,1,0,0,1,1.3,Low,33.7,34.9,1,1
7466,Male,8,15,97.8,30.3,1,4400,5.9,No Schooling,0,0,0,0,1,0,2.3,Low,32.8,27.9,0,0
7467,Male,6,10,70.8,35.3,4,8100,0.3,Secondary,0,0,0,0,0,1,3.5,Low,39.3,30.9,0,1
7468,Male,7,12,69.4,57.4,0,6200,0.6,Higher Secondary,0,0,0,0,0,1,5.2,High,31.2,29.6,0,0
7469,Female,9,16,84.0,97.8,1,10200,7.9,Graduate,0,0,1,0,0,1,7.8,High,10.7,50.2,2,1
7470,Female,6,11,91.8,23.9,3,6200,0.6,Primary,0,1,0,0,0,1,2.2,Low,47.1,22.8,0,1
7471,Male,10,17,94.6,53.0,1,5200,1.5,Primary,0,0,0,0,0,1,3.9,High,30.6,33.8,0,0
7472,Female,7,13,94.9,82.4,1,7500,1.1,Primary,0,0,1,0,1,1,2.7,Low,52.8,35.6,0,0
7473,Male,8,15,68.8,49.0,1,3500,1.2,Secondary,0,0,0,1,0,1,2.3,Low,43.5,22.4,0,0
7474,Male,8,15,95.8,75.0,0,8900,7.4,No Schooling,0,0,1,0,0,0,5.3,Low,63.7,34.7,0,0
7475,Male,8,12,91.1,69.9,0,3900,0.1,Higher Secondary,0,0,1,0,0,1,4.5,Low,46.9,40.6,0,0
7476,Female,9,14,67.5,39.9,0,6900,4.7,No Schooling,0,0,0,1,0,1,1.4,Medium,28.7,1.8,0,0
7477,Male,9,14,85.4,99.2,1,9800,3.3,Primary,1,1,0,0,0,1,5.9,Medium,27.8,40.6,0,0
7478,Male,8,12,70.9,99.1,0,6100,3.5,Graduate,0,0,0,1,0,1,6.7,Medium,51.6,60.5,0,0
7479,Male,8,12,67.7,18.7,2,7700,3.2,Higher Secondary,0,0,1,1,0,0,0.7,Low,31.4,7.5,0,0
7480,Female,8,12,85.6,82.9,0,12700,0.7,No Schooling,0,0,0,0,0,1,5.5,Low,46.6,39.7,0,0
7481,Male,7,14,81.8,100.0,1,4700,0.4,Secondary,0,0,1,0,1,0,5.6,Low,44.4,12.7,1,0
7482,Female,6,13,68.2,86.4,0,25400,0.1,No Schooling,0,1,1,1,0,1,7.4,Low,29.8,55.0,0,0
7483,Female,6,12,71.5,35.0,0,3200,1.4,Graduate,0,0,0,1,0,1,4.3,Low,44.0,19.0,0,0
7484,Female,8,15,69.8,64.4,2,18500,0.6,Primary,0,1,1,0,0,1,0.0,Low,36.6,28.6,2,1
7485,Male,10,15,80.0,32.7,0,10600,4.2,Higher Secondary,1,0,0,1,0,1,4.0,Medium,14.4,23.3,0,0
7486,Female,6,11,80.4,65.4,0,10900,2.5,No Schooling,0,1,0,0,1,1,3.8,Low,35.3,49.0,0,0
7487,Male,8,15,89.8,58.7,2,15900,0.1,Higher Secondary,0,0,1,0,1,1,2.8,High,31.6,37.4,0,1
7488,Male,7,11,88.6,83.4,0,7900,0.2,No Schooling,0,0,0,0,0,1,4.7,Medium,53.1,42.8,2,0
7489,Male,8,12,65.2,23.5,0,9000,3.0,Secondary,0,0,0,0,0,1,2.2,High,18.8,40.0,0,0
7490,Male,9,15,84.5,38.0,2,8300,2.0,Higher Secondary,1,0,1,0,0,1,3.2,Medium,35.0,26.1,1,0
7491,Female,9,14,93.8,76.4,0,14400,0.3,Primary,1,0,0,0,0,1,4.7,High,35.0,24.4,0,0
7492,Female,9,15,86.0,45.3,2,16300,2.7,Higher Secondary,0,0,0,0,1,1,1.9,Medium,52.2,15.4,1,1
7493,Female,9,15,82.5,91.7,2,7900,0.1,Graduate,0,0,1,0,0,1,5.7,Low,37.8,60.9,0,0
7494,Male,6,11,96.5,73.5,1,6200,7.7,Primary,1,0,0,0,0,1,5.3,Low,23.7,27.9,0,0
7495,Female,8,12,79.5,74.4,4,3800,5.4,Higher Secondary,1,1,0,0,0,1,5.3,Low,39.9,35.6,1,1
7496,Female,7,11,87.0,34.1,0,9100,4.1,Primary,0,0,0,0,0,1,4.1,High,37.0,36.4,2,0
7497,Male,10,15,84.8,51.7,0,5700,0.5,Secondary,0,0,0,0,0,1,5.2,Low,41.9,33.4,0,1
7498,Male,9,14,72.2,85.8,0,3000,0.8,Higher Secondary,1,0,1,0,1,0,8.0,Low,23.6,33.5,1,0
7499,Female,6,10,90.8,41.0,2,7300,0.5,Secondary,0,0,1,1,0,1,2.7,Low,35.2,21.3,0,1
7500,Male,7,13,65.3,63.5,1,8200,1.6,Primary,0,0,1,1,0,1,7.5,Low,51.8,49.9,1,0
7501,Male,8,15,80.2,39.7,1,13900,0.1,No Schooling,0,0,1,1,1,1,5.5,Low,40.3,17.2,0,1
7502,Female,10,17,75.4,25.8,0,36011,3.0,No Schooling,0,0,0,0,0,1,1.1,High,26.7,24.3,1,1
7503,Male,6,10,78.1,55.0,1,3900,1.3,Primary,0,0,0,0,0,1,3.1,Low,48.1,38.7,0,1
7504,Male,8,12,91.8,91.3,1,16200,8.5,Secondary,0,0,0,0,0,1,3.9,Medium,38.6,50.5,0,0
7505,Female,7,12,92.6,100.0,2,3000,0.1,Higher Secondary,0,0,1,1,1,1,4.5,Low,65.0,44.5,0,0
7506,Female,9,16,76.5,99.0,1,3000,0.8,No Schooling,0,0,1,0,0,1,5.7,High,49.7,53.6,0,0
7507,Female,9,15,86.9,48.1,0,6600,1.4,Graduate,1,0,0,0,0,1,0.8,Medium,28.9,21.4,0,0
7508,Female,7,12,78.8,77.2,0,6300,4.9,No Schooling,0,0,1,0,0,1,1.7,Medium,34.2,15.5,0,0
7509,Female,9,16,75.6,77.8,0,6600,0.9,Secondary,0,0,0,0,1,0,5.4,Medium,39.1,50.0,0,0
7510,Female,6,12,75.7,48.3,0,4300,0.8,Secondary,0,0,1,0,0,1,2.3,Low,34.3,15.2,0,0
7511,Female,9,16,67.9,75.8,4,15100,4.2,Higher Secondary,0,0,1,0,0,1,7.2,Low,21.2,32.9,1,1
7512,Female,6,13,55.3,64.4,0,6700,1.4,No Schooling,0,1,0,0,0,1,2.5,Medium,52.1,35.1,0,0
7513,Male,8,15,85.7,77.0,0,3000,0.6,Primary,0,0,0,0,0,1,4.6,Low,36.0,51.4,0,0
7514,Female,7,13,77.3,31.0,4,10000,7.0,No Schooling,0,0,1,1,0,1,0.0,Low,43.4,48.7,0,1
7515,Female,8,13,95.2,44.7,1,4400,2.0,Primary,1,0,1,1,0,1,4.0,Low,43.7,24.9,0,0
7516,Male,7,11,91.7,39.7,0,3900,0.3,Primary,0,1,1,0,1,1,0.9,Low,33.2,32.5,1,0
7517,Female,8,14,67.5,68.5,0,7200,1.7,No Schooling,0,0,1,0,1,1,5.3,Low,23.1,25.2,0,0
7518,Female,6,11,79.7,77.6,0,23500,0.2,Primary,0,0,0,0,0,1,4.0,Low,57.6,32.5,1,0
7519,Male,7,11,67.0,88.2,0,3000,0.3,Primary,0,0,0,0,1,0,7.9,Medium,17.5,37.6,0,0
7520,Male,10,17,88.1,58.2,2,3000,0.1,Secondary,0,0,0,0,0,1,4.7,High,48.8,26.1,0,0
7521,Male,8,13,94.9,100.0,1,4000,0.1,Secondary,0,0,0,0,1,1,8.0,Low,52.0,47.1,0,0
7522,Male,8,14,85.6,74.1,0,24100,3.1,Secondary,0,0,1,0,0,1,3.1,Low,68.7,50.0,0,0
7523,Male,8,15,95.2,63.9,0,3400,0.3,Secondary,0,0,0,0,1,1,5.6,Low,40.1,27.2,0,0
7524,Male,8,13,89.7,77.9,1,15400,5.3,Graduate,0,1,0,0,0,1,3.8,Low,45.8,52.4,0,0
7525,Male,10,17,83.8,53.0,0,13700,2.0,Primary,1,0,1,0,0,0,5.3,Medium,48.4,20.6,1,0
7526,Male,7,13,83.2,80.0,1,16300,2.7,Primary,0,0,0,0,1,0,8.0,Low,38.8,8.6,0,0
7527,Female,10,16,68.6,88.7,3,3900,2.0,Graduate,0,0,0,1,0,1,5.7,Low,52.2,45.6,1,1
7528,Female,10,15,70.4,45.0,1,7900,0.8,Primary,0,0,0,0,1,1,3.6,Medium,65.2,19.5,1,0
7529,Male,7,14,91.3,59.0,1,12200,7.0,Secondary,0,0,0,1,0,1,3.8,Medium,33.8,28.1,0,0
7530,Male,7,11,81.3,46.9,2,9800,3.1,Higher Secondary,0,0,1,1,1,1,1.1,Low,38.5,12.1,0,1
7531,Male,9,15,82.8,96.5,0,50000,1.7,Primary,0,0,1,1,1,1,3.9,Medium,67.0,39.4,0,0
7532,Male,9,16,89.4,92.1,1,28500,3.5,Primary,0,0,1,0,1,1,5.4,Low,50.0,22.3,0,0
7533,Male,6,10,80.5,61.4,2,17000,4.5,Secondary,0,1,0,0,0,1,1.9,Low,31.0,18.5,0,0
7534,Male,7,12,69.7,25.0,2,12400,2.2,Higher Secondary,0,0,1,0,1,1,3.7,Medium,34.8,5.5,0,1
7535,Male,6,12,69.4,63.0,0,13100,2.0,Secondary,0,0,0,0,0,1,5.7,Low,24.7,37.6,0,0
7536,Female,9,14,82.8,100.0,0,16400,5.2,No Schooling,0,0,1,0,0,1,8.0,Low,48.7,56.5,0,0
7537,Male,9,13,66.8,99.2,0,26400,1.9,Secondary,0,0,0,0,0,1,5.6,Low,43.1,41.4,1,1
7538,Female,6,11,70.6,19.0,2,4400,4.3,Primary,0,0,0,0,1,1,2.1,Low,38.4,20.5,0,1
7539,Male,8,13,74.1,88.8,1,17800,4.7,Primary,0,0,1,0,0,1,7.9,Low,51.9,21.2,0,0
7540,Male,9,16,84.7,76.0,1,9400,1.1,No Schooling,1,0,1,0,1,0,3.8,Low,50.4,44.7,0,0
7541,Female,10,17,82.6,91.1,0,16300,7.0,Graduate,0,1,1,0,0,1,5.3,Medium,50.5,44.4,0,0
7542,Male,6,10,58.1,71.0,0,8300,2.2,Higher Secondary,0,0,1,0,0,1,3.8,Low,32.6,40.3,0,0
7543,Female,7,12,71.4,50.4,0,5700,0.4,No Schooling,0,0,0,0,0,1,2.3,Low,55.6,30.6,0,0
7544,Female,7,11,86.0,78.5,0,5800,1.3,Primary,0,0,0,0,0,1,4.3,Medium,58.6,30.1,0,0
7545,Female,8,15,92.6,30.6,4,8600,3.4,No Schooling,0,0,0,0,0,1,1.8,Medium,30.5,14.6,0,1
7546,Male,6,11,90.1,57.8,1,11400,2.4,Primary,0,0,1,1,0,1,3.5,Low,33.4,32.2,0,0
7547,Female,6,13,65.8,43.9,1,5900,1.6,No Schooling,0,0,1,0,0,1,4.4,Medium,36.0,29.4,0,0
7548,Male,9,13,86.7,76.0,1,3000,2.3,No Schooling,1,0,0,0,0,1,3.8,Low,30.0,11.5,1,0
7549,Male,8,14,91.1,42.3,1,12600,4.2,Higher Secondary,0,0,1,1,0,1,3.2,Medium,35.8,25.4,0,1
7550,Male,6,10,63.0,48.5,3,7300,1.7,Primary,0,0,1,0,0,1,5.9,Medium,45.8,29.5,0,0
7551,Female,7,13,88.9,55.3,3,3000,3.8,Higher Secondary,0,1,0,0,0,0,6.0,Medium,28.9,32.3,0,1
7552,Female,6,10,52.1,36.1,0,3000,0.3,Primary,0,0,0,0,0,1,1.1,Low,44.0,20.2,0,0
7553,Male,7,11,88.3,60.7,0,9700,1.1,Higher Secondary,0,0,1,0,0,1,2.6,Medium,34.3,26.4,1,0
7554,Male,7,11,67.9,42.6,0,12600,4.5,No Schooling,1,1,0,0,0,1,3.1,Low,23.2,37.2,0,1
7555,Female,6,12,73.9,48.5,3,17400,0.7,Primary,0,1,0,1,0,1,2.7,Medium,5.3,8.9,1,1
7556,Female,6,12,76.0,87.1,2,5500,3.8,Higher Secondary,0,0,0,1,0,1,4.7,Low,48.0,28.9,0,0
7557,Male,10,16,84.3,21.3,3,5100,2.6,Primary,0,0,0,0,0,1,2.9,Low,31.7,19.7,0,0
7558,Male,10,14,81.6,56.8,0,11700,2.6,No Schooling,0,1,0,0,0,1,5.8,Medium,38.5,21.9,0,1
7559,Female,6,11,93.1,79.7,1,4400,3.5,Secondary,0,1,1,0,0,1,2.4,Low,37.4,47.6,0,1
7560,Female,9,14,80.1,70.0,0,4500,1.0,Primary,0,1,0,0,0,0,4.4,Medium,35.3,51.9,2,0
7561,Female,6,13,69.5,18.5,0,9100,0.3,No Schooling,0,1,1,0,0,0,3.1,Low,29.5,24.7,1,1
7562,Male,9,15,79.6,68.6,2,9600,1.8,No Schooling,0,0,0,0,0,0,3.1,High,22.0,33.1,0,0
7563,Male,10,14,80.6,68.2,1,11700,0.4,Higher Secondary,0,0,1,0,0,1,4.4,High,31.1,39.8,0,0
7564,Male,8,12,80.4,32.5,0,8600,0.1,Higher Secondary,0,0,1,0,0,0,2.2,Medium,20.3,23.5,1,0
7565,Male,8,13,79.0,66.6,0,4000,1.3,No Schooling,1,0,0,0,0,1,2.5,Low,57.2,46.9,1,0
7566,Female,7,11,82.0,44.9,0,6200,1.0,Graduate,0,0,0,0,0,1,0.0,Medium,34.1,23.4,0,0
7567,Male,7,12,62.8,52.7,0,8400,0.6,No Schooling,0,0,1,0,0,1,3.6,Medium,31.1,12.4,1,0
7568,Female,8,15,96.5,85.1,0,19300,4.3,No Schooling,0,0,1,0,0,1,4.6,Medium,44.9,53.8,0,0
7569,Female,6,10,96.1,76.8,0,12900,4.9,Higher Secondary,0,0,0,0,0,0,4.1,Low,50.3,39.1,0,0
7570,Female,9,15,95.4,53.5,0,9000,0.9,Primary,0,1,0,0,0,1,1.7,Low,39.2,23.2,2,0
7571,Female,8,13,83.1,68.6,1,12500,1.5,Primary,1,0,1,0,0,1,5.7,Medium,62.7,66.7,0,0
7572,Female,6,12,61.8,87.4,1,19700,1.7,No Schooling,0,0,1,0,0,1,4.5,Low,54.6,45.7,0,0
7573,Male,8,14,91.6,65.6,0,3200,0.6,Secondary,0,0,0,0,0,0,3.0,Low,35.8,29.3,0,0
7574,Male,9,15,78.2,68.0,0,8200,0.2,Primary,0,0,0,0,0,1,4.5,Medium,45.7,15.8,1,0
7575,Male,8,13,81.9,40.9,2,3000,9.4,Higher Secondary,0,0,0,0,0,1,4.1,Medium,14.2,21.2,0,0
7576,Female,8,15,92.4,55.5,0,8100,1.5,No Schooling,0,0,1,0,0,0,4.0,Medium,58.2,19.1,0,0
7577,Female,10,15,70.9,72.7,0,5700,0.4,Primary,0,0,0,0,1,1,5.9,Low,30.5,20.9,0,0
7578,Male,6,10,90.4,34.5,0,20600,1.0,Secondary,1,0,1,0,0,0,2.9,Low,53.5,0.6,0,0
7579,Male,8,12,87.7,65.1,0,18000,3.4,Secondary,0,0,1,1,0,1,7.5,Medium,40.2,18.2,0,0
7580,Male,7,11,93.5,74.7,0,33700,0.3,Secondary,0,0,0,0,1,1,6.2,Medium,53.0,40.4,1,0
7581,Male,6,11,83.4,9.4,0,6600,1.1,Secondary,0,1,0,1,1,1,1.5,Medium,42.7,10.0,0,0
7582,Female,10,17,82.9,60.7,0,9600,1.9,Primary,0,0,0,0,0,1,2.9,Medium,31.2,19.8,1,0
7583,Male,7,11,88.8,56.2,0,7800,6.8,Primary,0,0,0,0,0,1,1.8,Medium,35.5,14.3,0,0
7584,Female,7,11,91.0,68.1,1,20400,2.4,No Schooling,1,0,1,0,0,0,4.6,Low,56.7,41.6,0,0
7585,Female,6,12,72.6,63.7,1,7900,1.6,Secondary,0,0,0,1,0,1,3.5,Low,27.5,22.3,2,0
7586,Male,10,16,95.5,49.1,0,4100,0.1,Secondary,0,1,1,0,0,1,4.8,Medium,41.8,18.5,0,0
7587,Male,10,16,70.6,32.5,0,3000,0.7,Primary,0,1,0,0,1,1,1.5,Low,29.1,37.6,0,0
7588,Female,6,10,80.6,53.5,0,19600,1.5,No Schooling,0,1,0,0,0,1,4.0,Medium,27.0,12.1,1,0
7589,Female,8,12,70.7,76.1,0,10200,3.7,Secondary,0,0,0,0,0,1,4.7,Low,36.1,40.8,1,0
7590,Male,6,11,84.6,43.9,4,9300,0.9,Secondary,0,0,0,0,0,1,3.3,High,14.2,14.7,0,0
7591,Male,9,15,84.6,60.3,0,23800,3.0,Graduate,0,0,0,1,1,1,4.2,Medium,50.6,23.2,0,0
7592,Female,8,14,95.2,67.3,1,9000,1.1,No Schooling,0,0,0,1,0,1,5.6,Medium,38.4,13.8,0,0
7593,Female,6,13,75.5,50.1,0,3000,2.1,No Schooling,0,0,0,0,1,1,3.8,Low,40.5,32.9,0,0
7594,Female,8,14,85.2,83.3,0,3400,0.3,Secondary,0,0,1,0,1,1,4.6,Low,31.6,31.3,1,0
7595,Female,10,15,66.1,33.7,0,12400,0.6,Graduate,0,0,0,0,1,1,0.7,High,32.7,38.6,0,0
7596,Female,7,13,89.6,52.8,0,13400,0.9,Higher Secondary,0,0,0,1,0,1,4.8,Low,34.9,52.9,0,0
7597,Male,6,11,74.4,83.9,0,38800,1.6,Higher Secondary,0,0,0,0,1,1,4.4,Medium,63.5,57.1,1,0
7598,Female,10,14,88.3,82.6,1,8600,4.3,Higher Secondary,0,0,1,0,1,1,4.7,Low,60.5,44.2,0,0
7599,Male,6,12,49.9,0.0,0,30900,4.4,Primary,1,0,1,0,0,1,0.3,High,34.4,41.4,0,0
7600,Female,8,13,91.0,8.1,0,3800,2.8,No Schooling,1,0,1,0,0,1,0.0,Medium,34.3,18.7,0,0
7601,Female,8,13,57.0,74.0,0,5000,1.1,Primary,0,1,0,0,0,1,3.3,High,35.7,45.2,0,0
7602,Female,7,13,72.4,46.5,1,3900,1.6,Secondary,0,1,1,0,0,1,3.1,Low,43.4,29.1,1,0
7603,Male,6,10,90.6,40.4,0,9800,5.1,No Schooling,0,0,0,0,0,1,2.4,Medium,46.4,38.7,0,1
7604,Female,6,10,85.0,27.6,1,19600,0.7,Secondary,0,0,0,0,0,1,0.9,Low,61.3,11.5,0,0
7605,Female,6,11,66.6,56.5,1,7500,5.2,Secondary,1,0,1,0,0,1,4.6,High,35.4,27.6,0,0
7606,Female,8,14,94.6,55.3,0,4400,1.3,Primary,0,0,0,1,0,0,5.2,Low,19.8,6.2,1,0
7607,Female,10,17,71.9,57.3,1,13200,0.2,Secondary,1,0,1,0,0,1,4.4,Medium,27.6,19.8,1,0
7608,Male,6,12,70.8,41.4,0,7800,1.8,Higher Secondary,1,0,1,0,0,1,3.3,High,43.9,39.0,0,0
7609,Male,9,14,95.1,60.3,0,13300,5.1,Secondary,0,0,1,0,0,1,0.3,Medium,48.8,26.2,0,0
7610,Female,7,12,74.9,76.9,0,8000,8.6,Primary,0,1,0,1,0,0,4.0,Low,49.5,41.4,0,0
7611,Female,6,11,69.2,73.4,4,7900,0.6,Higher Secondary,0,0,1,0,0,0,5.9,Low,20.6,25.6,2,1
7612,Female,8,13,95.8,70.3,0,35100,1.9,Primary,0,0,0,0,1,1,4.4,Medium,40.4,19.9,1,0
7613,Female,7,13,65.0,49.6,2,4100,3.8,Higher Secondary,0,0,0,1,1,1,3.9,Low,31.3,42.0,0,0
7614,Male,8,15,66.9,23.7,0,11400,3.4,Higher Secondary,0,0,0,1,0,1,3.4,High,17.4,27.5,0,0
7615,Male,7,13,72.1,61.3,2,14000,12.2,Primary,0,0,0,0,0,0,5.6,Low,37.2,4.1,0,0
7616,Female,9,14,90.5,68.1,2,17800,0.1,Higher Secondary,0,0,1,0,0,0,5.2,Medium,39.6,22.3,1,0
7617,Male,10,15,87.1,69.3,0,3900,1.1,No Schooling,1,1,1,0,0,1,6.5,Low,62.3,48.4,0,0
7618,Female,7,11,92.8,100.0,0,11200,4.9,Secondary,0,0,1,0,1,1,5.1,Low,49.7,38.3,0,0
7619,Female,10,17,98.8,73.4,0,6100,0.3,Primary,0,0,0,0,0,1,4.8,Low,48.4,27.3,0,0
7620,Female,6,13,85.8,50.9,0,8000,5.4,Primary,1,0,1,0,0,1,3.2,Low,51.2,42.4,0,1
7621,Male,6,10,80.5,73.8,4,6200,1.1,No Schooling,0,0,0,1,0,1,2.7,Medium,46.3,47.4,1,0
7622,Female,6,10,71.1,59.4,0,5800,0.1,Secondary,0,0,1,0,0,0,3.5,Medium,38.5,31.1,1,0
7623,Male,9,13,91.5,30.9,0,24900,1.4,Graduate,0,0,1,0,0,1,2.4,Medium,41.7,31.2,1,0
7624,Male,9,16,95.9,74.7,0,17100,2.8,Secondary,0,0,0,0,0,1,5.1,Low,64.5,39.4,0,0
7625,Male,10,14,98.2,100.0,1,3200,0.6,Secondary,0,0,1,0,1,1,7.2,Medium,47.0,60.4,0,0
7626,Male,9,13,88.5,70.0,0,6900,4.7,Secondary,0,0,0,0,1,1,2.8,Medium,52.7,34.0,0,0
7627,Female,7,12,83.7,89.7,0,7700,0.7,Primary,0,0,0,0,0,0,8.0,Low,52.8,26.7,0,0
7628,Female,10,15,86.1,87.2,2,21700,1.4,Secondary,0,0,1,0,0,1,3.5,Medium,50.1,40.3,1,0
7629,Male,10,15,74.3,99.3,0,3700,0.8,Higher Secondary,0,0,1,0,1,0,6.1,Low,68.7,3.9,1,0
7630,Female,9,15,78.2,77.9,2,5100,2.2,Primary,0,1,0,0,0,1,4.3,Low,43.9,20.7,1,0
7631,Male,8,12,93.9,85.6,2,4900,3.8,Graduate,0,0,1,0,0,1,3.0,Low,55.9,21.6,0,0
7632,Female,10,14,55.3,70.9,1,3000,7.2,Secondary,0,0,1,0,1,1,5.5,Medium,51.2,29.6,0,1
7633,Female,6,10,69.9,64.3,2,3000,3.5,Secondary,0,0,1,0,1,1,4.4,Medium,52.3,39.6,0,0
7634,Female,10,16,88.2,81.8,1,9800,4.6,Higher Secondary,0,0,1,0,0,1,6.5,High,56.2,36.8,0,0
7635,Male,10,16,70.9,48.6,0,4900,7.9,No Schooling,0,0,0,0,0,1,0.7,Low,26.1,17.0,0,1
7636,Male,9,14,74.1,78.2,2,9600,1.2,Graduate,0,1,0,0,0,1,2.6,Medium,43.9,8.4,0,0
7637,Male,6,13,84.6,55.3,1,3000,1.2,Higher Secondary,1,0,1,1,0,1,3.2,Low,41.7,33.8,1,1
7638,Female,6,12,80.8,40.8,0,3700,0.5,No Schooling,0,0,1,0,0,1,4.8,High,63.0,29.9,2,0
7639,Female,10,17,79.6,40.6,0,6000,2.8,No Schooling,0,0,0,0,1,1,3.4,Low,43.9,53.0,0,0
7640,Male,10,17,79.7,91.8,0,3000,2.6,No Schooling,0,0,0,1,1,1,4.7,Medium,44.8,31.9,0,0
7641,Male,9,14,78.9,68.5,1,6600,6.8,Higher Secondary,0,0,0,0,1,1,4.8,Low,20.7,32.1,1,0
7642,Female,10,16,83.3,77.1,0,6500,0.3,Secondary,0,0,0,0,0,1,6.1,Medium,26.8,39.6,0,0
7643,Male,8,14,82.8,55.6,1,6100,2.9,No Schooling,0,0,1,0,0,1,4.1,Low,45.8,29.1,0,0
7644,Female,10,15,80.4,66.1,0,3100,6.2,Graduate,1,0,1,0,1,1,4.1,Low,58.0,36.4,0,0
7645,Female,6,12,88.2,85.4,0,18400,14.3,Secondary,0,0,1,0,0,1,4.6,Low,30.0,25.2,0,0
7646,Male,6,11,82.8,87.5,1,3500,5.9,Primary,0,0,0,0,0,1,4.9,Low,61.8,48.2,1,0
7647,Male,8,12,78.9,85.8,4,7100,14.7,Secondary,0,0,0,1,0,1,4.8,Medium,55.5,41.5,0,0
7648,Male,7,11,80.2,66.2,0,7200,1.2,Graduate,0,0,0,0,0,1,5.8,Low,58.1,33.2,0,0
7649,Male,8,13,98.8,51.4,1,8300,5.0,No Schooling,1,0,1,0,0,1,1.4,Low,44.0,39.9,0,0
7650,Female,9,16,94.4,48.3,0,3100,1.0,Higher Secondary,0,1,0,0,0,1,3.7,Medium,38.1,42.1,2,0
7651,Female,6,10,87.5,59.2,0,9800,2.8,Secondary,0,1,0,0,0,0,4.7,Low,28.7,15.9,1,0
7652,Male,9,15,88.6,77.1,0,4900,0.1,Primary,0,0,1,0,1,0,4.7,Low,47.3,27.0,0,0
7653,Female,6,10,78.1,53.4,0,11700,0.3,Secondary,0,0,0,0,0,1,5.0,Medium,26.2,42.5,0,0
7654,Male,10,16,83.9,82.7,0,15200,3.1,Secondary,0,0,1,0,0,0,5.3,Medium,41.5,48.5,0,0
7655,Male,6,10,42.1,39.4,1,8300,0.5,Higher Secondary,0,0,0,0,0,1,3.7,Low,46.8,14.4,0,0
7656,Female,9,14,63.1,64.0,3,5400,1.9,Primary,0,0,0,0,1,0,3.8,Low,37.9,33.9,1,0
7657,Female,8,15,55.0,84.8,0,24800,2.6,Higher Secondary,0,0,0,1,0,1,8.0,Low,34.6,29.7,1,0
7658,Female,7,12,84.8,74.8,0,10800,5.2,Secondary,0,0,0,0,0,1,2.8,Low,48.3,33.6,1,0
7659,Male,7,14,96.6,53.8,0,4700,2.9,No Schooling,0,0,0,0,0,0,1.8,Low,33.6,25.6,0,0
7660,Female,6,10,84.3,96.3,0,3600,1.5,Secondary,1,0,0,0,1,1,3.3,Medium,42.4,51.3,2,0
7661,Male,7,11,97.7,82.2,0,10500,0.3,Secondary,0,0,0,0,0,1,7.6,Low,52.0,29.2,0,0
7662,Female,6,10,97.3,69.9,3,6400,6.6,Primary,0,0,0,0,1,0,5.9,Low,42.5,21.7,0,0
7663,Female,6,10,64.8,49.3,0,3700,0.4,No Schooling,0,0,1,0,0,1,5.1,Medium,45.5,33.7,0,0
7664,Female,9,14,88.2,96.0,0,8600,0.1,Primary,0,0,0,0,0,0,2.8,Low,46.3,37.6,1,0
7665,Male,6,13,91.9,100.0,2,3400,8.6,Higher Secondary,0,0,0,1,0,1,7.9,Medium,83.7,54.8,0,0
7666,Male,7,11,72.8,57.1,1,8600,0.8,Higher Secondary,0,0,0,0,0,0,4.0,Low,58.0,33.4,0,0
7667,Female,7,12,77.1,80.0,1,9700,4.8,Primary,1,0,1,0,0,1,4.3,Low,26.5,32.3,0,0
7668,Male,8,12,87.7,77.1,1,4400,1.6,Higher Secondary,0,0,1,1,1,1,5.2,Medium,47.8,45.4,1,0
7669,Female,8,14,53.6,23.1,2,10200,1.1,Higher Secondary,0,0,0,0,0,1,3.2,Low,8.6,19.5,1,0
7670,Male,9,15,87.7,72.5,0,4700,2.1,Secondary,0,1,0,0,0,1,0.6,Medium,37.9,21.8,0,0
7671,Female,8,12,77.5,29.8,0,7900,2.9,Higher Secondary,1,0,0,0,0,0,3.2,Low,22.6,25.0,0,0
7672,Male,8,13,79.3,49.6,0,3000,2.6,Secondary,0,0,0,1,0,1,4.8,Low,26.6,3.5,0,0
7673,Female,7,11,72.9,95.7,4,8500,0.2,Secondary,0,0,0,0,0,1,4.3,Low,50.6,43.9,0,0
7674,Male,7,12,85.8,35.2,3,16900,2.4,Primary,0,1,1,0,1,1,5.1,Low,15.0,34.3,0,1
7675,Male,9,14,87.8,100.0,1,3000,2.3,Primary,1,0,1,0,1,1,5.8,Low,48.6,44.8,0,0
7676,Female,7,14,87.1,92.3,0,13400,3.0,No Schooling,0,0,1,0,1,1,3.9,Low,58.7,20.0,0,0
7677,Male,10,14,68.0,38.0,1,5400,3.4,Secondary,0,0,1,0,0,1,4.5,Low,8.8,13.0,0,0
7678,Female,8,14,61.9,65.2,0,15000,0.5,Primary,0,0,0,0,0,1,6.7,Low,29.8,11.4,0,0
7679,Female,9,16,86.1,62.5,1,27000,0.1,Primary,1,0,1,1,1,1,3.5,Low,61.6,54.0,0,0
7680,Female,8,12,77.1,63.3,1,8600,3.4,Primary,0,0,0,0,0,1,4.4,Low,56.2,36.7,2,0
7681,Female,10,17,84.9,90.8,1,11800,0.8,Secondary,0,0,0,0,0,0,8.0,Low,46.0,29.3,1,0
7682,Female,7,14,91.2,41.5,0,10400,4.2,Graduate,0,0,0,1,0,0,2.2,High,45.1,12.9,2,0
7683,Male,7,12,45.5,60.6,0,15800,12.3,Primary,0,0,1,0,0,1,2.2,Low,27.9,32.6,0,0
7684,Female,10,15,79.0,89.1,0,6900,0.5,No Schooling,0,0,0,0,1,1,3.6,Medium,26.9,32.0,0,0
7685,Male,8,14,70.4,25.7,1,12900,0.6,Primary,0,0,1,0,1,1,0.0,Low,54.0,32.5,0,1
7686,Female,8,14,79.2,69.0,0,4900,0.8,Primary,0,0,0,1,0,0,1.7,Low,31.8,40.2,0,0
7687,Male,7,14,77.2,88.0,2,17700,1.0,Higher Secondary,0,0,1,0,0,0,5.9,Low,35.4,44.5,1,1
7688,Female,7,14,86.4,92.5,4,3800,1.0,No Schooling,0,0,1,1,0,1,7.9,Medium,44.5,51.2,0,1
7689,Male,9,14,91.1,63.7,0,5800,7.0,Secondary,1,0,0,0,0,1,6.1,Low,25.8,33.6,0,0
7690,Male,7,11,66.0,84.8,0,5200,2.2,Graduate,0,0,1,0,0,1,5.5,Low,41.5,20.8,0,0
7691,Male,6,11,85.3,100.0,1,10500,4.8,Graduate,0,0,0,1,0,1,6.5,Low,52.7,42.8,1,0
7692,Male,6,12,75.2,67.4,0,13800,3.1,Primary,0,0,1,0,0,1,6.6,Low,48.4,24.0,0,0
7693,Male,10,17,45.8,55.7,0,11700,1.3,No Schooling,1,1,1,0,0,1,1.1,Low,42.5,47.3,0,0
7694,Male,8,13,95.5,74.3,0,5600,3.9,Secondary,0,0,0,1,1,1,4.6,Low,55.2,29.9,0,0
7695,Male,8,15,66.0,24.5,0,22500,1.0,Primary,0,0,0,0,0,0,0.8,Low,47.5,14.2,0,0
7696,Female,10,14,82.6,54.6,4,18300,0.5,Secondary,1,1,0,0,1,0,3.4,Medium,36.9,45.7,0,1
7697,Male,7,13,63.6,56.9,1,9700,0.6,Primary,0,0,1,1,0,1,0.6,Medium,28.1,45.4,0,0
7698,Female,9,14,81.2,63.8,3,5300,0.4,Secondary,0,0,1,0,1,1,5.6,Low,40.4,29.5,0,0
7699,Male,9,15,67.5,79.9,0,3100,0.2,Primary,0,0,0,0,0,1,6.0,Low,42.9,37.3,0,0
7700,Female,8,13,98.6,81.5,0,13200,0.1,No Schooling,0,0,0,0,1,1,7.5,Low,37.0,48.7,2,0
7701,Male,9,16,86.4,50.7,0,6500,2.9,Graduate,0,0,1,0,1,1,3.1,Low,51.5,40.0,0,0
7702,Female,10,14,69.4,99.7,1,15800,4.7,Higher Secondary,0,0,0,0,1,0,6.8,High,44.1,34.4,0,0
7703,Female,6,13,80.8,68.4,2,16600,1.0,Secondary,0,0,0,0,1,1,5.9,Low,46.1,18.0,1,0
7704,Female,6,11,89.3,84.0,4,5900,1.2,No Schooling,0,0,0,1,0,1,2.6,Low,55.8,37.1,0,0
7705,Male,10,16,88.0,67.5,0,8200,9.4,Higher Secondary,0,0,0,0,1,1,4.3,Medium,28.2,30.0,0,0
7706,Male,7,12,72.3,40.2,0,7900,12.4,No Schooling,0,0,0,1,0,1,3.7,Medium,21.2,11.7,0,1
7707,Male,8,13,72.9,46.8,0,22300,1.0,Primary,0,0,1,0,0,1,0.9,Medium,50.2,29.0,0,0
7708,Male,7,12,82.4,23.1,0,6300,5.9,Graduate,1,0,0,0,1,1,2.6,Low,49.2,26.3,1,0
7709,Male,10,15,60.9,4.2,1,12800,1.1,Primary,0,0,1,0,0,0,1.3,Low,26.9,4.2,0,1
7710,Female,9,13,88.6,65.4,1,8500,3.7,No Schooling,1,0,0,1,0,1,5.4,Low,35.3,40.8,0,0
7711,Male,10,15,91.1,100.0,1,23900,6.0,Secondary,0,0,1,1,0,1,7.5,Low,66.0,52.4,0,0
7712,Female,8,13,93.5,47.6,4,5100,1.9,Secondary,1,1,1,0,0,1,2.7,Medium,42.9,16.9,1,1
7713,Male,10,16,72.4,5.4,2,3900,1.1,Primary,0,0,0,0,1,1,0.9,Low,24.9,19.5,0,1
7714,Male,8,13,96.2,76.9,0,38160,7.8,Secondary,0,0,1,0,0,1,3.2,Low,56.1,23.6,0,0
7715,Male,8,14,56.4,35.1,0,9100,1.6,Secondary,1,0,1,0,1,1,3.2,Low,41.7,25.3,0,0
7716,Male,9,14,80.0,92.7,2,9600,6.8,Primary,0,0,0,0,0,0,4.2,Medium,48.7,51.1,0,0
7717,Female,8,13,73.1,74.6,0,7000,1.6,No Schooling,0,0,1,0,0,1,4.3,Low,44.9,19.4,1,1
7718,Female,8,14,95.6,80.2,0,15300,3.9,Secondary,0,0,0,0,1,1,7.4,Medium,54.9,34.6,0,0
7719,Female,7,13,83.5,67.9,0,23500,4.2,Primary,0,1,0,0,0,0,3.8,Medium,39.9,19.1,0,0
7720,Male,7,14,98.4,4.5,0,4700,4.1,Secondary,0,0,1,0,1,1,4.5,Low,56.4,48.8,0,0
7721,Male,9,14,75.7,25.9,0,6900,0.3,Graduate,0,0,1,1,0,1,1.9,Low,57.8,27.3,0,0
7722,Female,6,10,66.9,39.9,0,3000,0.4,No Schooling,0,0,0,0,0,0,2.5,Medium,33.6,13.5,0,0
7723,Male,9,15,79.5,50.7,1,8400,4.6,Secondary,0,0,1,0,1,1,2.3,Low,48.8,24.1,0,0
7724,Male,7,12,82.6,34.1,0,5200,5.2,No Schooling,1,0,0,0,0,1,0.0,Low,25.0,6.0,1,1
7725,Female,7,11,50.3,30.2,3,6000,0.8,No Schooling,0,0,1,0,0,1,1.0,High,33.2,8.8,1,1
7726,Male,9,16,87.4,65.5,1,7300,3.5,Graduate,0,0,0,0,0,1,1.0,Low,52.5,35.4,0,0
7727,Male,6,12,57.3,73.6,0,11300,6.8,Higher Secondary,0,1,0,0,0,1,6.4,Low,33.2,37.7,0,0
7728,Male,10,16,90.7,38.7,2,6700,7.6,No Schooling,0,0,1,0,0,1,0.7,High,23.4,31.5,1,0
7729,Female,10,16,67.6,25.4,3,32000,3.6,Primary,0,0,0,0,0,1,0.6,Low,27.1,30.0,0,1
7730,Male,8,15,69.1,63.8,0,7500,8.4,No Schooling,0,0,0,0,1,1,3.8,Low,45.6,10.9,0,0
7731,Female,7,13,62.1,52.5,0,3000,4.8,Secondary,1,0,0,0,0,1,6.9,High,41.6,40.4,1,0
7732,Male,6,12,74.9,70.1,3,4700,2.0,Graduate,1,0,0,1,0,1,4.4,High,57.4,32.8,1,1
7733,Male,9,16,66.1,70.2,0,12200,1.9,Primary,0,0,0,0,0,1,4.4,Medium,28.6,34.1,0,0
7734,Male,6,12,89.4,76.6,2,12500,0.1,Primary,0,1,0,0,0,1,1.4,Medium,42.5,49.3,0,0
7735,Female,10,16,97.2,55.9,0,7800,0.3,Primary,0,0,1,1,0,1,7.3,Low,39.8,25.4,0,0
7736,Male,10,14,84.4,58.5,0,7800,0.1,Graduate,0,0,1,1,1,1,5.5,Medium,49.9,28.8,0,0
7737,Female,6,11,65.7,53.7,1,8900,2.1,Graduate,0,0,0,0,0,0,3.8,Low,53.1,14.7,0,0
7738,Male,9,14,87.9,39.8,0,12500,3.8,Primary,0,1,0,0,1,1,4.6,Low,41.2,13.6,0,0
7739,Male,8,15,72.4,70.1,2,7600,0.7,No Schooling,0,0,0,0,1,0,1.3,Low,27.0,52.7,1,1
7740,Male,8,14,90.6,69.6,1,3200,3.1,Secondary,0,0,0,0,0,1,6.2,Low,38.0,25.7,0,0
7741,Male,6,12,82.2,88.9,3,4700,3.3,Secondary,0,1,0,0,0,0,3.1,Low,37.0,44.3,1,1
7742,Male,9,15,87.7,26.7,0,5200,0.1,No Schooling,1,0,0,1,1,1,1.6,High,59.8,1.0,0,0
7743,Female,6,12,93.9,72.1,0,3400,2.0,Higher Secondary,1,1,1,0,1,1,6.3,High,52.9,38.8,0,0
7744,Female,10,17,78.0,17.0,0,3300,3.1,Graduate,0,1,0,0,0,1,6.0,Low,28.3,16.0,0,0
7745,Female,8,12,59.6,33.8,1,9800,0.2,No Schooling,0,0,1,0,1,1,3.1,Low,49.2,25.2,1,0
7746,Female,9,16,77.8,87.0,0,7500,0.2,No Schooling,0,0,0,0,0,0,8.0,Low,38.1,14.9,0,0
7747,Female,10,17,88.2,84.9,0,12500,1.6,Higher Secondary,0,0,0,0,0,1,6.5,Low,60.3,46.0,0,0
7748,Female,9,13,75.7,83.2,0,26100,4.8,Primary,0,0,0,0,0,1,4.4,Low,59.3,41.1,0,0
7749,Male,8,14,86.6,69.3,0,13100,3.2,Primary,1,0,1,0,0,0,4.9,High,21.3,51.7,0,0
7750,Female,7,12,80.5,81.3,0,12300,3.5,Primary,0,0,0,0,1,1,8.0,Low,51.5,39.3,0,0
7751,Female,8,13,87.2,62.9,0,3000,1.6,No Schooling,1,1,0,0,1,1,1.7,Low,59.4,40.0,1,0
7752,Male,7,14,64.2,49.4,0,11500,8.1,Secondary,0,0,0,0,1,1,3.3,Low,47.6,39.6,0,0
7753,Female,10,15,94.0,59.0,1,7500,3.7,No Schooling,0,0,0,0,0,1,6.6,Low,41.8,38.3,0,0
7754,Female,7,14,91.8,100.0,2,17500,0.2,Graduate,0,0,0,0,0,0,5.5,Low,38.1,40.6,2,0
7755,Male,7,13,97.4,100.0,0,3200,0.3,No Schooling,0,0,0,1,0,1,6.0,Medium,35.6,42.8,0,0
7756,Female,9,16,87.4,73.4,0,46577,3.3,Secondary,0,0,0,0,0,1,3.1,Low,36.5,33.8,1,0
7757,Male,7,13,90.9,50.6,1,5100,6.6,Graduate,0,0,0,0,0,1,4.9,Medium,32.1,25.1,1,0
7758,Male,10,16,75.9,54.8,2,3800,3.1,Secondary,1,0,0,0,0,1,3.8,Low,23.9,20.3,0,0
7759,Male,7,11,75.5,65.4,0,32000,0.1,Graduate,0,0,1,0,0,0,7.3,High,41.7,50.2,0,0
7760,Female,6,13,83.3,68.0,2,8100,3.8,Higher Secondary,0,0,0,0,0,1,2.4,High,54.7,39.2,0,0
7761,Male,8,14,79.0,78.3,0,7200,1.5,No Schooling,1,0,0,0,0,1,3.7,Low,54.5,35.5,0,0
7762,Female,8,13,73.6,71.6,1,5300,6.6,No Schooling,0,0,1,0,0,0,7.0,Low,28.1,44.3,0,0
7763,Male,10,15,72.5,62.9,0,6200,0.9,Primary,0,1,0,0,1,1,6.0,High,43.5,22.9,0,0
7764,Male,7,11,57.6,98.5,1,5800,5.4,Primary,0,0,1,0,0,1,4.3,Low,40.5,24.9,1,0
7765,Female,6,11,83.0,71.6,1,6500,6.2,Graduate,0,0,1,0,1,1,8.0,Low,61.7,22.0,0,0
7766,Male,7,11,89.7,99.7,0,7000,1.1,Primary,0,0,0,0,0,1,7.6,Low,55.0,73.7,1,0
7767,Female,7,14,77.5,34.8,4,6500,1.5,Secondary,1,0,0,0,0,1,3.5,Medium,33.3,12.9,0,1
7768,Male,8,13,76.7,87.5,3,3600,0.9,No Schooling,0,0,0,0,1,1,4.4,Low,51.2,22.5,1,0
7769,Female,7,13,81.1,61.1,0,7800,1.1,Secondary,0,0,0,0,1,1,5.4,Medium,56.9,15.2,0,0
7770,Female,8,15,95.0,58.9,0,9300,2.5,Higher Secondary,0,0,1,0,0,1,6.0,Medium,27.5,23.1,0,0
7771,Male,10,17,65.6,54.3,0,13300,0.6,Primary,0,1,0,0,0,1,2.9,Low,41.4,26.1,0,0
7772,Male,7,12,97.0,74.6,0,16500,4.4,Primary,0,0,0,0,0,1,1.2,Low,51.1,78.0,1,0
7773,Male,9,13,62.0,34.9,1,6200,4.8,Secondary,0,0,1,0,0,0,6.0,High,32.0,22.3,0,0
7774,Female,7,13,87.2,36.5,0,9800,0.4,No Schooling,0,1,0,0,0,0,4.9,Low,32.7,29.3,0,1
7775,Female,9,16,78.7,43.4,1,13000,2.4,Primary,0,0,1,0,0,0,3.5,Low,40.9,28.2,1,1
7776,Male,7,12,77.8,72.5,1,5200,0.7,Primary,1,1,0,0,1,0,2.7,Low,34.0,27.7,0,0
7777,Male,8,12,63.6,11.0,0,9000,2.8,No Schooling,0,0,0,0,1,1,3.0,Medium,12.7,25.0,0,0
7778,Female,7,13,90.5,93.9,0,9700,0.6,Graduate,0,0,1,0,1,0,5.4,High,59.1,44.8,0,0
7779,Male,6,12,90.4,100.0,0,3000,1.1,Primary,1,0,1,0,0,1,4.3,Medium,35.2,34.6,0,0
7780,Female,7,11,69.6,59.1,0,7700,2.7,Primary,1,0,1,0,0,1,1.4,Low,42.8,39.3,0,0
7781,Female,6,10,92.8,91.5,0,8500,0.7,No Schooling,0,0,1,0,0,1,6.9,Low,47.1,29.5,1,0
7782,Male,10,16,78.2,47.3,0,4800,3.6,Graduate,0,0,0,0,0,0,5.2,Medium,63.8,38.7,0,0
7783,Male,7,11,88.8,63.5,0,14900,0.3,Secondary,0,0,1,0,0,1,7.0,Low,28.4,43.6,0,0
7784,Male,10,14,78.8,71.4,0,26200,2.1,No Schooling,0,0,1,0,1,1,4.9,Low,30.9,64.7,0,0
7785,Male,8,13,63.6,46.8,0,9900,0.7,Secondary,0,0,0,1,0,1,3.6,Low,36.2,54.6,0,0
7786,Female,7,12,46.4,67.0,1,3400,6.3,Primary,0,0,0,0,1,1,5.1,Low,25.8,49.9,0,1
7787,Female,7,14,88.1,100.0,1,6700,2.5,Higher Secondary,0,0,1,0,0,1,6.4,High,43.8,45.4,0,0
7788,Female,6,11,58.9,40.6,0,4200,0.7,No Schooling,0,0,0,0,0,1,2.1,High,47.0,28.1,1,0
7789,Female,10,17,81.7,91.1,0,32200,2.8,Primary,0,0,1,0,1,1,3.9,Low,54.3,17.9,0,0
7790,Male,6,12,79.6,56.4,0,5400,0.2,Secondary,0,0,0,0,0,1,3.8,Medium,38.0,20.9,0,0
7791,Female,10,15,81.3,53.5,1,8900,1.1,No Schooling,1,0,0,0,0,1,6.1,High,26.3,33.8,0,0
7792,Male,6,12,81.0,35.1,0,16900,0.9,Higher Secondary,0,1,0,0,1,1,3.8,Low,18.4,19.4,0,0
7793,Male,7,11,77.1,0.0,0,4400,0.3,Higher Secondary,0,0,1,0,0,1,0.0,Low,32.1,6.4,0,0
7794,Male,6,13,84.1,15.0,1,4700,1.3,Primary,1,0,0,0,0,1,1.6,Low,39.2,26.2,0,1
7795,Female,9,14,69.2,86.9,0,18500,7.6,Higher Secondary,0,0,1,0,0,1,4.8,Medium,37.9,36.9,1,0
7796,Female,8,15,96.4,90.9,0,18100,2.1,Primary,0,0,0,1,1,0,6.5,Low,54.4,43.4,0,0
7797,Male,10,16,90.9,62.2,0,4000,0.1,Secondary,0,0,0,0,0,0,4.5,Low,49.8,46.5,0,0
7798,Female,7,12,63.5,81.6,3,3900,0.4,No Schooling,0,0,0,1,0,1,6.1,Low,42.2,47.8,0,0
7799,Male,6,11,65.9,9.3,0,11800,0.3,Primary,0,0,1,1,0,1,1.9,Medium,12.3,6.2,0,1
7800,Male,9,13,83.4,61.3,0,11700,2.2,No Schooling,0,0,0,0,0,1,2.8,Low,49.4,41.4,0,0
7801,Male,8,14,83.2,57.2,0,5300,0.6,Secondary,1,0,0,0,1,0,5.5,Low,55.2,27.5,0,0
7802,Female,10,14,71.6,76.9,0,9600,0.2,Secondary,0,0,0,0,0,0,7.7,Low,30.6,20.7,0,1
7803,Male,7,13,90.0,100.0,1,3600,1.9,No Schooling,0,0,1,0,0,1,5.3,Low,42.1,41.0,0,0
7804,Male,9,13,94.5,58.1,0,11300,1.6,Higher Secondary,0,0,1,0,0,1,2.5,Medium,43.1,45.2,1,0
7805,Male,6,10,90.2,71.0,0,9400,0.9,Secondary,1,0,0,0,0,0,5.2,Low,36.0,19.1,0,0
7806,Female,10,14,79.8,89.8,0,3000,0.2,No Schooling,0,0,0,1,0,1,7.7,Medium,50.0,51.7,1,0
7807,Female,6,10,75.5,100.0,0,6100,0.3,Higher Secondary,0,0,1,0,1,1,6.4,Low,35.3,46.6,0,0
7808,Male,10,17,79.0,92.5,5,6300,4.1,Primary,0,0,1,0,0,1,6.5,Low,34.5,25.0,0,0
7809,Female,6,13,95.6,52.9,2,12300,0.4,No Schooling,0,0,1,0,0,1,1.2,Low,46.8,25.0,1,0
7810,Male,9,16,88.1,88.8,0,3900,0.4,No Schooling,1,0,0,0,1,1,4.6,Low,51.9,35.6,0,0
7811,Male,10,16,64.1,39.2,1,17200,0.3,Graduate,1,0,1,0,0,1,4.1,Low,25.8,15.8,0,0
7812,Female,10,14,86.4,86.2,0,8200,2.1,Secondary,0,0,0,0,1,1,3.9,Low,34.5,41.6,0,1
7813,Female,8,15,85.9,73.6,1,16500,8.3,Graduate,0,0,0,0,0,1,4.5,Low,25.9,41.7,0,1
7814,Male,7,14,68.1,32.2,3,3000,0.8,Graduate,0,0,0,1,0,0,2.5,Medium,33.6,17.1,0,1
7815,Female,10,14,95.0,100.0,0,9600,0.4,Primary,1,0,1,0,0,1,4.8,Low,44.2,36.8,0,0
7816,Male,8,15,88.4,97.3,1,8900,5.1,Primary,1,0,0,0,1,1,6.7,Low,49.6,79.5,1,0
7817,Female,8,15,84.4,75.4,0,9200,1.7,Secondary,1,0,0,0,0,1,5.9,Low,47.9,0.0,1,0
7818,Female,7,12,74.7,75.5,0,10100,2.3,Primary,0,0,0,0,0,1,6.8,Low,53.2,73.7,2,0
7819,Female,8,14,81.0,48.3,0,9600,2.8,No Schooling,0,0,0,1,0,1,4.7,Medium,57.0,29.4,1,0
7820,Male,7,14,69.9,71.1,0,3000,3.3,Primary,0,0,0,0,0,1,3.6,Low,44.3,32.8,0,0
7821,Female,9,14,91.4,100.0,0,25500,0.7,No Schooling,0,1,0,1,0,1,6.8,Medium,40.1,43.3,1,0
7822,Female,6,13,86.8,100.0,1,5100,0.1,Primary,0,0,0,0,1,1,6.2,Medium,42.6,48.9,0,0
7823,Male,7,12,91.2,61.0,0,5300,1.5,Primary,0,0,1,0,0,1,5.5,High,38.8,19.9,0,0
7824,Male,10,17,81.3,31.3,1,8400,2.9,No Schooling,0,0,0,0,1,0,4.8,Low,17.3,39.0,1,1
7825,Female,8,12,89.0,62.3,1,11300,0.8,Secondary,0,0,0,0,0,1,2.4,Medium,40.5,39.6,0,0
7826,Male,10,16,87.1,73.4,0,3200,3.9,Primary,1,0,0,0,0,1,4.8,High,25.7,36.5,1,0
7827,Female,7,13,83.9,67.2,1,3000,0.8,Higher Secondary,0,0,0,0,0,0,5.6,Medium,26.5,36.5,0,0
7828,Male,8,13,85.5,69.4,0,22700,2.1,Graduate,1,0,1,1,0,1,4.5,Low,41.6,38.3,0,0
7829,Female,8,13,79.6,75.1,0,6300,0.6,No Schooling,0,0,0,1,1,1,6.2,Low,40.4,33.4,1,0
7830,Male,7,11,68.0,81.5,0,10000,0.3,Graduate,0,0,0,0,0,1,2.3,Low,14.9,13.6,1,0
7831,Female,9,15,71.8,30.8,3,4000,3.3,Primary,0,0,1,0,0,1,1.8,Low,33.9,19.9,0,1
7832,Female,6,13,90.8,44.4,0,25000,4.2,No Schooling,1,0,1,1,0,1,4.8,Medium,61.6,18.8,0,0
7833,Male,8,14,65.9,33.6,0,14500,3.6,Primary,0,0,1,0,0,0,1.3,Low,64.3,17.7,0,0
7834,Female,6,11,70.9,57.4,0,5500,4.5,Primary,1,0,1,0,0,1,4.1,Low,44.5,16.4,0,0
7835,Female,8,14,73.8,100.0,2,23700,0.6,Primary,0,0,1,0,0,1,4.4,High,45.3,39.0,0,0
7836,Male,10,15,96.3,97.1,0,12900,1.0,No Schooling,0,0,0,0,0,0,8.0,Low,51.6,36.8,0,0
7837,Male,6,13,81.7,11.8,1,14300,0.3,Secondary,0,0,0,0,1,0,0.0,Low,24.9,11.8,1,0
7838,Female,8,13,73.3,82.5,0,15100,0.9,Graduate,0,0,1,0,0,1,5.0,Low,40.5,38.3,0,0
7839,Female,8,14,63.9,35.5,0,6200,10.1,Higher Secondary,0,0,1,1,0,1,2.9,Low,53.2,18.8,0,1
7840,Male,9,14,96.2,84.1,1,28600,0.5,Higher Secondary,0,0,1,0,0,1,5.2,Low,58.8,16.1,0,0
7841,Female,6,13,77.8,61.3,1,27700,0.1,Secondary,0,0,0,0,0,1,3.6,Low,29.9,8.8,0,0
7842,Male,7,11,63.1,50.5,0,28400,1.5,Graduate,0,0,0,0,0,1,4.1,Medium,41.3,23.4,0,0
7843,Male,9,15,79.9,42.4,1,3000,1.2,No Schooling,0,0,0,0,0,1,3.5,Medium,13.6,7.7,0,1
7844,Female,8,15,89.2,62.5,2,8300,1.5,Secondary,0,0,0,0,1,1,3.7,Low,31.4,23.6,0,1
7845,Male,9,14,69.4,66.3,0,10500,4.7,Primary,0,0,1,0,1,1,3.0,Low,37.8,35.3,0,1
7846,Male,7,13,88.7,48.7,0,6500,1.5,Secondary,1,0,0,0,1,1,3.3,Low,31.9,3.0,0,0
7847,Male,10,15,75.8,90.4,1,8200,10.8,Higher Secondary,0,0,1,0,0,1,7.9,Low,35.8,34.5,1,0
7848,Male,6,11,66.1,66.2,2,7900,5.9,Primary,0,0,0,0,0,0,4.3,Low,44.1,18.2,0,0
7849,Male,6,13,81.9,67.5,2,20800,0.6,Primary,0,1,1,1,0,0,3.3,Medium,55.6,24.2,1,0
7850,Female,8,13,96.1,61.5,1,18900,0.2,Higher Secondary,0,0,1,0,1,0,2.0,Medium,24.2,38.3,0,0
7851,Female,8,12,80.0,94.1,0,10400,1.0,Secondary,1,0,1,1,0,1,4.5,Medium,59.3,70.9,0,0
7852,Female,9,15,69.9,75.6,0,11100,1.6,Higher Secondary,0,0,1,0,1,1,2.4,Low,41.4,55.2,0,0
7853,Female,7,12,78.8,100.0,3,8300,0.5,Primary,0,0,0,0,0,0,3.6,Medium,43.4,29.2,0,1
7854,Male,7,14,80.4,39.9,1,33200,0.5,Primary,1,0,1,1,0,0,2.0,Medium,26.3,10.9,0,0
7855,Male,9,13,82.4,53.5,0,10600,15.0,Primary,0,0,1,0,0,1,2.1,Low,34.8,52.5,1,0
7856,Female,7,14,81.0,40.3,0,27600,4.7,Secondary,1,0,1,0,0,1,2.8,Medium,25.3,3.5,1,0
7857,Male,9,15,86.4,77.1,0,16100,2.5,Secondary,0,1,0,0,0,1,5.5,Low,39.4,38.3,0,0
7858,Male,9,16,87.4,43.9,3,12300,2.7,Primary,0,0,1,1,0,1,4.5,Low,25.0,23.9,0,0
7859,Female,6,11,77.0,40.2,0,3000,3.8,Secondary,1,0,1,1,0,1,1.5,Low,36.6,24.1,0,0
7860,Female,9,14,74.2,45.6,2,19300,0.6,No Schooling,0,0,0,0,0,1,5.8,Medium,39.3,38.0,0,0
7861,Female,10,15,82.4,24.6,1,3000,0.1,Higher Secondary,0,0,1,0,0,1,4.2,High,24.7,16.8,1,0
7862,Male,9,16,96.4,33.4,0,7100,0.6,Primary,0,1,0,0,1,1,2.6,Low,25.3,16.8,0,0
7863,Male,6,10,81.6,57.6,3,3100,1.2,No Schooling,0,0,0,0,0,1,3.4,Low,44.3,22.3,0,0
7864,Male,8,14,76.6,100.0,0,16200,1.4,Graduate,0,0,1,0,1,1,6.2,Low,44.6,44.4,0,0
7865,Female,10,15,86.4,77.0,0,6100,4.7,Higher Secondary,0,0,0,0,0,1,5.4,Low,52.0,50.8,1,0
7866,Male,8,14,65.3,64.3,1,12900,1.8,Primary,0,0,0,0,0,1,5.3,Low,46.2,21.0,0,0
7867,Male,7,14,65.4,81.7,3,3000,5.3,Secondary,0,0,1,0,0,1,2.8,High,34.0,27.0,0,1
7868,Male,6,12,83.0,71.6,0,15300,0.9,Secondary,0,0,0,0,1,1,3.1,High,29.1,26.6,0,0
7869,Female,9,13,82.6,56.2,0,14600,0.5,Secondary,1,0,0,1,0,1,3.5,Medium,56.4,27.5,0,0
7870,Female,9,14,71.7,33.5,0,4000,0.5,Primary,0,0,0,0,0,1,2.6,High,37.2,25.2,2,0
7871,Male,10,14,86.3,44.9,3,5600,1.0,Primary,0,1,1,0,0,1,3.7,Low,9.9,22.8,1,1
7872,Male,10,15,81.5,85.6,2,20800,0.4,Higher Secondary,1,0,1,0,0,1,4.3,High,22.3,42.4,0,0
7873,Male,7,11,80.7,70.1,4,9900,0.8,Primary,0,0,0,0,1,0,6.0,Low,44.1,42.5,0,1
7874,Male,8,14,87.2,79.9,2,14800,4.5,Graduate,0,0,1,0,0,1,4.5,Medium,37.6,26.8,0,0
7875,Female,6,12,80.7,80.9,0,3000,3.0,Higher Secondary,1,0,0,0,0,1,7.4,Low,37.6,26.5,2,0
7876,Male,6,11,81.4,59.1,0,7300,8.6,Primary,0,0,0,0,0,1,3.0,Medium,37.6,27.7,0,0
7877,Female,6,13,59.3,23.2,1,16800,1.7,Primary,0,1,0,0,0,1,3.5,Medium,40.1,14.5,0,1
7878,Female,10,16,82.8,54.7,3,4900,0.7,No Schooling,1,0,0,0,0,1,3.5,Low,41.2,21.7,1,1
7879,Female,6,12,88.0,66.7,0,5200,2.4,Secondary,0,0,1,1,0,1,3.9,Low,50.0,39.8,0,0
7880,Female,8,13,79.1,65.7,0,8100,0.9,Primary,0,0,0,0,1,0,2.3,Medium,21.2,25.0,0,0
7881,Male,8,13,77.1,66.0,2,4800,11.4,Secondary,0,1,0,0,0,1,3.6,High,49.0,23.0,0,1
7882,Male,7,13,83.2,36.9,0,22100,0.1,Secondary,0,1,1,0,0,1,0.8,Low,37.9,27.2,0,0
7883,Male,8,15,88.7,73.7,1,13500,4.1,Primary,1,0,0,0,1,1,3.6,Medium,46.2,29.7,0,0
7884,Female,6,13,90.4,10.0,0,8100,0.2,Primary,0,0,0,1,0,1,3.9,Low,33.5,58.9,1,0
7885,Male,7,14,90.1,59.0,1,35700,2.9,Graduate,0,0,0,0,0,1,4.9,Low,47.5,33.5,0,0
7886,Male,8,12,85.4,96.4,1,7500,2.1,Secondary,0,0,1,0,0,0,6.4,High,46.4,24.1,0,0
7887,Male,9,16,65.7,95.8,0,11600,0.2,Primary,0,0,0,0,1,1,6.1,High,30.6,51.2,0,0
7888,Male,9,13,81.4,58.8,0,4300,0.3,Primary,0,0,0,1,0,1,2.2,Medium,33.5,22.1,1,0
7889,Female,10,14,67.5,48.5,1,8000,8.4,Secondary,0,0,1,0,0,1,6.4,Low,34.2,32.8,0,0
7890,Female,7,13,91.9,54.2,3,13400,2.7,Higher Secondary,0,1,1,1,0,0,5.9,Low,51.5,26.8,0,0
7891,Female,6,11,65.5,37.3,0,13000,1.8,Secondary,0,0,1,0,1,1,4.2,Low,36.4,30.2,0,1
7892,Female,7,11,71.5,63.3,0,4400,4.9,Secondary,0,0,1,0,0,1,1.1,Low,33.2,24.8,1,0
7893,Male,10,14,68.1,45.8,2,3300,4.2,No Schooling,1,0,0,0,1,1,2.8,Low,35.1,21.3,0,0
7894,Male,6,10,89.6,56.3,0,8700,1.4,Higher Secondary,0,0,1,0,0,1,3.0,Medium,37.8,38.6,0,0
7895,Male,6,11,54.7,36.6,0,10800,0.6,Secondary,0,1,0,0,0,0,1.1,High,9.4,11.8,3,0
7896,Female,10,16,81.9,80.7,0,3000,6.4,Primary,0,0,1,1,0,1,4.8,Low,21.5,27.0,2,0
7897,Female,10,16,93.0,84.1,1,37200,0.9,Secondary,0,0,1,1,0,1,5.1,Low,57.6,45.7,0,0
7898,Male,6,10,80.8,37.5,0,10200,0.7,Secondary,0,1,1,1,0,1,3.1,Low,21.5,18.9,0,0
7899,Female,9,13,72.9,71.8,0,3000,0.8,No Schooling,0,1,0,1,1,0,2.4,Medium,52.6,54.7,0,0
7900,Male,7,13,95.2,92.2,0,11000,3.9,No Schooling,0,1,1,0,0,1,5.5,Medium,64.5,25.2,0,0
7901,Male,8,15,69.9,54.6,1,3000,0.1,No Schooling,1,1,1,0,0,1,4.9,Medium,25.9,31.1,1,1
7902,Female,8,12,82.6,60.6,0,4000,5.2,Primary,0,0,0,0,1,1,2.5,Low,34.3,28.1,1,0
7903,Female,10,15,79.6,54.0,0,11300,5.0,Primary,0,0,1,0,0,1,3.3,Low,62.9,33.0,1,0
7904,Female,6,10,78.3,76.1,1,3400,2.5,Primary,0,0,0,0,0,1,5.0,Low,48.9,12.0,1,0
7905,Female,9,14,83.6,81.3,0,4200,0.5,Graduate,1,1,1,0,1,1,3.6,Low,37.2,25.8,0,0
7906,Male,6,11,82.8,80.6,2,14900,1.4,Primary,1,0,1,0,0,1,5.9,Low,31.4,59.3,0,0
7907,Female,8,12,75.6,36.0,3,7600,11.3,Graduate,1,0,0,0,0,1,1.1,Medium,63.3,42.1,0,1
7908,Female,9,16,71.0,76.3,0,6000,1.3,Primary,1,0,0,0,0,1,1.9,Medium,30.1,25.3,0,0
7909,Male,9,16,84.0,46.8,0,7200,6.9,Higher Secondary,0,0,0,0,0,1,6.1,Medium,49.2,27.9,0,0
7910,Male,10,16,84.4,69.2,0,26900,1.5,Graduate,0,0,1,0,0,1,3.4,Low,35.3,21.1,0,0
7911,Female,9,16,83.2,69.4,2,14700,1.0,Secondary,1,0,0,0,0,0,3.9,Low,23.2,30.8,0,0
7912,Male,9,14,78.9,74.4,0,3100,2.4,No Schooling,0,0,1,0,0,1,1.6,Low,37.1,29.1,0,0
7913,Male,7,14,94.8,36.8,0,23300,0.5,Secondary,0,1,1,0,0,0,5.1,Medium,23.5,35.3,1,0
7914,Female,10,15,91.4,52.8,4,6100,3.3,Primary,0,0,0,1,0,1,4.2,High,37.7,25.1,0,0
7915,Female,8,13,72.8,62.1,1,7700,1.0,Higher Secondary,1,0,0,0,0,1,1.9,Low,44.2,25.8,0,0
7916,Female,7,13,70.4,64.6,0,4100,0.5,No Schooling,0,0,1,0,0,1,3.2,Low,44.1,30.3,1,0
7917,Female,8,14,82.1,81.9,3,5900,11.3,Graduate,0,0,1,0,1,1,4.6,Low,40.9,51.2,0,0
7918,Male,7,13,83.9,92.7,0,9300,1.0,Higher Secondary,0,0,0,0,0,1,3.5,Low,64.1,32.6,0,0
7919,Female,8,15,82.2,55.6,0,8600,0.2,Higher Secondary,0,0,1,0,1,1,2.4,Medium,39.2,34.9,0,0
7920,Male,7,12,90.3,65.1,0,27300,3.4,Higher Secondary,0,0,1,1,1,1,5.8,Low,49.1,35.7,0,0
7921,Female,7,13,74.8,79.7,1,3700,1.0,Primary,0,0,0,0,0,0,4.0,Low,67.5,40.7,0,0
7922,Male,10,14,94.3,74.7,1,7300,7.4,No Schooling,1,0,0,0,0,1,4.9,Medium,45.6,51.9,0,0
7923,Female,10,14,97.8,36.1,0,3000,3.6,Graduate,0,0,1,0,1,1,3.0,Medium,30.1,35.0,0,0
7924,Female,8,13,72.2,75.2,2,5400,1.8,Higher Secondary,0,0,1,0,0,1,4.0,High,52.5,40.2,1,0
7925,Female,10,16,90.0,63.7,0,16800,1.1,Primary,0,0,1,0,0,1,2.8,Low,35.0,34.7,0,0
7926,Male,7,13,83.5,72.0,0,23300,4.1,Secondary,0,0,0,0,1,1,5.2,Low,25.3,35.4,0,0
7927,Male,7,11,88.5,53.7,3,24700,6.6,No Schooling,0,0,0,0,0,1,1.6,Low,47.8,28.7,1,1
7928,Male,10,17,80.1,69.5,0,6200,14.1,Primary,0,1,0,0,1,1,4.6,Low,30.4,39.8,0,0
7929,Male,9,15,74.1,53.6,0,6500,1.5,Secondary,0,0,0,0,1,1,4.5,High,38.3,30.1,0,0
7930,Female,9,15,89.7,100.0,0,4100,1.3,Higher Secondary,1,0,0,0,1,1,6.3,Low,55.4,51.4,0,0
7931,Male,7,13,84.7,48.5,1,7100,0.1,No Schooling,0,0,1,0,0,0,1.7,Low,61.5,14.4,0,0
7932,Female,7,13,84.5,50.1,0,18500,0.4,No Schooling,0,0,1,0,1,0,1.3,Low,33.3,35.9,0,0
7933,Male,6,11,89.5,100.0,0,14500,0.2,Secondary,0,0,0,0,0,1,7.3,Low,46.6,59.8,0,0
7934,Male,10,15,75.8,82.8,0,5700,0.9,Secondary,0,0,0,0,0,1,6.8,Medium,35.8,49.7,0,0
7935,Female,7,11,72.1,63.1,2,6500,14.0,Primary,0,0,1,0,0,1,3.7,Low,59.4,29.1,0,1
7936,Male,8,14,77.4,48.8,0,6600,0.7,Primary,0,0,0,0,0,1,1.9,Low,41.5,31.2,0,0
7937,Male,6,10,88.8,47.0,1,5500,0.4,Primary,0,0,0,0,1,1,2.8,Low,27.4,39.6,1,0
7938,Male,9,15,94.3,57.9,0,9500,2.4,Secondary,0,0,0,0,0,1,2.3,Medium,30.6,58.4,0,0
7939,Male,7,12,84.1,37.7,1,13600,3.0,Primary,0,0,0,0,0,0,3.1,Low,51.4,39.2,0,0
7940,Female,9,13,74.2,58.7,0,40600,0.5,No Schooling,0,1,1,0,0,1,4.2,Low,52.6,15.9,0,0
7941,Male,8,13,81.1,53.1,1,8200,0.8,Graduate,0,0,1,0,1,1,3.9,Low,23.6,34.6,1,0
7942,Male,6,13,75.0,48.6,1,13200,0.1,Higher Secondary,1,0,1,0,1,1,2.6,Low,29.6,20.4,0,0
7943,Female,6,12,93.6,100.0,4,4000,2.0,No Schooling,0,0,0,0,1,1,6.0,Medium,50.9,36.5,1,0
7944,Male,6,11,76.7,29.5,1,8700,6.7,No Schooling,0,0,0,0,0,1,1.9,Medium,16.0,10.6,2,0
7945,Female,9,14,86.9,79.7,3,7300,3.5,Secondary,0,1,0,1,0,1,2.7,Low,61.5,35.3,0,1
7946,Male,10,16,85.0,72.0,3,12900,2.7,Graduate,0,1,0,0,1,1,6.6,Low,48.1,34.8,0,0
7947,Female,7,11,94.8,73.7,0,11400,1.1,No Schooling,0,0,0,0,0,1,3.8,Low,49.1,20.7,0,0
7948,Male,8,14,97.5,80.3,0,13100,4.6,Secondary,0,0,0,0,0,1,2.4,Low,28.0,11.9,0,0
7949,Male,7,11,72.3,78.0,0,7400,0.5,Secondary,0,0,1,0,0,1,5.6,Low,47.0,30.2,0,0
7950,Female,10,17,88.6,88.3,0,6400,1.5,No Schooling,0,0,0,0,0,0,7.1,Low,41.7,36.7,0,0
7951,Female,10,16,86.0,79.9,1,3500,3.0,Secondary,0,0,0,0,1,1,4.2,Medium,31.8,42.0,0,0
7952,Female,9,13,87.6,26.5,0,9400,0.1,No Schooling,0,0,0,0,1,1,2.1,Low,31.6,23.6,1,1
7953,Female,6,11,93.6,100.0,3,7600,8.4,Primary,0,1,1,1,1,1,6.8,Medium,47.8,45.7,0,1
7954,Male,8,15,93.7,98.2,1,21100,6.0,No Schooling,0,1,1,0,0,1,8.0,High,43.1,44.6,0,1
7955,Female,10,17,74.3,100.0,0,7200,0.7,Primary,0,0,1,1,1,0,5.9,High,33.6,27.1,0,0
7956,Female,7,11,65.5,27.0,2,5600,0.6,Secondary,1,0,0,0,0,1,1.2,Low,11.9,20.0,0,1
7957,Male,9,14,93.1,64.4,1,12100,6.4,No Schooling,0,0,1,0,0,1,3.6,Medium,37.3,27.8,0,0
7958,Male,10,14,81.2,68.8,0,3100,0.2,Higher Secondary,0,0,0,0,1,1,4.1,High,29.4,38.3,0,0
7959,Male,9,14,91.2,74.8,3,9900,0.2,No Schooling,1,0,1,0,1,1,2.3,Low,56.1,33.4,0,0
7960,Female,8,15,74.4,62.2,0,5200,2.4,Secondary,1,0,1,0,0,1,3.4,High,36.7,49.4,0,0
7961,Male,8,14,93.6,81.2,0,3500,5.7,Secondary,1,0,0,0,1,1,2.2,Low,33.6,38.5,0,0
7962,Male,10,15,80.0,41.0,2,8900,0.3,Primary,1,0,0,0,0,1,4.8,Medium,38.6,29.8,0,0
7963,Female,7,12,80.6,80.3,1,3000,3.0,Primary,0,0,0,1,0,1,2.0,Low,26.4,28.9,1,0
7964,Female,10,16,88.1,83.2,0,12100,2.4,Secondary,0,0,1,0,1,1,5.5,Medium,47.4,54.7,1,0
7965,Male,8,14,66.0,35.8,0,8600,3.2,Secondary,0,0,0,0,0,0,1.1,Low,42.9,32.4,0,0
7966,Female,9,14,75.6,34.8,3,5300,0.2,No Schooling,0,0,1,0,0,1,1.6,Low,35.2,20.2,0,0
7967,Male,10,15,68.2,57.1,0,15700,1.1,No Schooling,0,0,0,0,1,1,2.7,Low,40.8,50.1,0,0
7968,Female,8,15,56.8,35.9,1,11600,0.8,Primary,0,0,0,1,0,0,1.7,Medium,12.8,18.9,0,0
7969,Male,7,13,80.7,63.9,0,3300,0.1,No Schooling,0,0,0,1,1,1,7.7,Medium,37.4,22.6,0,0
7970,Male,6,13,91.0,72.8,2,12300,4.8,Secondary,0,0,1,1,0,0,5.4,Medium,51.9,45.5,1,0
7971,Female,9,16,95.1,85.4,0,11600,2.2,No Schooling,0,0,0,0,0,0,6.1,Medium,36.5,26.1,0,0
7972,Male,8,13,82.9,36.0,1,5900,7.3,Secondary,0,0,1,0,0,1,3.7,Low,17.1,20.2,1,1
7973,Female,7,14,69.1,45.9,5,6900,0.3,Secondary,0,0,1,0,0,1,3.1,Low,39.0,17.9,2,1
7974,Male,10,17,94.9,81.2,1,25600,0.5,Secondary,0,0,1,0,0,1,4.0,Medium,41.6,41.8,0,0
7975,Female,10,14,81.0,49.6,0,10800,3.5,No Schooling,1,0,1,0,1,0,2.2,Low,39.7,24.9,0,0
7976,Female,10,14,44.5,27.3,0,3400,7.4,No Schooling,0,0,1,0,0,0,3.1,Low,43.1,32.8,2,0
7977,Female,8,12,68.2,26.0,4,8900,0.6,Higher Secondary,0,0,0,0,1,1,1.0,Low,61.6,23.1,0,0
7978,Female,10,16,93.0,80.8,1,3000,0.6,Higher Secondary,0,0,1,1,0,1,5.3,Low,33.2,37.7,0,0
7979,Female,10,17,84.4,99.8,5,11600,0.4,Secondary,0,0,0,0,0,1,4.9,Low,28.7,42.2,0,1
7980,Male,6,13,73.3,40.0,0,5500,0.4,No Schooling,0,1,1,0,0,1,0.0,Medium,18.1,34.2,0,1
7981,Male,10,15,72.5,88.3,2,5900,0.1,No Schooling,0,0,0,0,0,1,5.2,High,37.3,59.0,0,0
7982,Female,8,14,59.2,44.0,0,4300,0.2,No Schooling,0,0,1,0,1,1,3.4,Low,21.7,5.6,0,0
7983,Female,10,14,84.4,54.5,0,6400,0.6,Primary,0,0,0,0,1,1,2.7,Low,29.0,33.8,0,0
7984,Female,9,15,78.7,86.6,1,9600,1.1,Higher Secondary,0,0,0,0,0,1,5.7,High,42.5,55.7,1,0
7985,Female,9,14,95.9,81.1,2,5200,0.9,No Schooling,0,0,1,0,1,0,5.6,Low,60.6,46.0,0,0
7986,Male,7,14,88.4,90.5,1,4800,6.1,Secondary,0,0,1,0,0,1,6.4,Low,42.1,48.0,0,0
7987,Female,6,13,68.2,63.7,0,8600,0.3,Higher Secondary,0,0,1,0,0,1,4.5,Low,44.1,33.0,1,0
7988,Female,7,13,77.2,60.0,0,6500,5.9,Secondary,0,0,0,0,0,1,4.2,Medium,38.2,21.5,0,0
7989,Female,9,15,77.1,75.3,2,6900,9.2,Primary,0,0,1,0,1,1,5.4,High,32.4,3.1,0,0
7990,Female,10,17,93.1,55.0,0,5000,8.9,Secondary,0,0,0,0,0,1,3.2,Low,28.2,25.3,1,0
7991,Female,6,11,78.5,100.0,1,4200,3.5,Secondary,0,0,1,0,1,1,2.7,High,26.9,49.0,0,0
7992,Female,6,10,74.1,53.7,2,7400,2.8,Secondary,1,0,0,0,0,1,2.2,Medium,29.8,32.5,2,1
7993,Male,9,15,87.0,67.3,1,13500,3.0,Secondary,0,0,1,0,0,1,3.4,Medium,55.3,42.4,0,0
7994,Female,7,12,94.1,81.9,0,7700,1.3,Graduate,0,0,0,0,1,0,4.5,Medium,40.5,41.4,0,0
7995,Male,6,12,79.4,77.5,2,6600,1.1,Graduate,0,0,0,1,1,1,6.2,Low,40.7,53.5,0,0
7996,Male,6,13,86.4,64.8,3,3000,1.9,No Schooling,0,0,0,0,0,1,4.4,Low,54.9,25.7,0,1
7997,Male,9,15,70.4,23.5,2,5800,0.2,Graduate,0,1,0,0,0,1,2.3,Low,35.0,17.0,0,0
7998,Male,8,13,77.3,100.0,0,5600,1.1,Secondary,0,0,1,0,0,0,5.5,Low,53.6,44.9,0,0
7999,Male,10,16,91.0,100.0,0,8600,9.9,Secondary,0,0,1,0,1,1,4.5,Low,34.5,55.1,1,0
8000,Female,7,12,74.8,83.8,1,8400,5.1,No Schooling,0,0,1,0,1,1,5.5,Medium,52.2,59.9,0,0
8001,Female,6,10,51.9,58.4,1,41300,2.0,Primary,0,0,1,1,0,0,4.5,Medium,33.2,18.5,0,1
8002,Female,9,16,77.6,71.5,0,6300,1.0,No Schooling,0,1,0,0,1,1,5.9,Low,58.9,44.9,1,0
8003,Male,10,15,73.2,51.2,1,14200,0.1,Primary,1,0,0,0,1,1,2.2,Medium,36.8,2.8,2,0
8004,Male,7,13,91.9,100.0,2,14500,3.2,Secondary,0,0,0,1,0,0,8.0,Medium,55.0,47.1,0,0
8005,Female,10,17,81.9,67.5,0,12600,0.1,No Schooling,0,0,0,0,1,1,5.9,Low,24.3,6.2,1,0
8006,Female,9,13,73.8,69.7,0,8100,1.3,No Schooling,0,0,1,0,1,1,2.6,Low,48.8,42.8,1,0
8007,Female,10,15,67.8,80.8,1,47600,3.6,Secondary,0,0,1,0,0,1,5.3,Low,51.0,27.8,0,0
8008,Female,7,11,63.8,17.3,1,4500,1.5,Primary,0,0,0,0,1,1,2.7,Low,25.6,10.0,0,0
8009,Female,6,11,91.1,68.8,1,11400,0.3,Primary,0,0,0,0,1,1,6.2,Medium,35.3,40.1,1,0
8010,Female,6,11,88.3,41.0,0,13500,0.1,Secondary,1,1,1,0,0,1,2.7,High,29.3,14.4,0,0
8011,Female,9,16,91.5,88.4,1,3000,1.7,Secondary,0,0,1,0,0,1,7.5,Low,49.4,41.8,0,0
8012,Female,10,15,97.1,66.7,2,3000,2.1,No Schooling,1,0,0,0,0,1,3.7,Medium,55.0,22.6,0,0
8013,Female,8,14,87.4,69.4,3,19200,1.0,Secondary,0,0,0,0,0,1,5.2,Low,28.6,29.3,0,0
8014,Male,6,10,90.6,95.8,0,10000,2.3,Secondary,0,0,0,0,1,1,6.6,Low,44.9,33.4,1,0
8015,Male,6,11,83.8,73.7,1,3600,0.6,Primary,1,0,0,0,0,0,5.6,Low,34.7,31.7,0,0
8016,Male,8,15,88.0,91.9,0,19000,2.2,Secondary,1,0,1,0,0,1,6.5,Low,36.1,48.2,0,0
8017,Female,10,16,91.9,87.3,2,7200,3.3,No Schooling,0,1,0,0,1,1,4.4,High,49.2,13.6,0,0
8018,Female,7,12,66.6,28.2,2,15700,2.6,Secondary,0,0,1,0,1,1,1.2,Low,41.0,16.6,2,1
8019,Male,9,16,74.9,60.5,1,26600,5.0,Graduate,0,0,1,1,0,1,3.1,Low,47.2,31.8,0,0
8020,Female,8,15,58.1,12.6,0,7100,3.7,Secondary,0,0,0,0,0,0,0.0,Low,12.8,5.7,0,0
8021,Male,10,15,96.7,51.9,0,3000,0.7,Secondary,0,0,1,0,0,1,2.4,Low,29.0,14.0,0,0
8022,Male,10,17,78.2,79.1,2,4700,2.6,Primary,0,0,0,1,0,1,6.2,Medium,32.3,29.9,0,0
8023,Female,6,10,82.8,88.1,0,3000,2.4,Higher Secondary,0,0,0,1,0,0,3.8,High,42.8,58.8,0,0
8024,Male,9,14,85.5,68.2,1,4300,2.3,Higher Secondary,1,0,0,1,1,1,4.5,Low,62.5,50.3,0,0
8025,Male,10,17,95.9,50.3,0,21300,2.2,Primary,1,0,0,1,0,1,4.1,Low,43.9,31.3,0,0
8026,Male,10,17,77.4,46.0,1,4800,2.1,Secondary,0,0,0,0,1,0,2.9,Medium,35.0,31.0,0,0
8027,Male,8,15,91.6,53.4,0,3700,2.7,Primary,0,0,0,0,1,1,5.2,Medium,59.5,41.3,0,0
8028,Female,6,10,89.3,33.0,1,23900,2.4,Primary,0,0,1,0,0,1,0.4,Low,37.3,16.5,0,0
8029,Female,8,12,63.3,63.6,0,7000,1.5,No Schooling,0,0,0,1,0,1,3.1,Low,51.0,38.5,0,0
8030,Female,9,15,86.3,81.6,3,9500,5.8,Primary,0,0,0,0,1,1,7.0,Low,27.7,45.5,0,0
8031,Female,7,11,79.6,42.9,1,3800,2.5,Primary,0,0,0,0,0,1,2.9,Low,46.4,34.1,0,0
8032,Male,10,17,88.8,63.9,0,19100,5.3,Primary,1,0,0,0,1,1,4.3,Low,37.7,22.1,1,0
8033,Female,7,14,71.8,75.8,2,8300,2.4,Secondary,0,0,1,0,0,1,2.8,Low,56.3,61.4,0,0
8034,Male,10,17,87.7,61.3,1,14000,2.8,Secondary,0,0,1,0,0,1,2.1,Low,32.4,53.7,1,0
8035,Male,7,14,83.3,56.1,0,3000,1.7,Secondary,1,0,0,0,0,1,4.1,Medium,24.1,1.3,0,0
8036,Female,6,10,80.8,31.0,0,19900,1.7,Secondary,0,0,0,1,0,0,4.4,Low,32.4,13.0,0,0
8037,Male,8,15,63.6,56.1,0,10100,2.7,No Schooling,0,0,1,0,0,0,2.1,Low,30.9,38.5,0,1
8038,Male,8,13,94.9,93.0,0,4800,1.0,Primary,0,1,1,0,0,0,6.3,Medium,57.5,48.6,1,0
8039,Male,10,14,82.4,96.2,0,6000,1.9,Secondary,0,1,0,1,0,1,7.1,Low,45.1,20.6,0,0
8040,Female,8,13,69.0,40.6,0,5600,5.6,No Schooling,1,0,0,0,0,1,1.7,High,49.3,37.1,0,1
8041,Male,6,13,82.6,49.7,2,9600,1.2,Graduate,1,0,0,0,1,1,4.4,High,38.2,25.3,0,1
8042,Male,10,17,90.4,44.6,1,8700,1.7,Primary,0,0,0,0,0,1,5.4,High,72.4,31.1,0,0
8043,Female,8,14,62.1,12.7,0,24500,1.4,No Schooling,0,0,0,0,1,1,2.9,Low,41.0,0.0,0,1
8044,Male,7,11,78.3,100.0,4,3000,3.4,Graduate,0,0,0,0,0,1,5.1,Low,47.2,47.0,1,1
8045,Female,10,16,91.9,46.8,0,12300,2.5,Higher Secondary,0,0,1,0,0,1,2.6,Low,50.1,28.4,2,0
8046,Male,6,12,64.8,71.4,1,3000,1.6,Secondary,0,0,1,1,0,1,5.9,Low,50.9,29.2,3,0
8047,Female,6,12,89.4,59.5,0,47000,3.2,Secondary,0,0,1,1,0,1,5.7,Low,33.2,19.2,0,0
8048,Female,8,13,89.4,75.1,0,22900,5.9,Secondary,0,0,1,0,0,1,2.8,High,46.7,36.9,0,0
8049,Female,8,12,77.4,80.7,2,7800,1.0,Secondary,0,0,1,0,1,1,6.1,Medium,31.6,32.6,0,0
8050,Female,8,13,67.4,59.2,1,10800,3.2,Primary,0,0,1,0,1,0,2.7,High,41.3,40.8,0,0
8051,Male,10,17,94.4,69.9,0,8400,1.5,Primary,0,0,0,1,0,1,1.9,Low,38.2,11.5,1,0
8052,Female,7,12,65.0,83.2,0,5200,0.1,No Schooling,0,0,1,0,0,1,3.5,Low,48.2,32.0,0,0
8053,Female,10,14,85.3,100.0,2,4800,0.3,Higher Secondary,1,0,0,0,1,1,6.9,Medium,48.6,44.2,0,0
8054,Female,6,11,74.1,48.1,2,7800,3.4,No Schooling,0,0,0,0,0,1,1.5,Medium,28.3,18.4,0,1
8055,Female,6,11,81.7,68.8,2,3000,0.2,Secondary,0,0,0,0,0,1,4.7,Low,38.3,27.4,0,1
8056,Female,6,12,80.6,45.5,0,20200,2.6,Primary,0,0,0,0,0,1,2.5,Medium,6.1,22.2,0,0
8057,Female,6,12,93.5,42.9,0,26600,4.6,No Schooling,0,0,1,1,1,1,1.5,Medium,26.9,22.2,0,1
8058,Male,8,13,95.9,82.4,0,6700,0.3,Secondary,0,0,0,0,0,1,5.9,Medium,40.8,33.3,0,0
8059,Female,10,14,89.0,57.5,0,22100,2.1,Primary,0,0,0,0,0,1,2.1,Low,39.4,38.6,0,0
8060,Female,10,15,88.5,68.6,0,5600,0.9,Secondary,0,1,1,0,1,1,5.4,Low,40.3,35.7,0,1
8061,Female,9,13,88.8,80.4,0,5400,4.6,Primary,0,0,1,0,0,1,5.5,Medium,39.9,38.9,0,0
8062,Male,6,12,94.4,80.6,1,9300,7.1,Higher Secondary,0,0,0,0,0,1,3.2,Low,36.7,21.0,0,0
8063,Female,10,15,84.9,28.0,1,11600,12.7,Secondary,0,0,0,0,1,1,3.7,High,26.8,35.0,0,0
8064,Female,7,12,94.1,72.1,0,4500,0.4,Primary,0,0,0,0,0,0,3.3,Medium,32.5,45.2,0,0
8065,Female,9,15,84.2,70.9,2,10200,1.4,Secondary,0,0,0,0,1,1,6.5,Low,44.6,46.0,0,0
8066,Male,9,16,73.4,44.4,1,9800,1.3,Secondary,0,0,0,0,1,1,4.8,Medium,43.3,16.0,0,1
8067,Male,6,11,80.4,82.7,0,3000,6.8,Primary,0,0,0,0,0,1,3.4,Low,55.0,44.3,1,0
8068,Male,8,14,59.9,20.9,0,6600,0.9,Higher Secondary,0,1,0,0,0,1,2.0,Low,25.5,27.1,0,0
8069,Male,10,16,71.5,59.0,1,6900,1.6,Graduate,0,0,0,1,0,1,2.9,Low,51.0,44.8,1,0
8070,Female,7,13,94.8,100.0,2,5300,0.4,Primary,0,0,0,0,0,1,7.2,Low,64.9,55.9,0,0
8071,Male,9,14,66.1,59.2,0,5300,7.7,No Schooling,0,0,0,0,0,1,2.4,Low,48.4,18.8,1,0
8072,Female,10,14,82.3,47.1,0,35454,4.0,Primary,1,0,0,0,1,1,4.6,Medium,7.5,33.4,1,1
8073,Male,7,11,98.9,58.0,0,3000,0.1,Primary,0,0,0,0,0,1,5.1,Medium,36.0,19.8,0,0
8074,Male,7,11,88.3,100.0,1,17200,1.1,Primary,0,0,1,1,0,1,8.0,Low,50.6,38.6,1,0
8075,Female,8,12,70.4,72.2,4,7400,1.0,No Schooling,0,0,0,0,0,1,5.9,Low,34.0,39.2,2,0
8076,Male,9,16,58.4,42.0,0,19200,4.1,No Schooling,0,0,0,0,0,1,2.0,Low,6.3,1.5,0,0
8077,Male,8,12,98.9,96.0,2,5200,1.3,Primary,0,0,0,0,0,1,8.0,High,54.4,46.7,1,0
8078,Male,8,15,79.5,82.6,1,15900,2.2,Secondary,0,0,1,1,0,0,7.0,Low,31.7,31.5,0,0
8079,Female,7,14,74.6,10.4,2,11900,7.8,Higher Secondary,1,0,0,0,0,0,0.6,Low,35.5,28.8,0,0
8080,Female,10,14,71.5,70.1,1,3000,2.7,No Schooling,1,0,0,0,0,1,3.6,Low,27.0,36.8,0,1
8081,Male,10,15,91.8,97.4,3,7100,1.5,No Schooling,0,0,0,0,0,1,6.1,Low,32.3,61.5,0,0
8082,Female,8,13,84.2,64.3,3,47700,0.3,Secondary,1,0,1,1,0,1,5.9,Medium,65.0,45.0,0,1
8083,Male,10,15,80.4,96.9,0,14600,2.7,No Schooling,0,0,0,0,1,1,5.1,Medium,56.6,61.7,0,0
8084,Female,9,14,88.7,39.1,0,3700,0.1,No Schooling,0,0,0,0,1,0,1.5,Low,20.1,12.1,2,0
8085,Male,10,15,66.0,42.6,0,5800,1.9,No Schooling,0,0,0,0,0,1,2.1,Low,31.0,9.3,0,0
8086,Female,6,12,93.2,93.4,2,14500,2.2,Primary,0,0,1,0,0,1,6.5,Medium,50.2,44.9,0,0
8087,Female,7,12,57.4,60.2,0,10300,2.0,Secondary,0,0,0,0,1,1,1.8,Medium,57.3,21.5,0,0
8088,Male,10,14,93.8,75.3,3,3000,0.9,Primary,0,0,1,1,0,1,5.0,Low,32.6,41.6,0,0
8089,Male,7,12,82.5,100.0,3,3000,0.7,Secondary,0,0,0,0,1,1,5.1,Medium,32.8,43.6,0,1
8090,Male,7,14,97.6,55.0,0,13300,1.5,Higher Secondary,1,0,0,0,1,1,6.3,Low,24.5,24.7,0,0
8091,Male,9,16,67.3,35.3,1,6700,2.9,Secondary,1,0,1,0,1,0,0.8,Medium,42.3,29.7,1,0
8092,Male,9,13,68.4,68.8,0,17100,3.4,No Schooling,0,0,0,0,0,1,3.0,Low,52.5,36.7,1,0
8093,Male,7,13,97.3,77.2,0,10300,14.3,Primary,0,0,1,0,0,1,2.0,Medium,55.9,43.5,0,0
8094,Female,7,14,73.9,77.7,1,4600,2.3,Secondary,0,0,0,1,0,1,6.2,Medium,28.1,15.5,2,0
8095,Male,7,11,71.4,65.9,0,7900,0.7,Secondary,0,0,1,0,0,1,2.9,Low,17.8,36.0,0,0
8096,Female,6,10,69.8,48.9,0,6000,2.7,Secondary,0,0,0,0,1,1,6.6,Low,38.9,17.2,0,0
8097,Male,7,11,79.9,97.8,4,9900,0.8,Secondary,0,0,1,0,0,1,6.3,Low,57.4,50.2,1,0
8098,Female,8,13,90.8,54.3,1,4300,1.1,Secondary,0,0,0,0,0,1,1.0,Low,40.4,13.5,1,0
8099,Male,9,16,82.2,61.9,1,3000,6.2,No Schooling,0,0,0,1,0,1,3.5,Medium,19.2,32.4,0,0
8100,Female,7,12,87.3,52.9,2,7200,0.7,Primary,0,0,1,0,0,1,3.0,High,53.3,46.2,0,0
8101,Male,7,12,65.5,61.5,1,4400,0.2,No Schooling,0,0,1,0,0,1,1.6,Low,48.8,27.0,0,0
8102,Male,9,14,80.4,60.9,1,15700,4.8,Primary,0,0,0,0,0,1,5.9,Low,40.1,22.5,0,0
8103,Female,6,11,90.0,87.7,0,6900,1.8,Primary,0,0,0,0,0,0,4.7,Low,18.2,51.4,1,0
8104,Female,7,14,54.6,63.8,0,9700,0.4,Secondary,0,0,1,0,0,0,6.2,Low,36.7,32.5,0,0
8105,Female,6,10,83.9,54.8,0,6200,1.8,No Schooling,0,0,0,1,0,1,0.8,High,39.0,25.5,0,0
8106,Male,9,14,64.6,34.4,1,9100,9.0,Secondary,1,0,1,0,0,1,3.2,Low,24.9,42.1,1,0
8107,Male,6,12,99.1,47.2,1,12400,5.2,Higher Secondary,0,0,0,0,0,1,4.2,Low,32.2,22.0,1,0
8108,Female,8,12,80.3,44.8,0,9600,0.7,Primary,0,0,1,1,1,1,1.7,Medium,26.3,0.9,1,0
8109,Female,8,12,96.6,70.6,1,3000,0.8,Primary,1,0,0,0,1,1,5.0,High,29.3,50.7,0,0
8110,Female,10,17,92.5,61.8,0,5900,0.9,Secondary,0,0,1,0,1,1,4.5,Low,43.7,23.5,0,1
8111,Male,9,14,98.9,12.1,1,33800,0.3,Graduate,0,0,0,1,0,1,3.2,Low,42.9,30.4,1,0
8112,Male,10,14,84.5,39.8,0,10500,0.5,Higher Secondary,0,0,1,0,1,1,1.9,Medium,27.7,4.6,1,0
8113,Female,9,14,81.4,59.9,3,5900,3.9,Secondary,1,0,0,1,1,0,3.0,Low,56.9,4.8,0,1
8114,Female,7,11,55.4,59.8,0,5700,0.6,Primary,0,0,0,1,0,1,4.1,Medium,32.5,25.2,1,1
8115,Male,7,11,86.5,77.6,0,21600,0.6,Primary,0,0,1,0,0,1,4.2,Medium,39.8,42.2,0,0
8116,Female,6,10,89.5,22.8,0,11700,1.7,Secondary,0,0,0,1,0,1,4.8,High,32.3,15.9,1,0
8117,Female,7,13,83.5,100.0,0,3300,0.8,Secondary,0,0,0,0,1,0,3.9,Medium,50.4,19.6,0,0
8118,Male,6,11,90.9,90.8,1,32800,2.5,No Schooling,0,0,1,0,1,0,4.2,Low,47.2,37.4,0,0
8119,Male,7,12,84.8,84.8,0,9900,0.8,Primary,0,0,0,1,0,1,3.2,Low,58.4,50.9,0,0
8120,Female,9,16,88.3,89.6,1,9700,6.7,Primary,0,0,0,0,0,0,5.3,Low,60.0,58.6,0,0
8121,Male,9,14,87.0,69.5,0,22800,3.3,Primary,0,0,0,1,0,1,6.1,Low,50.4,46.6,0,0
8122,Female,7,11,90.8,57.4,3,9100,5.3,No Schooling,0,0,1,0,0,1,5.1,Low,50.8,11.4,2,0
8123,Female,8,12,70.2,54.6,0,10900,0.1,Graduate,0,0,1,0,1,1,3.9,Low,40.4,43.6,0,0
8124,Male,6,12,77.4,74.9,0,3000,0.4,Graduate,0,0,1,0,1,1,4.3,Low,39.8,23.6,0,0
8125,Female,8,14,81.2,39.6,1,7600,2.2,Higher Secondary,0,1,1,0,1,1,2.7,Medium,40.4,7.6,1,0
8126,Male,8,13,81.6,76.6,2,3300,4.8,Higher Secondary,0,0,0,0,0,1,6.9,Medium,27.0,45.8,1,0
8127,Male,7,11,79.9,63.1,2,5600,4.6,No Schooling,0,0,0,0,1,0,5.5,Low,37.7,52.6,0,0
8128,Female,7,11,73.0,82.5,0,9700,0.9,Higher Secondary,0,0,0,0,0,0,2.9,Low,16.7,27.4,0,0
8129,Female,10,15,70.0,56.7,1,3000,1.5,Primary,1,0,0,1,1,1,4.6,Low,22.2,19.9,0,0
8130,Male,8,14,88.3,18.1,0,10200,1.8,No Schooling,0,0,1,0,0,1,1.7,Low,28.0,25.4,1,0
8131,Female,8,14,73.6,43.2,1,14600,4.0,Secondary,0,1,1,0,0,1,0.7,Low,29.6,32.6,0,1
8132,Female,6,12,88.8,60.0,0,3000,0.6,Higher Secondary,0,0,0,0,0,1,3.5,Low,33.5,32.1,1,0
8133,Female,6,10,75.9,68.7,0,5000,1.8,Primary,0,0,1,0,1,1,5.9,High,26.4,19.8,1,0
8134,Female,7,13,92.4,27.9,2,3000,0.7,No Schooling,1,0,0,1,0,0,2.8,Low,40.1,13.7,0,1
8135,Male,10,17,90.1,72.4,2,11700,2.6,No Schooling,0,0,0,0,0,0,2.8,Low,45.1,37.2,0,0
8136,Male,6,10,95.9,16.1,0,5700,3.7,Secondary,0,0,1,0,0,1,6.7,Low,20.0,3.9,1,0
8137,Female,7,13,97.5,79.7,0,17800,1.5,Secondary,1,0,1,0,0,1,5.3,Low,42.9,47.4,0,0
8138,Male,10,14,83.8,54.1,0,3200,4.4,Secondary,0,0,0,0,0,1,4.6,Medium,68.6,53.1,0,0
8139,Female,8,15,81.8,39.6,5,9300,1.3,Primary,0,0,1,0,0,1,0.7,Medium,36.5,0.0,0,1
8140,Male,7,13,79.2,85.3,0,4500,1.9,Primary,0,1,0,0,0,0,3.6,Low,37.9,28.7,0,0
8141,Male,9,15,46.4,38.7,1,8200,1.0,No Schooling,1,0,1,1,0,1,3.8,Low,33.6,12.4,1,1
8142,Male,8,14,76.3,94.8,0,6400,0.2,Secondary,0,0,0,0,0,1,5.7,Medium,39.0,41.8,0,0
8143,Male,10,16,83.3,75.6,1,13300,1.3,Secondary,0,0,0,0,0,1,5.8,Low,41.2,20.9,0,0
8144,Male,6,11,76.3,77.0,4,9900,0.7,Graduate,0,1,0,0,0,1,5.0,Medium,67.7,44.3,0,1
8145,Female,9,16,81.6,92.5,0,18100,4.0,Graduate,0,1,0,0,0,1,6.7,Medium,42.9,33.9,1,0
8146,Female,7,11,92.4,86.7,1,7600,2.4,Primary,1,0,1,0,0,1,1.6,Low,54.2,48.2,0,0
8147,Male,9,16,94.9,71.9,1,4300,0.7,Secondary,0,0,0,0,0,1,3.6,Medium,55.4,29.9,0,0
8148,Male,10,17,80.1,57.3,0,12400,3.4,Secondary,0,0,0,0,0,0,3.7,Low,43.7,15.8,1,0
8149,Female,10,17,93.2,55.4,2,7700,1.9,Primary,0,0,1,0,0,0,5.5,Low,45.1,42.6,0,1
8150,Male,10,14,70.1,43.8,1,6700,0.2,No Schooling,0,0,1,0,1,1,2.6,Low,4.4,37.9,2,0
8151,Male,9,14,78.3,61.9,0,10300,2.9,No Schooling,1,1,0,0,0,1,4.3,Medium,59.1,34.9,0,0
8152,Female,6,12,93.4,100.0,0,4800,1.5,Secondary,0,0,0,0,0,1,7.2,Medium,57.1,30.8,0,0
8153,Female,6,12,82.6,37.6,2,28200,1.1,Graduate,0,1,1,0,0,1,1.2,Low,39.6,26.3,0,1
8154,Female,7,13,79.0,71.6,0,16900,1.0,No Schooling,0,0,1,0,1,1,4.0,Low,37.8,32.1,2,0
8155,Female,8,14,79.3,65.8,2,10500,0.8,Higher Secondary,1,0,0,1,0,1,3.4,Low,43.4,27.2,0,0
8156,Female,7,11,81.4,35.2,0,9700,1.8,No Schooling,1,0,0,0,0,0,2.0,Low,28.1,15.9,0,1
8157,Female,9,16,68.5,64.1,2,8300,0.1,Secondary,0,0,1,0,1,1,2.5,Low,16.7,18.5,0,1
8158,Male,9,14,54.0,38.9,0,5600,0.6,Primary,0,0,1,1,0,1,1.5,Medium,37.2,22.9,0,0
8159,Male,10,17,81.7,42.5,2,11500,2.2,No Schooling,0,0,0,0,1,1,5.0,Medium,40.2,12.0,0,0
8160,Male,7,13,70.5,74.3,5,6000,1.4,Graduate,0,0,1,0,1,1,3.8,Low,38.4,44.8,1,1
8161,Male,9,15,86.4,82.3,0,25600,2.3,No Schooling,0,0,0,0,1,1,2.5,Low,44.1,32.2,0,0
8162,Female,9,15,90.9,69.5,2,22100,1.0,Primary,0,0,0,1,1,1,4.3,High,41.6,44.5,1,0
8163,Male,10,17,95.8,76.2,2,9500,1.1,No Schooling,0,0,0,0,0,0,3.9,High,55.2,29.0,0,0
8164,Male,9,16,92.7,61.2,2,15500,4.4,Graduate,0,0,0,0,0,1,4.7,Low,44.3,32.1,1,0
8165,Male,7,13,76.0,42.9,0,3000,2.1,Secondary,0,0,0,0,1,1,5.1,High,42.4,39.3,0,0
8166,Female,6,12,74.6,76.8,2,9100,0.8,No Schooling,1,0,1,0,0,0,6.3,Low,53.2,60.2,0,0
8167,Female,10,14,67.8,71.2,3,3000,0.2,Secondary,1,1,0,0,0,1,5.8,Medium,55.7,27.1,1,1
8168,Female,9,13,78.8,77.4,0,8700,6.1,Graduate,1,0,1,0,0,1,4.2,Medium,36.0,35.8,1,0
8169,Male,9,15,73.6,59.4,2,4600,1.7,Secondary,0,1,0,1,0,0,6.8,Medium,17.3,25.5,1,1
8170,Male,9,14,93.2,91.2,0,15300,0.7,Primary,0,0,1,0,0,1,5.6,Low,44.9,51.0,1,0
8171,Female,9,14,91.7,73.9,0,8600,3.0,Secondary,1,0,1,0,1,1,4.5,Low,39.2,30.6,0,0
8172,Female,9,15,90.6,100.0,0,6200,2.9,Secondary,0,0,0,0,0,0,6.1,Medium,42.1,33.0,1,0
8173,Female,10,14,58.6,29.2,5,6300,3.7,Primary,0,0,0,0,0,1,2.9,Low,31.4,2.4,0,1
8174,Female,10,15,71.8,36.1,1,3000,7.2,Higher Secondary,0,0,1,0,1,0,2.6,Low,19.9,26.0,0,0
8175,Male,7,11,87.7,90.5,5,15000,7.1,Secondary,0,0,1,0,1,1,5.3,Low,41.7,47.5,0,0
8176,Female,6,13,87.7,79.5,0,21300,0.1,Secondary,0,0,0,1,1,0,4.4,Medium,57.6,19.4,0,0
8177,Female,6,12,69.1,79.9,1,14000,3.6,Secondary,1,0,1,0,0,1,3.1,Low,44.9,31.5,0,0
8178,Female,8,12,72.3,60.6,1,5700,1.8,Primary,1,0,1,0,1,1,2.4,High,36.9,12.8,0,1
8179,Female,10,16,79.2,56.6,0,4400,2.2,Primary,0,0,0,0,0,1,3.5,Low,58.7,46.0,0,0
8180,Male,10,14,62.3,99.3,0,3000,2.0,Secondary,1,0,0,0,1,1,7.8,Low,58.2,24.4,1,0
8181,Male,7,14,77.6,24.0,0,6200,1.9,No Schooling,1,0,1,0,1,1,0.5,Low,21.1,35.0,1,0
8182,Female,7,11,69.2,95.5,0,3000,3.1,Secondary,0,0,1,1,0,1,8.0,Low,44.9,30.1,0,0
8183,Male,8,13,89.9,22.2,1,3000,2.7,Primary,0,0,0,0,1,1,0.6,Low,34.6,21.8,0,0
8184,Male,10,17,84.2,99.3,0,15900,0.3,Primary,0,0,1,0,1,1,7.7,Low,33.2,24.4,0,0
8185,Male,9,15,75.0,30.6,0,24900,0.2,Higher Secondary,0,0,0,0,1,1,3.2,Medium,17.3,40.3,1,0
8186,Female,6,12,77.7,63.5,2,5200,3.7,No Schooling,0,0,0,0,0,0,3.0,Low,46.0,22.6,0,0
8187,Male,7,13,92.3,57.6,0,11300,1.0,Primary,0,0,1,0,1,1,2.4,Medium,42.0,36.7,1,0
8188,Male,8,14,66.4,60.6,1,5700,1.5,Secondary,0,0,0,0,0,1,4.7,Medium,30.8,35.7,2,0
8189,Female,8,12,59.5,51.4,0,18500,0.1,Primary,0,0,0,0,0,0,4.2,Low,40.8,43.2,0,0
8190,Female,10,15,78.2,100.0,0,9500,4.3,Graduate,0,0,0,0,0,1,8.0,Medium,54.6,60.6,0,0
8191,Female,10,17,60.0,44.4,1,12500,0.1,Secondary,0,1,1,0,0,1,5.3,High,26.0,36.7,1,0
8192,Female,6,13,65.2,42.5,2,3000,2.1,Primary,0,0,0,0,1,1,4.1,High,27.8,54.6,0,0
8193,Male,7,13,85.6,55.0,0,7600,0.1,Secondary,1,1,0,0,0,0,4.3,Medium,34.1,34.6,1,0
8194,Female,7,14,65.3,72.9,0,5600,4.5,Secondary,0,0,0,1,0,0,4.7,Medium,34.3,38.4,0,1
8195,Female,7,14,79.3,90.3,0,21100,1.0,Primary,0,0,1,1,0,1,3.3,Low,50.5,33.3,0,0
8196,Male,7,12,55.9,74.5,4,5500,1.1,Primary,1,0,0,1,0,1,2.4,Low,37.9,17.1,0,1
8197,Female,6,12,65.7,49.2,2,6800,1.0,Graduate,1,0,0,1,0,1,4.1,Low,33.4,4.5,0,1
8198,Male,6,13,85.5,41.8,5,3000,1.2,Primary,0,0,0,0,1,1,5.2,Low,29.2,15.9,0,1
8199,Male,10,14,85.0,88.1,1,9000,2.1,Primary,0,1,0,0,0,1,5.6,Low,57.5,40.8,1,1
8200,Male,6,13,84.6,40.4,1,8700,6.9,Graduate,0,0,0,1,0,1,0.1,Low,47.7,42.8,1,0
8201,Male,10,15,88.8,63.2,2,6600,5.6,Secondary,0,0,1,0,0,0,6.8,High,53.4,31.1,0,0
8202,Female,7,12,88.1,45.5,3,19800,6.7,Secondary,1,0,0,0,0,1,4.2,Medium,19.2,17.0,0,1
8203,Male,7,12,78.2,73.4,3,8200,1.0,Primary,0,0,1,0,0,1,4.2,Low,56.6,34.3,0,0
8204,Female,6,11,79.5,22.1,0,5200,0.3,No Schooling,0,0,0,0,1,1,4.5,Low,32.4,16.9,1,0
8205,Male,6,11,73.5,77.3,2,4600,10.7,Primary,0,1,1,0,0,0,2.6,Medium,35.7,42.5,0,1
8206,Male,7,13,91.9,89.5,0,13700,0.6,Primary,0,0,1,0,0,0,4.5,Medium,26.2,46.1,1,0
8207,Male,10,17,80.7,100.0,2,3000,5.1,Higher Secondary,0,0,1,0,1,1,4.7,Low,62.3,54.0,0,0
8208,Male,10,15,70.5,42.9,0,5100,2.4,Primary,0,1,0,0,1,1,2.2,Medium,39.5,0.0,1,0
8209,Female,6,10,90.2,68.8,0,7400,1.4,Secondary,0,1,1,1,0,1,5.0,High,58.8,59.0,0,0
8210,Female,6,13,98.3,70.8,5,6100,0.5,Primary,0,0,1,0,1,0,4.4,Low,43.3,24.6,0,0
8211,Male,6,11,91.2,70.8,1,7700,0.2,Secondary,0,0,1,0,0,0,3.9,Medium,39.2,33.7,0,0
8212,Female,9,15,74.7,96.6,0,17900,10.4,Graduate,0,0,0,0,0,0,7.8,Medium,39.4,50.0,1,0
8213,Female,6,11,53.9,37.1,4,6700,2.7,No Schooling,0,0,0,0,0,1,0.0,Low,14.8,8.7,0,0
8214,Female,7,11,75.5,69.6,0,4000,1.0,Higher Secondary,0,0,0,0,0,1,7.4,Low,45.0,36.2,0,0
8215,Male,10,15,67.5,38.6,3,23800,3.8,Higher Secondary,0,0,0,0,0,1,3.1,Low,34.3,26.0,0,1
8216,Male,10,15,78.3,56.6,0,6700,6.9,Secondary,1,1,0,0,1,1,0.1,High,27.5,18.7,0,0
8217,Female,9,16,70.1,68.2,0,10900,7.3,No Schooling,0,0,1,0,0,1,5.2,Low,47.0,35.3,0,0
8218,Female,6,12,91.3,49.4,0,22800,5.8,Higher Secondary,0,0,0,0,0,1,3.3,High,45.6,21.9,1,0
8219,Male,7,13,73.6,71.6,2,4900,0.9,Primary,0,0,0,0,0,1,3.0,Low,18.1,16.5,0,0
8220,Female,7,11,84.7,38.2,1,28200,6.1,Graduate,0,0,0,0,1,1,2.0,Low,32.5,18.0,0,0
8221,Male,9,13,91.6,83.5,0,28200,0.2,Primary,0,0,1,0,1,1,5.1,High,33.1,48.6,0,0
8222,Female,9,14,85.1,51.2,2,4900,1.7,No Schooling,0,0,0,1,0,0,3.6,Medium,41.8,61.4,1,0
8223,Male,6,13,77.6,45.3,5,45565,0.6,Secondary,0,0,1,0,0,1,3.6,Low,18.6,18.4,0,1
8224,Female,10,14,94.7,100.0,4,13600,7.9,Higher Secondary,0,0,0,0,1,1,4.3,Medium,54.9,54.3,0,0
8225,Male,8,15,93.7,100.0,0,22400,4.9,Primary,0,1,1,1,0,1,5.3,Medium,46.5,36.8,0,0
8226,Male,9,16,84.6,62.0,2,14500,1.4,Higher Secondary,0,0,1,0,0,1,4.9,Low,34.4,46.7,0,0
8227,Female,6,11,89.9,19.4,3,7900,0.4,Secondary,0,0,0,0,0,0,2.5,Low,49.6,32.5,1,1
8228,Male,7,11,88.8,65.4,5,11800,4.6,Secondary,0,0,1,0,1,0,5.2,Low,49.5,34.9,1,1
8229,Female,6,10,81.6,72.8,3,13300,1.4,Primary,0,0,0,0,0,1,4.7,Medium,46.8,34.0,0,0
8230,Female,9,13,82.5,69.1,2,10100,5.0,Primary,0,1,1,0,0,1,4.5,High,29.6,26.2,0,0
8231,Male,6,13,88.9,50.7,3,5900,2.1,No Schooling,0,0,0,1,0,1,5.6,Low,35.9,15.4,0,0
8232,Male,7,14,83.5,68.3,0,14400,0.5,Higher Secondary,0,0,0,1,0,1,4.1,Low,64.4,35.6,1,0
8233,Female,9,15,82.7,95.5,4,6700,0.2,Graduate,0,0,0,0,1,1,8.0,Low,44.6,40.6,0,0
8234,Female,9,13,77.9,81.6,1,3000,2.2,Secondary,0,0,0,0,0,1,3.4,Low,47.1,37.0,2,0
8235,Female,9,16,99.8,63.5,0,3100,0.3,Primary,0,0,1,0,1,0,2.6,Low,51.2,37.6,0,0
8236,Male,9,15,80.3,41.6,0,20100,4.5,No Schooling,0,0,1,0,0,1,5.7,Low,50.6,43.8,0,0
8237,Female,9,16,92.1,94.4,0,3800,3.7,Higher Secondary,0,1,1,0,0,1,4.5,Low,42.1,39.4,0,0
8238,Female,9,14,86.3,20.9,1,8700,3.7,Higher Secondary,0,0,0,1,0,1,0.9,Low,40.7,33.7,0,1
8239,Female,7,11,89.1,100.0,0,19900,2.4,Primary,0,1,0,0,0,0,4.4,Medium,56.4,52.7,0,0
8240,Male,6,13,65.3,78.9,0,9200,0.2,Secondary,0,0,0,1,0,1,6.2,Medium,25.8,38.4,0,0
8241,Male,8,12,62.4,32.9,1,40700,3.0,Higher Secondary,0,0,0,0,1,1,3.9,Low,12.3,18.7,0,1
8242,Female,6,10,97.3,45.0,2,7600,2.6,No Schooling,0,0,0,1,0,1,4.0,Low,35.7,26.6,0,0
8243,Female,8,12,78.4,90.5,0,4600,1.5,Secondary,0,0,1,1,0,1,5.2,Low,83.9,70.9,1,0
8244,Male,8,12,69.3,36.3,1,3000,1.8,Primary,0,0,0,0,0,1,1.0,Medium,24.7,20.3,0,0
8245,Female,6,12,78.2,24.0,1,3000,10.3,Secondary,1,0,0,1,0,1,0.0,High,41.7,5.1,1,0
8246,Male,9,13,87.5,58.5,0,23900,0.1,No Schooling,0,0,0,0,1,1,3.1,Low,67.6,46.8,0,0
8247,Male,9,16,59.2,49.2,1,3700,1.0,Secondary,0,0,1,0,0,1,3.7,Low,24.6,23.2,0,1
8248,Male,8,15,69.6,90.5,0,3000,3.3,Primary,0,0,0,0,0,0,5.4,High,57.5,48.5,0,0
8249,Male,10,14,51.2,67.1,4,6300,0.6,Higher Secondary,0,0,1,0,0,1,5.5,Medium,29.4,15.7,0,0
8250,Male,7,14,86.7,75.8,0,5400,2.9,Higher Secondary,1,0,0,0,1,1,4.5,Medium,46.4,29.7,0,0
8251,Male,7,11,90.4,83.5,0,5100,4.6,Secondary,1,0,0,0,0,0,6.9,High,42.1,23.9,0,0
8252,Male,6,11,73.5,61.5,3,20100,1.3,No Schooling,0,0,1,0,0,1,1.8,Low,34.1,44.6,0,0
8253,Female,8,14,50.5,55.0,0,9500,1.1,Higher Secondary,0,1,1,0,0,1,3.4,Medium,36.7,56.3,0,0
8254,Female,6,10,59.8,13.7,0,15000,0.6,Secondary,0,0,0,0,1,1,0.8,Low,7.4,3.1,0,0
8255,Female,10,14,82.6,46.8,2,40400,5.7,No Schooling,0,0,1,1,0,1,3.3,Low,31.5,30.4,0,0
8256,Male,7,11,64.7,89.0,0,4700,7.1,Primary,0,0,1,0,0,1,7.5,Medium,27.2,43.9,1,0
8257,Female,8,14,76.6,96.2,2,9500,1.0,Graduate,0,0,1,0,1,1,3.8,Low,64.1,44.7,0,0
8258,Male,8,12,93.6,100.0,0,3100,1.0,Higher Secondary,0,0,1,0,0,1,6.7,Medium,40.1,43.4,1,0
8259,Female,7,11,77.6,86.0,0,23800,1.0,Primary,0,0,0,0,0,1,7.9,Low,56.0,26.0,0,0
8260,Female,9,13,88.1,99.1,0,7000,1.8,Primary,0,0,1,1,1,1,6.4,Low,49.8,46.3,0,0
8261,Male,9,16,62.2,48.7,0,3000,3.3,No Schooling,0,0,1,0,0,1,5.4,Low,34.9,18.0,2,0
8262,Male,9,16,83.8,43.2,0,3200,0.9,Graduate,0,0,1,0,0,1,1.6,Low,54.6,20.7,0,0
8263,Female,8,15,62.0,74.4,2,23000,1.7,Graduate,0,0,0,0,0,1,5.9,Low,52.3,43.0,0,0
8264,Female,8,12,88.3,88.2,2,3000,0.9,No Schooling,0,0,0,1,0,0,2.1,Low,39.7,17.0,0,0
8265,Female,8,13,90.0,78.2,0,7600,3.2,Primary,1,0,0,0,0,0,5.6,Low,42.8,36.9,1,0
8266,Female,9,16,96.9,91.1,0,11500,2.3,No Schooling,0,0,1,0,1,0,3.9,Low,64.7,48.5,1,0
8267,Female,7,13,96.7,91.0,0,12000,4.2,Higher Secondary,0,0,0,0,0,1,4.0,Low,65.7,50.3,0,0
8268,Male,8,12,68.4,52.5,2,48600,2.2,Secondary,0,0,1,0,0,0,0.4,Medium,22.3,32.2,1,1
8269,Female,6,10,50.5,44.6,4,7700,5.0,Graduate,1,1,0,0,0,1,3.6,Medium,33.4,14.9,0,1
8270,Male,9,16,79.2,44.8,0,4100,5.5,No Schooling,0,0,0,0,1,1,2.3,High,31.4,20.3,0,0
8271,Male,6,13,83.3,69.7,0,4400,0.8,No Schooling,0,0,0,0,0,0,6.1,Medium,55.3,52.7,0,0
8272,Male,10,15,63.7,45.7,2,18300,6.6,Graduate,0,0,1,0,0,1,4.4,Low,48.2,26.3,0,0
8273,Female,6,10,93.1,62.1,0,3000,1.8,Graduate,0,0,0,0,0,1,4.8,Low,46.6,31.1,0,0
8274,Female,7,11,82.3,52.9,1,9500,9.8,Higher Secondary,0,0,0,0,0,1,5.1,Low,56.2,24.0,0,1
8275,Male,7,11,73.8,43.3,0,25600,1.0,Primary,0,0,0,0,1,0,3.4,Low,41.4,0.0,0,0
8276,Male,7,14,71.4,96.4,0,8600,0.9,Graduate,1,1,1,0,1,1,8.0,Medium,49.9,39.8,2,0
8277,Male,7,14,66.8,32.6,0,20400,0.4,No Schooling,0,0,0,0,0,1,2.8,Low,44.2,31.3,0,0
8278,Female,9,14,65.5,70.0,1,3000,5.2,Primary,0,0,0,1,0,1,5.2,High,38.9,40.3,0,1
8279,Female,6,13,54.0,63.8,1,19800,0.8,Primary,0,0,0,0,0,0,5.5,Low,38.3,33.5,1,0
8280,Male,7,14,69.7,52.1,0,9400,0.5,Higher Secondary,0,0,1,0,0,1,1.6,Low,25.0,40.8,0,0
8281,Male,6,13,90.3,46.9,4,5600,1.5,Secondary,1,1,1,0,1,1,3.9,Low,34.7,35.5,2,0
8282,Female,7,14,75.7,74.8,4,5600,0.6,Primary,0,1,0,1,0,1,3.8,Low,53.2,39.8,1,0
8283,Male,10,16,76.9,56.9,0,27400,3.6,Secondary,0,0,1,0,0,1,3.7,Low,40.6,19.2,1,0
8284,Male,7,14,81.7,57.0,0,4500,5.2,Higher Secondary,1,0,1,0,0,1,3.1,Low,31.5,52.2,1,1
8285,Male,9,15,79.4,64.9,0,4700,13.1,No Schooling,1,0,0,0,0,1,4.5,Low,21.6,16.2,0,0
8286,Male,8,15,74.5,100.0,0,25100,3.6,Graduate,0,1,0,1,0,1,4.9,Low,46.3,34.7,0,0
8287,Male,8,13,56.1,74.3,0,10000,4.4,Graduate,0,1,0,0,0,0,3.1,High,35.7,39.6,0,0
8288,Female,10,14,93.8,62.0,1,11500,1.4,No Schooling,0,0,1,0,0,1,2.6,Low,46.6,46.2,0,0
8289,Male,6,12,44.4,0.0,0,3900,6.2,Higher Secondary,0,0,0,1,0,0,1.7,Low,15.8,6.5,0,1
8290,Male,10,15,77.7,58.3,0,3900,0.1,No Schooling,0,0,1,0,0,1,5.9,High,36.1,33.2,0,0
8291,Female,8,13,84.8,42.4,1,39529,3.0,Primary,0,0,1,1,0,1,3.9,Low,32.8,20.6,0,0
8292,Female,7,13,78.7,44.2,2,10200,2.9,Primary,1,0,0,0,1,1,4.7,Medium,35.0,35.6,0,0
8293,Male,10,16,85.3,59.4,0,7900,4.8,Secondary,0,0,0,0,1,1,5.1,Low,51.2,28.4,0,0
8294,Male,7,12,72.0,56.3,2,6400,6.2,Primary,0,1,0,0,0,0,3.3,Medium,27.7,10.9,0,1
8295,Female,10,14,92.4,96.9,1,7200,0.1,Primary,1,1,0,0,0,1,6.3,Low,30.4,34.4,0,0
8296,Male,10,16,69.9,65.5,0,4700,1.8,Primary,0,1,0,0,1,1,4.3,Medium,30.2,50.9,1,1
8297,Female,7,12,77.5,63.3,1,10600,0.1,Higher Secondary,0,0,0,0,0,1,4.8,Low,40.9,53.1,0,0
8298,Male,7,11,72.0,73.8,0,5100,1.4,No Schooling,0,0,0,0,0,1,3.4,Low,52.6,54.0,0,0
8299,Male,9,13,92.5,55.8,1,6000,1.5,Primary,0,1,0,0,0,1,5.9,Low,50.9,42.3,1,0
8300,Male,6,12,84.6,54.9,0,11100,1.3,Secondary,0,0,0,1,1,0,4.8,Low,23.6,30.8,0,1
8301,Female,9,14,98.9,56.4,0,21600,0.6,No Schooling,0,0,0,1,0,1,1.9,Low,38.5,46.3,0,0
8302,Male,6,11,69.8,71.6,0,19100,1.0,Secondary,0,0,1,0,1,1,3.8,Medium,56.1,43.4,0,0
8303,Male,6,10,65.9,60.7,0,5100,5.1,No Schooling,0,0,0,0,0,1,5.8,High,32.3,34.9,0,1
8304,Male,8,12,94.8,100.0,0,6900,3.9,No Schooling,1,0,0,0,1,1,6.1,Low,33.8,37.2,1,0
8305,Female,9,15,88.1,40.8,0,3000,0.7,No Schooling,1,0,0,0,0,0,6.0,Medium,36.8,10.0,0,1
8306,Male,9,16,67.4,81.5,0,12400,4.7,Graduate,0,0,1,1,0,1,3.4,Low,32.1,33.0,1,0
8307,Female,8,13,84.3,39.5,4,13400,1.0,Primary,0,0,1,0,0,1,2.9,Medium,37.5,29.6,0,1
8308,Female,7,14,54.2,18.3,0,8000,0.7,Higher Secondary,0,0,1,0,0,1,4.7,High,31.4,40.6,1,1
8309,Male,7,13,84.8,31.7,0,19400,1.4,Graduate,1,0,1,0,1,0,3.2,Low,18.7,34.8,0,0
8310,Female,7,12,74.8,62.0,2,5200,4.2,Primary,0,0,0,1,1,1,4.7,Low,48.9,38.4,0,0
8311,Female,7,13,87.6,65.3,0,8500,6.7,Graduate,0,0,1,0,0,1,5.5,Low,49.1,19.5,0,0
8312,Male,7,11,88.4,58.1,3,3500,0.9,Higher Secondary,0,0,1,0,1,1,7.7,Low,25.2,32.5,0,0
8313,Male,8,13,61.5,3.9,0,7200,0.5,Secondary,0,0,0,0,0,1,1.8,Low,25.6,16.7,0,0
8314,Male,6,12,79.6,57.4,0,5700,0.3,Higher Secondary,0,0,1,0,1,0,2.3,Low,43.0,46.2,0,0
8315,Male,6,13,93.1,69.8,0,12100,1.7,Secondary,0,0,0,0,0,1,3.7,Low,44.3,48.3,1,0
8316,Female,9,13,62.2,37.0,0,6100,3.5,No Schooling,0,0,0,0,0,1,3.8,Low,34.6,12.2,0,0
8317,Female,6,13,74.2,56.9,1,18300,0.8,Graduate,1,0,0,0,0,0,3.8,Low,59.6,37.1,0,0
8318,Female,10,16,75.7,83.2,1,3000,0.1,Primary,0,0,0,0,0,0,5.9,Low,30.7,44.3,0,0
8319,Male,7,11,90.4,47.4,0,11800,1.3,Higher Secondary,0,0,1,1,0,0,3.6,Medium,39.2,31.5,0,0
8320,Male,6,13,89.5,27.9,0,3000,4.3,No Schooling,0,0,1,0,0,1,0.7,Low,26.5,7.8,0,1
8321,Male,10,17,87.3,93.6,3,7400,0.9,No Schooling,0,0,0,0,0,0,5.2,High,51.9,31.1,1,0
8322,Female,8,13,95.2,100.0,0,18200,0.9,Primary,0,0,0,0,0,1,7.4,Medium,43.3,29.9,0,0
8323,Male,9,13,92.3,100.0,0,7400,1.0,Secondary,0,1,1,0,0,1,3.6,Low,22.5,37.0,1,0
8324,Female,8,13,68.9,28.5,0,18700,1.6,Secondary,0,0,0,1,0,1,4.5,Low,31.4,39.7,0,0
8325,Female,7,14,88.3,96.0,0,4000,1.0,Secondary,0,0,0,0,0,1,5.3,Low,43.9,23.9,0,0
8326,Male,9,13,76.9,52.2,0,9000,1.5,Secondary,0,0,0,0,0,1,4.0,Low,46.1,37.3,0,0
8327,Female,7,12,91.5,71.7,0,4500,2.2,Primary,0,0,0,0,0,1,4.8,Medium,59.4,33.8,0,0
8328,Female,8,13,80.6,40.5,2,22400,0.9,Higher Secondary,0,0,0,1,1,1,1.5,Low,30.9,23.1,0,0
8329,Female,7,11,72.6,50.8,0,4400,0.1,No Schooling,0,0,0,0,1,1,4.3,Low,35.4,36.5,0,0
8330,Male,7,13,88.4,19.5,0,4000,0.1,Secondary,0,0,1,0,1,0,0.9,Low,41.1,20.4,0,0
8331,Male,6,13,75.6,28.1,0,19300,0.7,Higher Secondary,0,0,1,0,1,0,4.4,Medium,32.3,9.3,0,0
8332,Female,9,13,66.6,71.5,2,3300,4.8,Primary,0,1,0,0,0,1,5.5,Low,47.0,2.1,0,0
8333,Male,7,14,88.1,73.0,1,4500,0.7,No Schooling,0,0,0,0,0,1,4.9,Low,53.5,33.3,1,0
8334,Female,10,17,88.4,55.1,2,11700,2.7,Primary,0,0,1,0,1,0,6.8,Low,49.0,20.3,0,1
8335,Male,7,14,89.6,58.6,0,9300,0.4,Secondary,0,1,0,0,0,0,2.2,Low,49.8,52.9,2,0
8336,Female,8,14,97.7,75.6,1,4900,0.3,Higher Secondary,1,1,0,0,0,1,5.2,Medium,26.6,22.4,1,0
8337,Female,7,12,69.1,78.5,0,7300,0.1,Primary,0,0,0,0,0,1,6.5,Low,32.5,25.3,0,0
8338,Male,9,13,83.5,81.9,2,27800,1.6,No Schooling,0,0,0,0,0,1,5.7,Medium,62.0,49.4,0,0
8339,Male,9,16,92.6,53.2,0,3900,0.6,Primary,0,0,0,0,0,1,5.7,High,50.1,20.0,1,0
8340,Female,8,14,64.6,52.6,0,8000,0.1,Higher Secondary,0,1,1,0,0,0,3.8,Low,37.2,46.8,0,0
8341,Male,7,12,75.1,80.6,0,6500,1.4,No Schooling,0,1,0,0,0,0,5.0,Medium,11.1,24.6,1,0
8342,Female,9,14,73.7,54.4,1,16000,3.2,No Schooling,1,0,1,0,1,1,5.4,Low,54.8,20.2,0,0
8343,Female,6,10,84.6,69.1,0,3400,3.6,Higher Secondary,0,0,1,0,1,1,2.8,Low,39.4,36.7,0,0
8344,Male,8,13,66.6,48.2,0,4900,0.8,Higher Secondary,0,0,1,1,0,1,8.0,High,14.8,22.5,1,0
8345,Female,9,16,79.7,57.8,2,6300,1.1,Primary,0,0,0,0,1,1,4.0,High,31.9,16.5,1,0
8346,Male,7,13,89.2,37.9,0,4900,0.2,Higher Secondary,0,0,0,0,0,1,3.8,High,47.1,27.2,0,0
8347,Female,9,14,81.0,0.2,0,10700,0.1,Primary,0,0,1,0,0,1,1.0,Low,45.3,14.4,1,0
8348,Male,9,13,59.2,53.7,1,12900,1.6,Secondary,0,0,0,0,0,0,1.4,Low,44.6,19.5,0,0
8349,Male,6,11,76.5,64.5,1,10700,7.1,Graduate,0,0,0,0,0,1,3.7,Low,34.0,19.7,0,0
8350,Male,7,11,67.4,10.6,0,3000,2.4,Primary,0,0,0,0,1,1,0.0,Low,17.2,18.0,0,1
8351,Female,7,12,83.3,53.4,0,6300,1.5,Higher Secondary,0,0,1,0,0,1,3.1,Low,24.8,14.9,1,1
8352,Female,9,13,89.3,67.5,0,6700,0.5,Primary,0,0,1,0,1,1,7.0,Low,34.0,43.3,0,0
8353,Female,8,15,62.6,86.2,0,3600,5.1,Primary,0,0,0,0,0,0,5.7,Low,43.1,41.5,0,0
8354,Male,8,12,82.9,32.4,0,4300,1.3,No Schooling,0,0,0,1,0,1,2.3,Low,31.5,5.5,0,0
8355,Female,7,11,92.0,60.4,2,27400,3.7,Higher Secondary,0,0,1,0,1,1,6.5,Low,40.4,35.8,1,0
8356,Female,6,12,77.0,72.5,0,13900,5.9,Primary,0,0,1,1,0,0,6.2,Low,62.2,36.4,0,0
8357,Female,6,11,69.8,76.6,0,3400,4.7,Primary,0,0,0,0,0,0,6.6,Medium,26.5,39.6,0,0
8358,Male,7,14,97.6,100.0,0,12500,0.1,Secondary,0,1,1,1,0,0,8.0,Medium,52.2,57.5,0,0
8359,Female,6,11,87.9,90.6,5,11900,1.5,Higher Secondary,0,0,1,1,0,1,4.8,Low,62.7,41.4,1,1
8360,Male,6,12,84.4,65.4,0,4600,0.4,Primary,0,0,0,0,1,1,5.0,Medium,61.1,36.6,1,0
8361,Male,8,15,73.7,48.2,0,11200,2.5,Higher Secondary,0,0,0,0,1,1,1.9,High,42.5,13.2,0,0
8362,Female,8,15,79.0,82.9,2,5700,0.9,Secondary,0,0,0,1,1,1,3.1,Medium,47.6,9.0,0,0
8363,Male,6,13,88.7,38.0,0,3000,2.0,Secondary,0,0,0,0,1,1,4.8,Low,52.0,30.7,0,0
8364,Male,8,14,93.6,100.0,1,5800,4.3,Primary,0,0,0,0,0,1,7.3,High,40.8,36.2,0,0
8365,Female,6,13,67.2,83.0,0,3700,0.6,Secondary,1,0,0,0,0,1,3.7,Low,34.8,45.5,0,0
8366,Female,7,12,90.4,60.2,0,5200,0.3,Secondary,0,0,1,0,0,0,3.4,Medium,53.8,29.2,0,0
8367,Male,10,17,86.4,37.5,0,11400,1.0,Primary,0,0,1,0,1,1,2.3,Low,43.2,9.7,0,0
8368,Female,8,15,98.5,64.3,0,11400,0.6,No Schooling,0,0,1,1,0,1,3.8,Medium,38.3,34.9,0,0
8369,Male,6,11,79.4,60.9,0,10400,15.0,Primary,0,0,1,1,1,1,0.8,Low,40.2,28.2,0,0
8370,Male,7,11,84.7,0.8,0,9900,0.3,Secondary,0,0,1,0,0,1,0.0,Low,38.5,18.5,0,0
8371,Male,9,15,82.3,47.5,0,3800,0.8,Higher Secondary,0,0,0,1,0,0,4.2,Medium,19.1,25.7,0,0
8372,Female,7,11,82.4,72.0,0,4600,8.2,Primary,0,0,1,0,1,1,5.8,Medium,36.4,37.0,0,0
8373,Male,10,14,90.4,77.3,2,18100,2.8,No Schooling,0,0,0,0,1,1,3.2,Low,47.8,36.0,2,0
8374,Male,7,14,69.5,53.1,0,28000,3.3,Primary,1,0,0,0,0,1,3.0,Medium,17.3,46.9,0,0
8375,Female,6,12,55.5,2.0,0,8000,4.0,Higher Secondary,0,1,1,0,0,1,0.0,Low,27.8,0.0,0,1
8376,Female,8,14,83.0,59.7,0,10000,3.6,Secondary,0,0,1,0,0,1,4.4,Low,34.8,22.6,1,0
8377,Female,9,16,67.6,88.0,0,35700,0.9,No Schooling,0,0,1,0,0,1,5.7,Medium,68.6,45.9,0,0
8378,Female,8,15,86.2,81.5,0,6000,0.7,Primary,0,0,0,0,0,0,4.1,Low,48.6,47.9,0,0
8379,Male,10,17,80.9,58.8,0,9100,9.5,Primary,0,0,0,0,0,1,4.6,Low,36.9,36.4,0,0
8380,Male,10,14,88.1,81.3,1,5100,1.6,Graduate,0,0,0,0,0,1,4.9,Medium,60.1,11.8,0,0
8381,Male,6,11,75.4,86.3,0,3000,0.5,Graduate,0,0,0,0,0,0,8.0,Low,51.2,47.8,0,0
8382,Female,6,13,87.6,71.2,3,5300,4.3,Primary,0,0,1,0,0,1,4.1,Low,44.9,27.8,0,0
8383,Male,7,11,70.5,56.6,0,10500,0.1,Graduate,0,0,0,0,0,1,5.1,Low,37.6,16.7,0,1
8384,Male,8,12,66.7,3.4,1,3000,4.3,No Schooling,0,1,0,0,0,1,3.4,Medium,26.1,30.2,0,0
8385,Male,8,14,71.4,98.4,0,11500,4.7,Higher Secondary,0,0,1,0,0,1,6.8,Low,41.4,53.8,1,0
8386,Male,7,12,96.7,58.3,0,3300,2.2,Higher Secondary,0,0,0,0,0,1,4.6,Low,70.4,46.3,0,0
8387,Female,10,14,52.8,45.0,0,5200,0.3,Secondary,1,0,0,0,1,1,3.6,Low,25.0,17.1,0,0
8388,Female,7,14,73.6,29.7,0,7000,1.0,Secondary,0,0,1,0,1,1,1.9,Low,44.0,15.5,0,0
8389,Male,9,14,95.4,77.2,5,4200,2.1,Secondary,0,0,0,0,0,1,0.8,Medium,76.3,54.0,0,1
8390,Female,10,15,87.6,82.2,0,8300,3.3,Graduate,0,0,0,1,0,1,5.6,Medium,63.9,38.9,0,1
8391,Female,6,12,92.2,60.6,3,7500,0.6,No Schooling,0,0,0,0,0,1,3.9,High,57.2,44.4,0,0
8392,Male,7,13,86.0,76.9,1,8500,10.4,Primary,0,0,0,0,0,1,5.7,High,47.8,44.4,0,1
8393,Male,6,11,97.0,86.5,4,22600,1.7,Primary,0,0,0,0,0,0,4.8,Low,23.9,57.5,1,1
8394,Female,10,17,78.2,48.4,4,4600,0.7,No Schooling,0,0,1,0,0,0,3.0,Low,43.0,18.1,2,1
8395,Male,7,12,78.7,84.2,0,11300,4.9,Graduate,0,0,0,1,1,1,2.4,Low,70.1,57.1,0,0
8396,Female,10,17,74.6,51.5,0,4800,5.0,Primary,0,0,1,0,0,1,3.6,Low,28.6,28.0,0,0
8397,Female,8,15,68.9,39.9,3,8200,2.0,Primary,1,0,1,0,1,1,3.3,High,20.9,25.0,0,0
8398,Female,8,12,78.0,70.9,0,15900,3.2,Primary,0,0,0,0,0,0,2.0,Low,49.2,51.2,0,0
8399,Female,10,17,85.8,100.0,0,16200,1.8,Graduate,0,0,0,0,0,0,5.7,Low,43.7,41.0,0,0
8400,Female,8,12,68.8,52.8,0,5900,12.2,Graduate,1,0,0,0,0,1,4.1,Medium,27.6,7.9,1,0
8401,Male,9,14,87.1,52.2,2,15300,2.7,Primary,0,0,1,0,0,0,0.2,High,69.2,28.1,0,0
8402,Male,7,14,87.2,78.0,0,9900,0.4,Graduate,0,0,1,1,0,1,8.0,High,37.8,43.3,0,0
8403,Female,6,10,76.0,54.6,1,8800,0.9,Primary,1,0,1,0,0,1,4.3,Low,44.7,32.3,0,0
8404,Female,6,12,83.4,89.2,0,9800,1.8,Higher Secondary,0,0,1,0,1,0,4.9,Low,55.9,48.5,1,0
8405,Female,6,13,64.4,78.0,1,8000,0.4,Higher Secondary,1,0,0,0,0,0,4.2,Low,39.1,34.4,0,0
8406,Female,9,14,88.3,75.4,1,4400,2.3,Primary,0,0,0,0,0,1,2.7,Low,65.5,24.2,0,0
8407,Male,7,11,94.8,56.6,0,7400,1.2,No Schooling,0,0,1,0,1,1,4.5,High,38.0,38.6,1,0
8408,Female,8,12,75.1,74.7,0,22100,1.0,Primary,0,0,1,0,0,1,6.3,Low,46.2,43.7,0,0
8409,Female,6,12,75.5,17.3,0,5200,3.4,Primary,0,0,1,0,0,1,0.0,Medium,60.5,22.5,0,0
8410,Female,8,12,73.1,47.7,2,50000,1.5,Higher Secondary,0,0,1,1,0,0,5.0,Medium,19.8,24.6,0,0
8411,Female,9,13,91.3,77.2,0,4800,0.1,Graduate,0,0,0,0,0,1,4.5,Low,53.6,19.4,0,0
8412,Male,8,15,67.5,46.8,1,14900,1.5,Primary,0,0,1,0,0,0,3.0,Medium,42.1,37.0,2,0
8413,Female,10,16,87.1,100.0,0,3000,4.1,Primary,0,0,1,0,0,1,8.0,Low,62.8,42.4,0,0
8414,Male,6,11,64.0,47.0,0,10900,2.2,No Schooling,1,0,0,1,0,1,3.1,Low,27.8,7.8,0,0
8415,Male,6,10,93.0,51.3,0,3000,1.8,Primary,1,0,1,0,0,1,4.7,Medium,46.0,55.4,0,0
8416,Female,8,15,74.5,55.5,0,15100,13.1,No Schooling,0,0,1,0,0,1,4.1,High,52.8,37.1,0,0
8417,Female,7,13,76.9,68.0,2,8300,0.4,No Schooling,0,0,0,0,0,1,1.9,Low,43.7,20.0,0,1
8418,Female,9,13,72.2,67.7,2,16300,0.6,Secondary,0,0,1,0,1,1,2.8,Low,33.2,24.8,1,0
8419,Male,9,16,92.6,65.9,1,3500,0.1,Primary,0,0,1,0,1,0,4.8,Low,33.0,20.8,0,0
8420,Male,6,10,43.8,21.5,0,9300,0.3,Secondary,0,0,1,0,0,1,1.6,Low,23.8,15.1,0,1
8421,Male,10,16,84.4,50.8,1,12500,0.4,No Schooling,0,0,1,1,0,1,3.3,Medium,36.6,27.5,0,0
8422,Female,6,12,85.1,89.4,0,12400,2.4,No Schooling,0,0,0,0,0,0,6.0,Low,39.4,38.8,0,0
8423,Female,9,14,80.1,96.8,4,4400,1.7,Primary,0,0,0,1,0,0,2.8,Medium,71.6,59.0,0,1
8424,Female,7,14,82.9,28.9,0,9000,5.0,Secondary,0,0,0,1,1,0,0.8,Medium,44.5,24.3,1,0
8425,Male,9,15,55.3,43.4,0,5700,10.0,Graduate,0,0,1,0,0,1,2.9,High,34.8,23.8,0,0
8426,Female,6,11,96.1,100.0,1,9300,0.7,Primary,0,0,1,0,0,1,5.1,Low,56.1,58.1,0,0
8427,Female,10,14,82.3,94.1,0,3000,1.2,No Schooling,0,1,1,0,1,1,4.7,Low,57.6,59.2,0,0
8428,Male,10,15,88.7,81.0,0,22900,2.2,Primary,0,0,1,1,0,1,6.4,Medium,38.7,33.5,1,0
8429,Female,8,13,81.4,59.4,1,5300,2.3,No Schooling,1,1,1,1,0,1,3.5,High,26.0,18.5,0,1
8430,Female,8,14,70.7,37.0,0,11400,1.7,Primary,0,1,0,1,0,1,0.8,Low,32.8,40.4,0,0
8431,Male,9,14,94.3,91.7,0,3600,0.4,Secondary,0,0,0,0,1,1,8.0,Low,42.5,38.9,0,0
8432,Male,8,12,60.4,33.6,4,3000,1.2,Primary,1,0,0,0,0,1,3.8,High,60.8,20.4,1,0
8433,Female,8,14,79.4,72.6,0,13000,1.4,Secondary,1,0,0,0,0,1,6.4,Low,46.6,24.8,0,0
8434,Female,8,13,74.3,51.7,0,12800,3.9,Primary,0,0,0,0,0,0,2.2,Low,42.5,19.4,1,0
8435,Female,10,15,72.0,46.6,2,14700,1.9,Primary,0,0,0,0,0,1,3.0,Low,37.2,21.9,1,1
8436,Female,8,14,72.4,52.9,1,10400,2.0,Graduate,0,0,1,0,0,1,0.4,Low,50.0,44.3,0,1
8437,Male,6,13,83.2,75.6,0,18500,1.5,Higher Secondary,0,0,1,0,0,1,5.6,Medium,61.3,51.3,0,0
8438,Female,10,14,91.4,81.7,0,10300,5.6,Primary,0,1,1,0,0,1,7.0,Low,29.4,19.6,0,0
8439,Female,6,13,98.5,80.3,0,4300,1.5,Primary,1,0,1,0,0,0,3.8,Low,59.6,66.3,0,0
8440,Male,6,12,96.8,78.7,1,43600,2.0,Higher Secondary,0,0,1,0,0,1,2.8,Medium,37.0,18.3,0,0
8441,Female,10,16,79.9,25.7,0,4500,2.5,Primary,0,1,1,0,0,1,0.4,Medium,17.7,23.1,1,1
8442,Male,6,10,71.4,68.1,1,14600,4.5,Primary,0,0,0,0,1,0,5.3,Low,38.8,17.4,0,0
8443,Male,6,12,87.5,69.1,0,11500,1.6,Primary,0,0,0,0,0,1,6.6,Low,24.3,39.0,1,0
8444,Male,8,14,89.9,59.7,0,17000,5.6,Secondary,0,1,0,0,1,0,5.9,Medium,59.4,37.6,0,0
8445,Female,10,16,84.8,32.3,4,7600,3.7,Primary,0,0,0,0,1,1,2.5,Medium,36.3,26.5,1,1
8446,Male,6,13,87.9,95.8,3,10300,4.2,Primary,0,0,1,0,0,0,2.8,Low,72.6,52.4,1,0
8447,Male,8,15,60.4,0.0,5,5200,3.7,Higher Secondary,0,0,1,0,1,1,3.5,Low,11.4,20.7,0,1
8448,Female,6,13,92.4,92.0,1,12200,0.5,Graduate,0,0,1,0,0,1,3.5,Low,42.7,60.1,0,0
8449,Male,7,12,70.7,77.0,1,3300,0.4,No Schooling,0,1,0,0,0,1,4.7,Medium,49.7,25.5,0,0
8450,Female,7,13,72.8,59.2,0,19700,1.0,No Schooling,1,0,0,0,0,1,4.7,Low,22.2,40.5,1,0
8451,Female,6,10,62.8,54.0,0,42000,8.3,Higher Secondary,0,0,0,0,0,0,1.0,Low,53.8,59.5,0,0
8452,Male,10,16,67.0,9.4,0,17500,2.7,Secondary,0,0,0,1,1,1,3.2,Low,21.0,6.6,1,0
8453,Male,9,13,69.0,32.1,0,3000,4.5,Primary,0,0,0,0,1,1,4.7,Low,17.8,43.6,0,0
8454,Female,10,15,96.1,62.0,0,5600,0.2,Secondary,0,0,0,1,0,1,3.6,High,56.1,20.7,0,0
8455,Male,10,16,97.1,100.0,0,16100,1.9,No Schooling,0,0,0,0,0,1,5.0,Low,38.5,47.9,1,0
8456,Male,10,15,96.0,94.7,0,3700,0.3,No Schooling,0,0,1,0,0,0,6.9,Medium,46.8,56.1,0,0
8457,Female,9,16,86.1,64.7,1,3200,7.2,Secondary,0,0,0,0,1,1,4.6,Medium,32.0,32.3,0,0
8458,Female,7,11,88.6,50.0,2,8900,1.1,Secondary,0,1,0,0,0,1,5.4,Low,40.3,48.2,0,1
8459,Female,10,17,89.5,83.6,3,5800,15.0,Primary,0,1,0,0,0,1,6.1,Medium,35.9,47.8,0,1
8460,Female,8,14,66.8,80.0,1,5600,0.2,Higher Secondary,0,1,0,0,0,1,7.6,Low,31.4,22.5,0,0
8461,Female,7,12,41.8,69.9,3,3000,5.0,Primary,0,0,0,1,0,1,4.3,Low,47.5,28.3,0,0
8462,Female,7,11,89.6,39.1,0,26500,1.5,Primary,0,0,0,1,1,1,2.3,Low,28.4,2.3,0,0
8463,Female,7,11,66.8,80.3,0,4100,5.5,Primary,0,0,1,0,1,1,5.6,Low,37.1,41.4,1,0
8464,Female,8,13,92.9,58.9,3,6000,1.0,Primary,0,0,0,0,0,1,3.7,Medium,27.4,19.1,0,1
8465,Female,9,15,83.4,78.7,3,10900,1.0,Higher Secondary,0,0,0,0,0,1,5.0,Low,40.4,37.8,0,0
8466,Male,8,14,76.0,74.4,5,6900,1.1,Secondary,0,0,1,0,0,1,5.3,Low,45.9,38.3,0,0
8467,Male,7,12,56.3,84.4,2,5800,0.9,Secondary,1,0,0,1,0,0,6.0,Medium,31.1,19.5,2,1
8468,Male,6,12,80.9,89.4,0,15600,1.2,No Schooling,0,0,0,1,0,1,4.4,Low,56.4,45.4,0,0
8469,Female,10,16,66.6,67.8,2,10500,0.7,No Schooling,1,0,0,0,1,1,2.7,Low,40.9,15.7,0,1
8470,Male,7,12,85.3,90.5,0,10200,2.4,Primary,1,0,1,0,0,1,3.3,Low,64.0,24.1,0,0
8471,Male,8,13,63.4,52.5,2,6000,0.8,Secondary,0,0,1,0,0,0,4.3,Medium,47.0,20.9,0,1
8472,Female,9,14,43.3,24.5,0,3200,0.1,Primary,0,0,1,0,0,1,3.0,Low,23.7,11.0,1,1
8473,Male,10,16,65.0,29.8,1,18100,2.3,Primary,1,0,0,0,0,1,3.1,Low,15.6,21.6,0,1
8474,Male,8,14,70.6,92.2,2,4900,3.0,Secondary,1,0,0,0,0,0,5.7,Low,34.0,45.6,0,0
8475,Male,9,13,77.8,71.9,0,3100,0.4,Primary,0,0,0,0,0,1,5.1,Low,58.9,41.6,0,0
8476,Male,7,14,85.7,63.5,0,6300,7.8,Primary,0,0,0,0,1,0,2.6,Medium,52.9,33.5,0,1
8477,Female,10,14,78.1,54.7,1,7700,4.1,No Schooling,0,0,1,1,0,0,6.7,Low,22.3,22.6,0,0
8478,Male,8,14,75.4,78.0,1,3000,0.1,Primary,1,1,0,0,0,1,4.8,Low,52.0,34.3,0,0
8479,Male,9,13,89.2,47.1,0,5900,0.4,Secondary,0,0,0,0,1,0,4.1,Low,44.5,20.4,0,0
8480,Female,6,11,58.4,47.4,0,8000,1.8,Primary,0,0,0,0,0,1,4.0,Medium,36.2,30.0,0,0
8481,Male,9,15,68.5,55.7,0,3300,0.7,No Schooling,0,0,1,1,0,1,2.4,Medium,36.7,36.9,1,1
8482,Male,7,14,87.9,96.0,1,17600,1.4,Secondary,0,1,0,0,0,1,7.1,Medium,47.3,29.2,1,0
8483,Female,8,14,78.1,67.6,3,3300,7.2,Secondary,0,0,1,0,0,1,2.7,Medium,58.7,15.7,1,1
8484,Female,9,13,70.5,100.0,0,12700,0.2,Higher Secondary,0,0,1,0,0,1,7.0,Low,57.4,42.0,0,0
8485,Female,9,16,99.1,100.0,1,9000,0.1,Secondary,0,0,1,1,0,1,6.4,Low,54.9,34.4,1,0
8486,Female,7,12,88.0,45.6,1,47900,2.7,Secondary,0,0,0,0,0,1,3.6,Low,37.0,33.1,0,0
8487,Female,10,15,86.4,51.7,0,8400,2.8,Secondary,0,1,1,0,0,1,2.2,Medium,27.7,30.2,0,1
8488,Male,6,10,82.4,45.9,3,3000,0.5,Secondary,0,0,0,0,0,1,3.8,Low,51.7,22.5,0,1
8489,Female,8,14,69.4,93.4,0,3300,1.4,No Schooling,1,0,1,0,0,1,5.1,Medium,26.3,33.9,0,0
8490,Female,6,11,79.3,78.5,4,6500,1.4,Primary,0,0,0,0,1,1,4.1,Medium,54.1,32.0,0,0
8491,Male,7,11,49.2,11.7,0,3000,0.1,Secondary,0,0,0,0,0,1,1.4,Medium,16.0,0.0,0,0
8492,Female,10,16,83.4,87.7,0,3100,0.1,No Schooling,0,0,0,0,0,1,6.0,Medium,31.8,37.2,0,0
8493,Male,6,10,83.2,70.9,0,12500,0.3,No Schooling,0,0,0,0,0,1,5.8,Low,59.2,50.4,0,0
8494,Female,10,16,97.3,63.7,0,36800,1.0,No Schooling,0,0,0,0,0,1,1.6,Medium,43.8,29.2,0,0
8495,Female,7,13,91.6,56.8,2,7500,1.0,Primary,0,1,0,0,0,1,1.5,Medium,45.5,14.0,0,1
8496,Female,9,16,87.2,69.6,1,3900,0.9,Secondary,0,0,0,0,0,1,7.4,High,26.5,38.8,0,0
8497,Male,6,12,86.6,19.8,0,16600,0.3,Primary,0,0,0,0,0,0,0.1,Low,32.4,12.3,0,0
8498,Female,9,15,89.7,53.0,0,20200,3.8,No Schooling,0,0,0,0,1,1,4.8,Low,45.6,23.0,0,0
8499,Female,10,14,75.7,59.1,0,5900,9.6,No Schooling,0,0,1,0,1,1,4.6,Low,41.8,16.4,1,0
8500,Male,8,12,91.5,58.2,4,12500,0.2,No Schooling,0,1,0,0,0,1,3.9,Medium,39.7,27.1,0,1
8501,Male,7,13,94.7,59.5,2,20200,2.1,No Schooling,1,0,1,0,1,0,3.9,Low,47.0,49.4,0,1
8502,Female,9,15,86.7,65.5,0,10200,1.2,Higher Secondary,1,0,0,0,0,0,4.2,Low,48.7,31.3,0,0
8503,Male,9,15,68.2,45.7,0,5000,7.5,Secondary,0,0,0,0,0,1,1.3,Medium,41.2,12.9,0,0
8504,Female,6,12,93.2,54.1,1,5600,0.2,Primary,0,0,1,0,1,1,5.1,Low,49.3,41.4,0,0
8505,Female,9,16,81.2,53.9,0,3400,0.9,Primary,0,0,0,0,0,1,4.6,Medium,55.6,24.2,1,0
8506,Male,9,15,85.3,74.4,1,4700,2.0,Higher Secondary,1,0,1,1,1,0,4.8,High,43.0,30.5,0,0
8507,Female,9,13,81.8,43.0,0,12500,1.1,Secondary,0,0,1,0,0,0,4.3,Medium,30.3,34.3,0,0
8508,Male,7,12,82.4,49.1,2,6900,2.9,No Schooling,0,0,0,0,0,1,3.1,Low,29.0,12.8,0,0
8509,Female,7,12,78.1,67.5,0,3000,4.6,Higher Secondary,0,0,1,0,0,1,4.9,Low,30.2,15.3,1,1
8510,Female,10,16,70.5,35.6,0,10300,0.1,Secondary,0,0,1,0,0,0,1.4,Low,18.8,32.0,1,0
8511,Male,8,14,64.6,65.3,1,17500,1.0,Primary,1,0,1,0,0,1,4.3,Low,31.0,41.1,0,1
8512,Female,8,14,67.5,53.5,0,7200,0.4,Higher Secondary,0,0,0,0,0,1,4.8,Low,30.4,52.4,0,0
8513,Male,10,16,87.3,69.6,5,7600,3.7,Primary,0,0,0,0,0,1,4.7,Low,54.2,36.4,0,1
8514,Female,7,12,70.8,78.4,0,22700,4.3,Graduate,0,0,0,0,0,1,5.7,Medium,41.6,47.8,0,0
8515,Male,7,11,60.8,36.5,1,18400,0.9,Higher Secondary,0,0,1,0,1,1,3.0,Medium,17.1,0.0,0,0
8516,Female,9,16,70.3,43.1,2,11900,0.2,Primary,0,0,0,1,0,1,3.9,Low,33.5,20.9,0,0
8517,Female,9,14,88.0,54.4,4,22000,15.0,Higher Secondary,1,0,0,0,0,1,2.1,Low,31.3,17.1,1,0
8518,Male,10,14,88.7,76.9,3,18400,1.5,Primary,0,0,0,0,0,1,5.2,Low,54.5,27.3,0,0
8519,Female,9,16,98.2,74.0,3,7500,1.9,Higher Secondary,0,0,0,0,0,0,4.0,Low,41.0,49.9,0,0
8520,Male,7,11,83.3,57.1,1,10600,5.5,Primary,0,0,1,1,0,1,3.8,Low,48.8,50.7,0,0
8521,Female,7,12,77.9,100.0,0,8800,1.9,Secondary,0,1,0,0,0,1,5.7,Low,46.0,39.9,0,0
8522,Male,6,12,65.6,46.7,0,32400,0.6,Primary,0,0,1,0,0,1,2.0,Medium,45.0,24.4,1,0
8523,Female,10,15,94.1,43.9,1,11000,8.5,Secondary,1,0,1,0,0,1,4.3,Low,51.9,38.8,0,1
8524,Male,6,13,72.7,30.8,1,10400,5.7,Primary,0,0,1,0,0,0,2.5,Low,43.7,28.2,0,0
8525,Male,8,13,56.1,64.1,1,30000,0.4,No Schooling,0,0,0,0,1,1,2.9,Low,42.2,43.6,0,0
8526,Female,7,13,62.4,60.1,0,9200,0.5,No Schooling,0,0,1,0,0,1,2.9,Medium,40.6,29.1,0,0
8527,Female,6,11,98.3,100.0,0,6400,6.3,Higher Secondary,0,0,1,0,0,1,8.0,Low,49.5,43.2,0,0
8528,Female,7,12,91.3,41.7,1,3000,3.6,No Schooling,1,0,1,0,0,0,1.8,Low,22.6,12.6,0,0
8529,Female,9,14,90.1,64.9,0,6000,4.1,Secondary,1,0,0,0,0,0,4.8,Low,23.9,8.0,0,0
8530,Male,6,13,76.7,83.7,1,9300,0.3,Higher Secondary,0,0,0,0,0,1,6.7,Low,54.3,38.6,1,0
8531,Female,10,17,68.7,44.8,0,16100,1.7,Primary,0,1,1,0,0,1,3.3,Medium,39.8,24.8,2,0
8532,Male,10,15,97.9,4.0,0,8100,11.5,Higher Secondary,0,0,1,0,0,1,2.2,Low,41.6,35.5,0,0
8533,Male,6,11,64.4,43.1,0,4400,2.8,Primary,0,0,1,0,0,1,2.9,High,47.1,32.0,0,0
8534,Female,10,15,65.7,51.1,0,10700,0.4,Primary,0,0,1,0,0,1,3.7,Low,40.0,27.7,0,0
8535,Female,7,13,85.0,27.6,0,3000,2.8,Higher Secondary,1,0,0,0,0,1,3.6,Low,35.0,22.3,0,0
8536,Male,6,12,80.1,86.5,0,20100,2.5,Secondary,0,0,1,1,1,0,7.7,Low,57.4,24.1,0,0
8537,Male,7,13,80.2,94.4,0,22100,0.8,Secondary,0,0,1,0,1,0,2.9,Low,58.1,66.6,0,1
8538,Female,9,14,85.2,75.1,0,3000,1.4,No Schooling,0,1,1,0,0,1,5.6,Low,57.3,28.3,0,0
8539,Male,9,14,58.7,68.4,0,4500,2.9,Graduate,0,0,0,0,0,1,4.0,Low,31.6,54.6,2,0
8540,Male,7,13,70.2,71.8,0,10400,4.3,No Schooling,0,0,1,1,0,1,5.1,Low,55.1,64.7,0,0
8541,Male,9,16,74.5,79.9,0,27800,2.7,Secondary,0,0,0,0,1,1,7.5,Low,55.5,39.1,0,0
8542,Male,9,16,60.8,75.6,0,7800,5.3,Secondary,0,1,0,0,1,0,4.6,Medium,30.6,24.2,1,1
8543,Male,9,13,74.2,4.0,0,10700,8.5,Primary,0,0,0,1,0,1,0.3,Low,48.5,1.3,1,0
8544,Female,8,12,68.7,34.9,0,9700,0.1,No Schooling,0,0,0,0,0,1,3.2,Low,27.5,7.2,0,0
8545,Male,9,15,76.2,60.5,1,3000,2.4,Secondary,0,0,1,0,0,1,3.2,Low,26.5,14.7,0,0
8546,Male,9,13,59.1,49.7,0,6400,2.2,Graduate,0,1,0,0,1,1,4.3,Low,47.4,32.4,0,0
8547,Female,6,12,83.0,53.4,0,4800,3.5,Higher Secondary,1,0,0,1,0,1,3.6,Low,33.7,40.9,1,0
8548,Female,9,14,70.7,65.3,5,9600,4.3,Secondary,0,0,1,0,1,1,4.2,Low,34.1,11.5,1,1
8549,Female,7,11,71.2,71.0,1,5000,6.2,Primary,0,0,0,0,1,0,6.0,Medium,46.2,29.6,0,0
8550,Female,9,15,85.0,27.9,2,8300,2.5,Primary,0,0,0,0,0,0,3.4,Medium,31.4,20.0,0,0
8551,Female,9,15,71.3,23.8,0,7800,5.5,Primary,0,0,1,0,0,1,4.3,Low,32.8,18.4,0,0
8552,Female,7,13,69.8,80.2,1,8300,0.7,Higher Secondary,0,0,0,0,1,1,5.4,Medium,77.6,27.2,0,0
8553,Female,6,13,76.7,38.6,0,17100,2.6,No Schooling,0,1,1,0,1,1,3.2,Low,45.1,14.5,0,1
8554,Female,9,16,80.7,91.6,3,10600,14.3,Secondary,0,1,1,0,1,1,1.3,Low,25.4,29.1,2,1
8555,Female,10,15,74.3,76.5,1,6800,1.6,No Schooling,0,0,1,0,0,1,4.2,Low,34.8,24.1,0,1
8556,Male,10,16,97.7,45.3,0,11500,0.7,Secondary,1,0,0,1,0,0,4.8,Medium,25.8,19.1,0,0
8557,Female,8,15,90.5,59.7,0,5500,0.5,No Schooling,1,0,1,0,0,0,2.7,Low,44.3,26.4,0,0
8558,Female,7,14,66.0,69.1,0,3800,2.7,No Schooling,0,0,0,0,0,0,5.1,Low,61.4,43.5,0,0
8559,Male,7,13,95.5,61.2,1,17200,0.1,Higher Secondary,0,0,0,0,0,1,3.7,Medium,37.4,45.5,1,0
8560,Female,9,13,87.6,75.4,0,5100,1.1,Primary,0,0,0,0,1,1,4.1,Low,33.7,44.5,0,0
8561,Male,7,12,91.2,51.9,4,4000,1.1,Secondary,1,0,0,0,0,1,1.2,Low,43.1,21.9,0,1
8562,Male,9,13,97.7,74.8,1,23500,0.8,Secondary,0,0,0,0,1,1,2.3,Low,61.9,50.0,0,0
8563,Female,7,11,79.4,62.5,0,15000,1.5,Higher Secondary,0,0,1,0,0,0,2.2,Low,30.8,34.7,0,0
8564,Male,6,11,65.4,80.9,4,7100,2.3,Graduate,0,1,0,0,0,1,6.5,Low,58.1,22.3,0,0
8565,Male,8,13,75.1,76.6,1,15100,1.8,No Schooling,0,0,0,0,0,0,6.9,High,47.0,43.7,0,0
8566,Male,8,15,80.5,35.4,0,5900,5.3,Primary,0,0,0,0,0,1,2.5,Medium,28.4,46.2,0,0
8567,Female,8,13,67.3,64.1,3,11400,0.5,Primary,0,0,1,0,0,1,5.9,Low,28.7,26.7,0,1
8568,Male,7,11,92.7,62.6,1,8400,2.9,Primary,0,0,0,0,1,0,5.3,High,57.1,31.1,0,0
8569,Female,9,13,88.8,61.9,0,6300,0.2,Secondary,0,0,1,0,0,0,5.4,Low,45.6,45.7,0,0
8570,Female,8,12,78.0,93.2,0,9700,8.0,No Schooling,0,0,0,0,0,1,4.3,Low,50.2,35.5,1,0
8571,Female,9,14,82.5,45.7,2,3700,1.5,Graduate,0,0,1,0,0,1,3.1,Medium,24.7,12.5,1,1
8572,Female,8,13,87.6,78.8,0,5400,4.6,No Schooling,1,0,1,0,0,1,4.3,High,45.2,35.5,0,0
8573,Female,7,12,80.8,36.6,0,3000,0.4,Secondary,0,0,0,0,1,1,4.0,Low,36.0,18.1,1,0
8574,Male,9,14,88.2,91.5,4,6400,0.1,No Schooling,0,0,0,1,0,1,3.7,High,33.3,52.1,0,1
8575,Female,8,13,93.8,31.6,1,9700,1.9,Primary,1,1,1,0,0,1,2.4,Medium,31.2,24.0,0,0
8576,Female,8,14,76.8,57.4,1,3000,2.8,Higher Secondary,0,0,0,0,0,1,1.6,High,37.1,30.4,0,0
8577,Male,9,13,76.4,92.5,0,10600,0.1,Higher Secondary,0,0,1,1,1,1,6.3,Low,28.4,41.9,0,0
8578,Male,6,13,95.0,72.0,1,3000,1.2,No Schooling,0,0,0,0,0,1,2.9,Medium,67.2,38.4,0,1
8579,Female,10,15,85.9,62.0,1,5400,3.5,Primary,0,0,0,1,0,1,2.3,Low,41.5,35.8,0,0
8580,Male,7,11,55.5,64.1,0,7600,2.8,Secondary,1,0,0,0,0,0,0.7,Medium,45.3,36.0,0,0
8581,Female,7,11,60.8,6.1,2,8000,1.0,Higher Secondary,0,1,1,0,0,0,4.1,Low,31.3,12.8,0,1
8582,Male,9,15,69.0,66.1,0,9500,0.4,No Schooling,0,0,1,1,0,0,4.2,Low,58.6,36.4,0,0
8583,Female,7,13,88.7,32.8,0,3000,0.3,Primary,0,0,1,1,1,1,3.2,Low,33.5,34.8,0,0
8584,Male,10,14,89.7,82.6,0,9100,3.3,Higher Secondary,1,0,0,1,0,1,3.4,High,47.7,42.8,0,0
8585,Female,7,12,64.0,56.1,1,13000,3.7,Secondary,0,0,1,0,0,1,4.4,Low,28.0,19.7,1,1
8586,Male,7,11,67.1,52.2,0,5900,0.4,No Schooling,0,0,1,0,1,1,2.7,Low,20.2,24.9,0,0
8587,Male,6,13,72.5,33.5,4,6800,10.3,Secondary,0,0,0,0,0,1,1.0,Low,50.2,18.3,0,1
8588,Male,6,11,68.7,58.5,1,3000,0.7,Secondary,0,0,0,0,0,0,3.6,Low,34.2,30.6,1,0
8589,Male,6,13,72.8,67.0,3,14800,3.4,Secondary,0,0,0,0,0,1,3.2,Medium,31.1,23.5,0,0
8590,Female,6,12,92.3,54.0,0,3300,2.5,Secondary,1,0,0,0,0,0,3.5,Low,54.5,38.9,0,0
8591,Female,7,14,96.6,2.0,0,17200,0.7,Primary,0,0,1,0,0,0,0.0,Low,28.5,37.2,0,0
8592,Male,7,13,76.0,59.6,1,37700,0.5,Graduate,0,0,0,0,0,1,5.5,Low,33.1,21.6,2,0
8593,Female,8,12,76.2,70.2,2,5700,0.1,Primary,1,1,1,0,1,1,5.2,High,34.2,18.7,0,1
8594,Male,7,13,62.7,72.0,0,4700,1.9,Primary,1,0,0,0,1,0,5.4,Low,36.4,32.5,0,0
8595,Male,6,11,81.2,61.7,1,7100,1.2,Primary,0,0,0,0,1,1,4.3,Medium,28.3,25.7,0,0
8596,Female,6,13,76.7,93.5,2,16300,0.1,Higher Secondary,0,1,0,0,1,1,5.5,Low,46.2,21.0,0,0
8597,Female,6,11,82.3,94.6,0,4300,3.8,Primary,0,0,0,0,0,1,6.2,Low,43.5,58.6,0,0
8598,Female,7,11,79.9,42.4,0,3000,0.8,Secondary,0,0,0,0,0,1,2.1,Low,38.1,27.1,1,0
8599,Male,6,10,74.0,87.5,0,17800,2.3,Secondary,0,0,1,1,1,1,4.4,Low,44.2,33.9,0,0
8600,Male,7,13,84.9,100.0,1,8200,0.2,Secondary,0,0,1,0,1,1,6.8,Medium,70.1,41.8,0,0
8601,Female,10,14,91.8,100.0,0,6900,2.8,Secondary,0,0,1,0,0,0,3.6,Low,51.4,42.1,0,0
8602,Male,7,13,57.1,44.5,0,8400,1.5,Primary,0,1,0,0,0,1,2.7,Low,10.9,25.0,1,0
8603,Male,6,10,94.7,55.5,1,4500,4.3,No Schooling,0,0,0,0,1,1,3.7,Low,35.4,33.1,0,1
8604,Female,9,13,94.3,66.8,0,7100,2.8,Secondary,0,0,1,0,0,1,3.8,Low,25.3,31.4,1,0
8605,Female,8,14,92.4,40.8,1,9700,5.5,Secondary,0,0,1,0,0,0,2.7,Medium,42.2,42.5,0,0
8606,Male,6,11,83.9,88.7,0,11300,1.0,Higher Secondary,0,0,0,0,0,0,2.8,Low,34.2,51.3,0,0
8607,Male,9,15,87.3,80.3,1,8300,0.1,Secondary,0,0,1,0,0,1,8.0,Low,58.0,29.0,0,1
8608,Female,9,13,81.0,61.1,0,3000,3.3,No Schooling,0,0,1,0,1,0,2.5,Low,38.7,29.1,0,0
8609,Male,10,14,97.8,42.4,1,6400,0.5,Secondary,0,1,0,0,0,1,2.0,Low,59.3,26.2,0,0
8610,Male,10,14,66.5,27.7,3,8300,0.5,Primary,1,0,1,0,1,1,1.4,High,31.2,24.5,0,1
8611,Male,8,13,75.3,64.4,1,8800,3.4,Graduate,0,0,0,0,0,1,6.1,Low,57.1,24.7,1,0
8612,Female,9,14,74.1,63.7,0,5900,1.9,Primary,1,0,1,1,0,1,5.5,Medium,8.7,25.4,1,0
8613,Female,7,12,57.2,22.2,0,31700,1.1,Secondary,0,1,0,0,0,1,2.9,High,42.4,32.9,0,1
8614,Male,10,14,91.3,82.7,2,5900,1.1,Primary,1,0,1,0,0,1,4.0,Low,52.4,47.9,1,0
8615,Male,8,13,90.6,100.0,2,11000,0.1,Primary,0,0,1,0,0,1,6.9,Medium,56.5,43.2,1,0
8616,Female,7,14,62.3,8.9,0,5800,5.7,Primary,0,0,0,0,1,0,2.0,Low,40.4,33.8,1,1
8617,Female,6,10,68.8,49.2,0,11200,0.5,Primary,0,0,0,0,0,1,5.5,Low,36.6,17.4,0,0
8618,Female,8,15,69.2,97.8,0,3000,4.7,Higher Secondary,0,0,1,0,0,1,7.6,Medium,54.5,48.6,0,0
8619,Male,8,13,72.6,65.2,0,23100,0.1,No Schooling,1,0,0,1,0,1,5.3,Low,29.2,27.2,0,0
8620,Female,9,15,81.5,100.0,0,10100,0.1,Secondary,0,0,0,0,0,1,5.8,High,51.1,66.7,0,0
8621,Female,6,12,92.8,64.4,1,5500,1.1,Primary,0,0,0,0,0,1,3.0,Medium,45.7,42.8,0,0
8622,Female,9,15,55.1,74.1,3,6100,4.0,Primary,1,1,0,0,0,1,3.3,Low,39.3,37.1,0,1
8623,Male,6,13,81.2,58.0,0,4800,0.9,Graduate,0,0,0,1,0,1,2.1,Low,31.7,30.8,0,0
8624,Female,8,15,82.9,55.4,1,6300,3.5,Primary,0,0,0,0,1,1,4.1,High,67.4,34.2,1,0
8625,Male,7,11,62.3,31.4,0,7900,0.9,Graduate,1,0,0,1,1,1,5.6,Low,33.9,11.2,1,0
8626,Male,7,12,98.4,86.0,0,5400,3.5,Higher Secondary,0,0,0,0,1,0,8.0,Low,49.6,45.7,0,0
8627,Male,8,14,83.5,69.6,0,13400,0.1,Primary,0,0,0,0,0,1,5.2,High,45.5,20.1,1,0
8628,Female,7,13,87.6,25.7,5,38000,1.0,Graduate,0,0,1,1,0,1,3.7,Medium,40.5,9.9,0,0
8629,Male,6,13,65.1,0.0,0,6900,9.6,Secondary,0,0,0,0,1,1,0.0,Medium,50.3,20.6,0,0
8630,Female,9,15,80.1,62.9,0,3000,2.6,Higher Secondary,0,0,1,1,1,1,3.2,Low,37.7,14.8,0,0
8631,Male,7,12,89.8,97.7,4,6300,0.4,Primary,0,0,0,0,0,1,3.4,Low,48.9,48.8,1,1
8632,Male,9,16,81.4,59.2,1,7500,2.9,Graduate,0,0,1,0,1,1,3.9,Low,21.3,9.9,0,0
8633,Male,9,15,84.7,56.4,0,13600,0.6,Graduate,0,0,0,0,1,1,3.9,Low,49.0,40.1,0,0
8634,Female,6,13,80.9,76.9,0,4900,0.7,Primary,1,0,1,0,0,1,3.9,Low,28.1,33.9,1,0
8635,Male,10,16,53.3,16.2,0,4900,1.9,Secondary,0,0,0,0,0,1,0.9,High,0.1,17.3,1,0
8636,Male,9,13,88.3,99.9,0,4900,0.9,Graduate,0,0,1,0,0,1,6.9,Medium,49.7,49.9,0,0
8637,Male,9,16,87.1,39.7,0,3300,2.4,Primary,0,0,0,0,0,0,5.5,Medium,36.8,20.9,0,0
8638,Male,9,15,84.5,63.4,1,3000,0.2,Secondary,0,0,0,0,1,1,6.9,Medium,34.3,22.9,0,0
8639,Female,8,12,74.3,76.4,1,8500,12.9,No Schooling,0,0,1,0,0,1,6.0,High,51.4,50.1,0,0
8640,Male,10,15,84.1,82.2,0,3000,13.8,Primary,0,0,1,1,0,0,6.2,Low,36.1,25.2,0,0
8641,Male,6,11,72.8,20.8,0,6500,2.6,No Schooling,0,1,1,0,1,1,3.8,Low,23.6,33.0,1,1
8642,Female,6,11,95.8,76.3,0,12700,2.0,Higher Secondary,0,1,1,0,0,1,5.8,Low,56.8,48.2,0,0
8643,Male,9,15,76.4,50.7,0,4200,6.7,Graduate,0,0,0,0,1,1,2.9,Medium,32.7,39.0,0,0
8644,Male,7,13,80.7,72.9,1,17900,2.9,No Schooling,0,1,1,0,0,1,4.1,High,29.4,18.2,0,1
8645,Male,8,12,77.8,55.1,0,4800,3.1,Primary,0,0,0,1,0,1,2.6,High,19.5,26.5,0,0
8646,Male,7,13,71.9,9.5,1,3000,1.1,Primary,0,0,0,1,0,1,0.0,High,29.9,7.3,0,0
8647,Female,7,12,95.0,86.3,0,6000,4.1,Higher Secondary,0,0,0,0,0,1,6.0,Low,59.3,29.4,2,0
8648,Male,10,14,86.0,62.1,0,10200,0.4,Secondary,0,0,1,0,0,1,4.5,Low,40.4,40.9,2,0
8649,Male,6,13,75.2,86.7,2,14100,4.3,No Schooling,0,0,0,1,0,1,3.7,Low,45.4,29.1,0,0
8650,Female,6,11,74.8,100.0,1,10500,3.2,Primary,0,0,0,1,1,1,7.5,Low,51.1,47.8,0,0
8651,Male,9,13,85.7,51.3,0,27600,0.1,Higher Secondary,0,1,1,1,0,1,2.0,Medium,46.2,36.9,0,0
8652,Female,9,15,81.6,95.8,0,9200,5.1,Higher Secondary,0,0,0,0,0,1,3.6,Medium,41.6,36.7,2,0
8653,Female,10,17,89.3,70.8,2,5600,0.1,Higher Secondary,0,0,1,0,0,1,2.5,Low,47.9,49.3,1,0
8654,Male,7,11,64.0,84.4,0,7700,1.3,Secondary,0,0,1,0,1,0,6.3,Low,23.1,32.8,1,0
8655,Male,10,14,67.3,50.8,1,3200,0.8,Primary,1,0,0,0,1,1,3.6,Low,42.1,22.3,0,0
8656,Male,8,15,91.6,60.5,1,14500,0.8,Primary,1,0,0,0,0,1,0.1,High,55.2,37.8,2,0
8657,Male,10,16,86.6,91.0,2,3100,1.5,Higher Secondary,0,0,0,1,1,1,4.9,Low,52.2,35.7,0,0
8658,Male,6,11,91.8,97.4,0,3900,13.1,Primary,0,0,0,0,1,1,3.9,Low,65.6,75.2,0,0
8659,Female,7,12,71.9,14.6,1,7300,4.2,Primary,0,0,1,0,0,1,0.0,High,30.6,15.4,0,0
8660,Male,8,14,83.3,78.1,0,4100,1.8,Higher Secondary,1,0,0,0,0,1,5.2,High,15.5,27.6,0,0
8661,Male,8,14,75.7,66.9,2,10500,0.1,Primary,0,1,1,0,0,1,3.9,High,43.4,53.8,1,1
8662,Male,6,10,80.0,71.7,0,9900,6.3,Secondary,1,0,0,0,0,1,6.3,Low,46.6,46.4,2,0
8663,Female,8,13,93.2,49.6,0,13400,0.9,No Schooling,0,0,0,0,0,0,3.1,Low,46.7,29.6,0,0
8664,Female,9,16,68.2,85.0,0,12100,2.2,Primary,0,0,1,0,0,1,6.2,Low,45.3,21.5,0,0
8665,Male,7,11,92.5,95.7,0,9400,1.9,Secondary,0,0,0,0,0,0,8.0,Low,43.9,53.7,0,0
8666,Female,8,15,94.1,65.5,0,7600,0.3,Higher Secondary,0,0,0,0,0,0,4.2,Low,59.4,29.0,0,0
8667,Male,7,12,72.0,41.8,1,13200,4.3,No Schooling,1,0,0,0,0,1,4.1,Low,43.5,1.2,1,0
8668,Female,10,14,73.8,55.9,1,8100,4.0,Primary,0,0,1,1,0,1,5.2,Low,42.0,30.1,1,0
8669,Female,8,14,71.1,69.6,0,21500,3.0,Graduate,0,0,1,0,0,0,4.3,Low,27.8,17.7,1,0
8670,Female,8,14,66.3,33.4,0,15100,0.2,Secondary,0,0,1,1,0,1,4.2,High,35.6,25.9,0,0
8671,Male,10,15,76.3,30.1,0,6700,1.4,Secondary,1,0,0,0,0,0,5.1,Medium,23.4,7.4,1,1
8672,Male,9,16,68.8,43.7,0,18600,1.1,Higher Secondary,0,0,0,0,1,1,2.8,Low,32.0,20.2,1,0
8673,Female,7,11,88.0,55.4,0,23200,1.1,No Schooling,0,0,1,1,0,1,2.5,Low,33.2,33.1,0,0
8674,Male,9,13,91.6,83.2,1,35700,2.8,Primary,1,0,0,0,0,1,5.9,Low,28.7,39.6,0,0
8675,Male,10,16,71.6,91.1,1,17900,1.7,Secondary,1,0,0,0,1,1,7.0,Medium,27.9,42.9,0,0
8676,Female,6,12,65.5,72.4,0,3800,2.5,No Schooling,0,0,0,0,0,1,3.8,Medium,31.8,21.7,0,0
8677,Female,8,14,94.8,67.6,1,4100,2.2,Primary,0,0,1,0,0,1,2.6,Low,31.2,20.5,0,0
8678,Female,6,13,76.7,60.9,1,3900,2.9,No Schooling,0,0,0,1,1,0,3.2,Low,41.5,46.3,0,0
8679,Female,9,16,76.5,45.6,0,16400,2.3,Secondary,1,0,0,0,0,1,4.0,Low,36.3,1.8,1,0
8680,Female,9,15,74.4,73.5,0,48000,0.4,Graduate,0,0,0,0,1,1,3.8,Low,41.6,50.9,0,1
8681,Male,10,16,78.1,68.5,0,10500,2.9,No Schooling,0,1,0,0,0,1,2.5,Low,30.1,16.1,0,0
8682,Female,9,16,55.6,45.3,1,8300,6.4,Secondary,0,0,0,0,0,0,3.3,Low,31.9,35.4,0,1
8683,Female,6,13,96.4,73.3,0,11500,2.7,No Schooling,0,0,0,0,0,1,5.5,Low,37.0,31.4,1,0
8684,Female,8,12,83.1,78.5,1,12100,3.3,Secondary,0,0,1,0,0,0,6.3,Low,40.0,39.5,0,0
8685,Male,10,16,63.1,44.8,1,19700,5.1,Higher Secondary,0,1,1,0,0,1,6.0,Low,13.7,35.7,0,0
8686,Male,7,14,69.9,24.9,1,5400,4.3,Graduate,1,0,0,1,1,1,3.0,Medium,44.8,0.0,2,1
8687,Female,6,10,75.4,63.7,0,11200,2.2,No Schooling,0,0,1,0,0,1,6.1,Medium,49.1,26.6,0,0
8688,Male,9,16,68.8,100.0,0,14400,1.7,No Schooling,0,0,0,0,0,1,5.7,Medium,34.9,52.0,0,0
8689,Male,8,14,89.2,82.4,0,9700,1.0,Secondary,0,1,0,0,0,1,4.3,Medium,45.5,47.9,0,0
8690,Female,6,10,82.6,100.0,0,3000,3.8,Secondary,1,0,0,0,1,1,6.5,Low,44.4,49.7,1,0
8691,Male,7,13,46.9,24.9,0,3000,5.1,Graduate,0,0,0,1,0,1,1.7,Low,37.7,7.6,0,0
8692,Male,7,12,89.2,88.5,1,3100,5.8,Primary,0,0,0,0,0,1,8.0,Low,44.4,39.9,1,0
8693,Male,9,14,94.4,72.6,1,17600,2.6,Graduate,1,0,0,0,0,1,2.6,Low,32.1,26.0,1,0
8694,Male,8,14,77.5,54.5,3,24400,2.3,Primary,0,0,0,1,1,1,6.9,Low,40.6,28.0,0,0
8695,Female,8,14,59.5,44.9,1,3800,5.6,Secondary,0,0,0,0,0,1,1.8,High,33.4,43.4,0,1
8696,Male,9,16,82.2,83.2,0,14300,2.1,Primary,0,0,0,1,0,1,6.3,Low,34.3,39.3,1,0
8697,Male,7,12,57.5,0.0,1,3000,0.1,Primary,0,1,0,0,1,1,2.3,High,13.5,22.9,0,1
8698,Male,9,13,72.8,53.0,0,5300,4.8,Secondary,1,0,0,0,1,0,4.1,Medium,43.1,36.6,0,0
8699,Male,7,14,85.9,64.5,2,10500,2.8,Secondary,0,0,0,0,1,0,5.6,Low,42.6,54.1,0,0
8700,Male,7,12,98.1,33.2,0,14600,0.6,Primary,1,0,0,0,0,0,2.9,Low,71.9,21.1,0,0
8701,Male,8,15,61.5,30.3,1,5000,0.6,No Schooling,0,0,1,0,1,0,1.4,Low,46.9,28.9,0,0
8702,Female,9,16,89.8,82.1,2,7500,1.6,Primary,0,1,0,0,1,1,2.9,Medium,50.1,39.5,1,0
8703,Male,10,14,88.7,36.9,0,7700,1.3,Primary,0,0,0,0,1,1,2.0,Low,50.5,37.2,0,0
8704,Male,7,12,86.2,65.8,0,3200,1.8,Primary,0,0,0,0,0,1,5.0,Medium,43.8,46.3,0,0
8705,Male,6,10,64.7,16.9,1,16900,0.9,Higher Secondary,0,0,1,0,1,1,0.8,Low,31.0,22.8,0,0
8706,Male,7,13,50.0,0.0,0,9300,8.1,Secondary,0,0,0,0,0,1,0.0,Low,14.8,0.0,0,0
8707,Male,8,15,84.2,33.2,3,4600,2.5,Secondary,0,0,0,0,0,1,3.5,Low,24.8,13.8,0,0
8708,Male,7,13,67.8,73.0,0,7700,2.2,Primary,0,0,0,0,1,1,5.5,High,50.1,58.8,0,0
8709,Male,10,15,73.1,96.7,0,17500,2.3,Primary,0,0,0,0,0,1,5.8,Medium,26.6,37.7,1,0
8710,Male,9,16,92.6,65.5,3,4600,1.8,No Schooling,0,0,1,0,0,1,2.0,High,46.3,24.2,0,0
8711,Female,8,12,87.6,78.8,0,3600,7.1,Primary,0,0,0,0,1,1,5.2,Low,36.8,22.3,1,0
8712,Male,8,12,56.9,64.0,2,3700,4.2,Secondary,0,1,0,0,0,1,2.5,Medium,15.5,12.4,0,0
8713,Female,6,11,53.5,87.8,1,43500,5.8,Higher Secondary,0,0,1,1,1,1,4.1,Low,46.3,26.3,0,1
8714,Female,8,15,74.1,100.0,2,15100,1.9,No Schooling,0,0,1,1,1,1,5.7,Low,49.1,41.7,0,0
8715,Male,8,15,92.5,52.5,0,4100,4.4,No Schooling,0,1,0,0,0,0,1.9,Low,44.2,22.3,0,0
8716,Male,10,16,87.5,80.8,3,8800,2.6,Secondary,0,0,1,0,1,0,3.8,Low,20.9,28.5,0,0
8717,Male,8,15,73.0,72.1,0,9700,0.4,Graduate,0,1,1,0,0,1,3.6,Medium,27.6,8.7,0,1
8718,Male,6,13,80.2,79.7,1,8400,1.4,Secondary,0,0,1,0,1,1,6.5,Low,48.0,32.7,1,0
8719,Female,6,12,75.6,82.8,0,5400,12.5,Higher Secondary,0,0,0,0,0,1,7.0,Low,32.4,41.2,0,0
8720,Male,6,10,78.2,65.9,0,3100,4.7,No Schooling,0,0,0,0,0,0,4.2,Medium,55.4,36.2,0,0
8721,Female,10,17,81.5,85.4,2,4900,0.9,Higher Secondary,1,0,1,0,1,1,5.0,Medium,29.2,12.9,0,0
8722,Male,9,15,77.1,49.6,0,5700,3.7,Primary,0,0,0,0,0,1,3.7,Low,22.1,27.7,0,0
8723,Female,10,14,85.5,39.2,1,14500,0.7,Secondary,0,1,0,0,0,1,4.0,Low,26.8,0.0,0,0
8724,Female,10,17,95.2,88.0,0,9100,0.4,Higher Secondary,1,0,0,0,0,1,4.1,High,42.2,39.0,2,0
8725,Male,6,11,79.3,77.5,1,12000,2.1,No Schooling,0,0,1,0,0,1,3.3,Medium,37.7,12.2,0,0
8726,Female,9,16,76.8,97.1,0,3700,0.6,Graduate,1,0,0,0,1,1,5.1,Low,38.1,32.2,1,0
8727,Female,9,14,60.5,48.4,1,6800,1.7,Higher Secondary,1,0,0,0,0,1,4.1,Low,21.7,15.1,1,1
8728,Male,7,11,79.2,32.8,1,16900,0.8,No Schooling,0,0,1,0,1,0,2.8,Low,22.5,22.3,0,0
8729,Male,8,13,91.4,66.5,0,3300,0.6,Secondary,0,1,0,0,0,0,4.4,Medium,31.9,31.1,1,0
8730,Male,9,14,84.3,98.5,2,26500,5.7,Higher Secondary,0,0,1,0,0,1,6.0,Low,55.1,35.4,0,0
8731,Male,10,17,83.7,55.9,3,8800,0.1,Secondary,0,0,0,0,0,1,6.7,High,59.2,34.8,0,1
8732,Female,6,10,81.3,77.4,3,12800,2.0,Secondary,0,0,1,1,0,1,5.2,Low,37.8,43.2,1,1
8733,Male,10,17,89.2,100.0,2,3000,0.1,Secondary,0,0,1,0,1,1,5.7,Low,56.2,34.1,0,0
8734,Male,10,14,75.0,54.8,0,13400,0.3,No Schooling,0,0,0,0,0,0,4.4,High,41.6,21.3,0,0
8735,Female,10,17,79.1,50.6,4,4400,7.8,Secondary,1,0,1,0,1,0,2.2,Low,41.6,35.7,0,1
8736,Male,6,12,83.3,66.4,1,8500,5.3,Secondary,0,1,0,0,0,1,3.7,Medium,52.1,21.0,1,1
8737,Female,7,12,75.0,64.2,0,3500,0.5,Higher Secondary,0,1,0,1,1,1,6.3,Medium,62.2,38.7,0,1
8738,Male,9,16,90.6,81.2,1,16400,0.2,Higher Secondary,0,0,1,1,1,1,6.1,Low,28.4,38.1,0,0
8739,Female,7,12,86.9,36.2,1,3900,0.3,Primary,0,0,0,0,0,1,4.4,Medium,24.7,12.4,0,0
8740,Female,6,12,91.8,42.0,0,11300,2.0,Primary,0,0,1,0,0,1,2.7,Medium,44.6,14.9,1,0
8741,Male,9,13,90.6,61.2,0,10400,2.3,Graduate,0,0,0,1,0,1,6.1,Low,54.1,40.9,0,0
8742,Female,6,10,85.8,76.8,1,9800,0.5,Graduate,0,0,1,1,0,1,3.8,Low,24.7,44.1,0,0
8743,Male,8,13,84.9,67.2,0,7100,3.8,Secondary,0,1,0,0,1,1,1.3,Low,27.0,22.4,1,0
8744,Female,10,14,94.3,92.2,0,11900,0.2,Primary,0,0,0,0,0,1,4.6,Medium,64.7,46.8,1,0
8745,Female,8,12,74.7,75.9,2,7800,0.4,Primary,0,0,0,0,0,1,3.8,Medium,23.4,34.7,0,0
8746,Male,10,15,69.7,50.3,1,6700,0.2,Secondary,0,1,1,1,0,1,5.7,Medium,54.4,27.5,0,0
8747,Female,7,13,68.9,35.7,0,13600,1.1,Primary,0,0,0,0,0,1,1.1,Low,27.6,32.6,0,0
8748,Female,7,11,77.0,84.6,1,34100,0.1,Higher Secondary,0,0,0,0,0,0,6.6,Medium,67.4,28.9,0,0
8749,Female,6,13,50.5,68.3,0,7900,1.8,Primary,0,0,1,1,1,1,4.8,High,48.8,10.5,0,0
8750,Female,7,14,62.2,54.4,1,3200,4.3,Higher Secondary,0,0,0,0,0,0,2.4,Low,43.5,39.3,0,1
8751,Female,7,14,64.3,39.2,0,6700,4.1,Graduate,0,0,0,0,0,1,4.2,Low,29.7,22.4,0,0
8752,Male,10,14,83.9,82.6,0,12700,0.9,Graduate,0,0,1,0,0,1,4.8,Medium,52.8,46.4,1,0
8753,Female,10,17,88.1,41.7,0,6300,3.3,Higher Secondary,1,0,0,0,0,1,3.6,Low,59.5,35.0,0,0
8754,Female,6,10,90.8,100.0,2,3000,0.1,Secondary,0,0,1,0,1,0,6.3,Low,54.0,58.2,3,0
8755,Male,6,10,83.6,37.1,0,9700,0.3,No Schooling,0,0,0,0,0,1,4.4,High,46.7,50.3,0,0
8756,Male,9,15,93.0,63.0,1,7000,3.4,Secondary,1,0,1,0,0,1,4.9,Low,56.5,39.1,0,0
8757,Male,8,15,57.4,83.3,3,5200,1.7,Graduate,0,0,1,0,0,1,3.3,Low,37.2,36.8,1,0
8758,Male,7,11,63.9,57.6,0,9800,0.4,Secondary,0,0,1,0,1,1,3.5,Low,22.9,28.7,0,0
8759,Male,7,12,53.6,14.2,0,15200,0.2,Secondary,0,0,0,0,0,1,0.0,Medium,24.7,12.0,0,0
8760,Male,7,12,85.8,57.7,3,6100,1.3,No Schooling,0,0,0,1,0,1,5.5,High,39.4,18.3,0,0
8761,Female,8,14,79.8,73.8,0,14300,2.9,Graduate,1,0,0,0,0,1,3.6,Medium,31.9,42.0,0,0
8762,Male,6,12,87.3,100.0,0,8700,0.8,Graduate,1,1,1,0,0,0,8.0,Low,58.4,38.6,1,0
8763,Male,9,15,87.0,71.0,0,4000,4.0,No Schooling,1,0,1,1,0,1,5.0,Low,49.3,24.4,0,0
8764,Female,7,11,70.3,71.3,0,3000,6.3,Primary,1,1,0,0,0,0,4.7,Medium,55.0,11.7,1,0
8765,Male,7,14,90.7,83.6,0,9500,0.1,Primary,0,0,0,0,1,1,5.7,Medium,57.8,39.1,0,0
8766,Male,8,14,82.7,45.2,0,7800,1.1,Secondary,0,0,0,0,1,0,2.5,Low,35.4,18.0,1,0
8767,Female,6,12,81.2,92.1,0,4900,0.6,Secondary,0,0,0,0,0,0,6.2,Low,61.1,41.6,0,0
8768,Female,10,15,75.8,90.6,0,5400,1.3,Primary,0,1,0,0,0,1,7.1,Medium,55.6,44.8,0,0
8769,Female,9,13,74.4,57.1,3,3600,1.9,Secondary,0,0,0,0,1,1,1.6,Low,41.5,25.4,0,0
8770,Male,10,16,92.2,54.9,2,9800,1.7,Higher Secondary,0,1,0,0,0,0,4.4,Low,44.6,7.8,1,0
8771,Male,8,13,75.6,42.0,1,3900,0.7,Primary,0,0,0,0,1,1,3.1,Low,34.9,31.9,0,0
8772,Female,8,12,77.3,74.7,0,6700,1.2,Higher Secondary,0,1,0,0,0,1,5.8,High,48.8,38.3,1,0
8773,Female,7,13,47.7,39.9,2,5800,0.4,Primary,0,0,1,1,0,0,1.3,Low,26.2,48.4,0,1
8774,Female,8,13,86.4,82.0,0,3000,0.5,No Schooling,0,0,0,0,0,1,6.9,Low,54.0,39.8,0,0
8775,Female,8,15,79.4,74.6,2,12400,1.5,Primary,0,1,0,0,0,1,5.2,Low,36.6,32.0,0,0
8776,Male,7,13,56.2,71.8,0,7200,0.3,No Schooling,1,1,0,0,0,0,3.7,Low,29.9,38.9,0,1
8777,Male,6,11,87.5,49.4,0,43000,0.1,No Schooling,1,0,0,0,0,0,3.5,Low,29.0,16.3,0,0
8778,Female,7,11,88.4,42.5,1,4400,0.5,Primary,0,0,1,0,0,1,3.5,Medium,45.9,19.2,0,0
8779,Female,6,11,58.9,43.7,1,28300,0.4,Secondary,1,0,0,0,0,1,4.6,Medium,37.3,36.1,1,0
8780,Male,7,11,96.3,93.9,3,8400,1.4,No Schooling,0,0,1,0,0,0,5.3,High,66.2,65.2,0,0
8781,Female,8,12,83.1,100.0,0,5800,5.7,Primary,0,0,0,0,0,1,7.4,Medium,43.0,60.0,0,0
8782,Male,10,15,86.2,57.6,0,4100,0.8,Secondary,0,0,0,0,0,1,4.7,Low,37.3,35.6,0,0
8783,Female,6,12,86.3,39.5,0,3200,1.4,No Schooling,0,0,0,0,0,1,4.2,Low,39.2,7.1,0,0
8784,Male,6,10,76.9,31.9,1,5200,1.2,Primary,0,0,0,0,0,1,5.4,Low,27.6,43.1,0,0
8785,Female,7,11,85.8,62.6,2,4800,4.8,Primary,0,0,0,0,0,1,3.8,Low,34.2,32.4,1,0
8786,Male,6,10,88.9,86.3,0,6000,3.2,No Schooling,0,0,0,0,1,0,3.5,Low,50.4,57.0,1,0
8787,Female,9,16,91.2,95.3,1,4900,0.7,No Schooling,0,0,1,0,0,1,5.8,Low,33.8,58.0,0,1
8788,Female,6,13,88.9,93.5,0,15100,0.6,Graduate,0,0,1,0,1,1,6.8,Medium,56.1,49.4,0,1
8789,Male,10,15,81.2,74.7,1,3800,2.1,Graduate,0,1,0,1,0,1,3.4,Medium,44.5,25.0,0,0
8790,Female,10,15,83.9,47.0,0,4800,0.8,Primary,0,0,1,1,0,0,3.0,Medium,62.2,15.3,1,0
8791,Female,8,13,74.7,62.2,0,6800,6.0,Primary,0,0,1,0,0,1,3.5,Low,55.4,56.3,0,0
8792,Female,10,16,75.1,24.4,2,4500,0.8,No Schooling,0,0,0,1,0,1,0.7,High,22.1,31.7,1,0
8793,Male,8,14,97.6,53.9,5,15600,2.1,Primary,0,0,0,0,0,0,3.5,Low,50.5,13.9,1,1
8794,Female,10,15,77.5,46.2,1,4200,0.3,Secondary,1,0,0,0,1,1,6.4,Low,57.7,8.1,0,0
8795,Female,7,13,83.5,86.5,0,6400,2.3,Higher Secondary,1,0,0,1,0,0,2.8,Low,40.5,35.1,0,0
8796,Female,10,14,81.0,52.0,0,6100,1.6,Secondary,0,0,0,0,0,1,0.0,High,43.7,16.4,0,0
8797,Male,6,12,53.9,33.8,0,6100,1.4,Primary,0,0,1,1,0,1,3.2,Medium,29.4,27.9,0,0
8798,Female,7,14,77.4,50.2,0,35800,2.3,Secondary,0,0,0,0,0,1,5.5,Medium,33.7,15.5,0,0
8799,Male,10,14,93.5,75.5,0,19200,3.1,Primary,0,0,1,0,1,1,5.3,Medium,39.1,37.2,0,0
8800,Male,7,13,72.4,73.5,0,11300,2.3,Secondary,1,0,0,0,0,1,1.9,Low,51.6,26.0,1,0
8801,Male,6,12,85.1,80.0,1,9700,0.1,Primary,0,0,1,1,0,1,5.5,Low,43.5,29.4,0,0
8802,Male,6,13,98.5,60.7,1,28900,11.4,Higher Secondary,0,0,1,0,0,1,1.8,Low,25.5,43.5,0,0
8803,Male,6,13,81.5,56.3,0,7000,0.8,Primary,0,1,1,0,0,0,4.6,Low,57.9,36.1,0,0
8804,Male,7,11,71.3,55.3,1,6400,7.4,Primary,0,0,0,1,0,1,4.8,Low,51.1,41.2,0,0
8805,Female,7,11,91.3,57.8,1,7500,0.8,Secondary,0,0,0,1,0,1,4.0,Medium,49.9,39.1,1,0
8806,Female,8,12,80.6,29.6,0,7200,3.9,Higher Secondary,0,0,0,1,0,1,2.0,Low,43.8,12.1,1,0
8807,Male,9,15,60.5,41.9,0,9800,1.2,No Schooling,1,0,0,0,1,1,3.6,Low,34.0,6.1,1,0
8808,Female,6,12,85.6,87.4,0,35001,2.3,No Schooling,1,0,0,1,0,1,4.9,Low,35.5,0.0,0,0
8809,Female,10,16,60.8,83.2,0,3000,8.6,Secondary,0,1,0,0,0,1,2.5,Low,34.5,26.9,0,0
8810,Female,8,13,84.6,69.0,0,9500,3.2,Primary,1,0,0,0,0,1,2.9,High,51.6,43.2,0,0
8811,Female,9,13,81.1,99.4,0,11000,2.2,No Schooling,0,0,1,1,0,1,3.6,Low,55.4,19.6,1,0
8812,Female,9,13,95.4,80.1,1,10900,8.2,Secondary,0,0,1,0,0,1,4.0,Low,36.2,33.0,2,0
8813,Female,10,15,94.9,63.4,1,5000,1.9,Primary,0,0,0,1,1,1,3.0,Medium,37.1,18.1,1,0
8814,Female,6,11,85.1,48.6,0,3000,0.1,Secondary,1,0,0,0,1,1,3.1,Low,47.9,11.5,2,0
8815,Female,8,13,76.8,100.0,2,17600,3.3,Higher Secondary,0,0,0,0,1,1,8.0,Medium,41.9,51.2,0,0
8816,Male,10,14,83.3,53.8,0,6200,0.1,Secondary,1,0,1,0,0,1,4.7,Medium,28.4,12.6,0,0
8817,Female,9,14,72.6,64.7,0,5800,8.1,Secondary,0,0,1,1,0,1,4.0,Low,36.5,31.6,0,0
8818,Female,6,13,85.5,83.6,0,5200,0.6,Primary,0,0,0,0,0,1,6.2,Low,18.0,21.7,0,0
8819,Female,8,12,71.1,56.8,1,11300,3.0,No Schooling,1,0,1,0,1,1,5.6,Medium,68.5,41.2,0,1
8820,Female,9,16,87.8,100.0,0,15100,1.1,Primary,1,0,1,0,1,1,6.5,Low,60.3,52.5,0,0
8821,Male,7,11,87.3,73.5,0,10500,2.0,Secondary,0,1,0,0,0,1,4.3,High,55.4,25.6,0,0
8822,Male,9,15,94.4,100.0,0,10300,0.2,No Schooling,0,0,0,0,0,1,6.0,Low,59.5,38.8,0,0
8823,Female,10,14,58.9,56.8,2,6200,7.2,Primary,0,0,1,0,0,1,5.2,Medium,18.2,35.3,0,0
8824,Female,8,13,66.2,74.1,0,5800,0.1,Higher Secondary,0,0,1,0,0,0,8.0,Low,60.1,30.2,0,1
8825,Female,6,13,69.0,39.0,0,6100,0.3,Secondary,0,0,0,0,0,1,3.5,Low,38.3,16.0,0,0
8826,Female,8,15,66.2,30.9,0,10500,0.5,No Schooling,0,0,0,0,0,0,2.0,Low,31.0,15.9,0,1
8827,Female,8,14,85.1,86.4,0,5400,2.0,Secondary,0,0,1,0,1,1,6.3,Medium,37.4,30.4,0,0
8828,Female,7,13,80.2,89.2,3,11800,2.9,No Schooling,1,0,1,0,0,1,6.5,Low,54.2,36.2,0,0
8829,Male,9,15,92.8,68.0,1,12400,2.4,Primary,0,0,1,0,0,1,1.5,Low,62.3,31.7,0,0
8830,Female,8,15,94.5,38.2,0,12700,9.2,Secondary,0,1,0,0,0,1,3.3,Low,44.0,17.6,0,1
8831,Male,10,16,83.7,35.2,4,6000,0.2,Primary,0,0,1,0,0,1,0.4,Low,28.5,28.3,0,1
8832,Female,9,15,76.3,48.9,1,4400,1.5,No Schooling,0,0,1,0,1,1,4.8,Medium,30.5,25.1,1,0
8833,Male,9,13,68.5,57.4,0,8100,0.4,Secondary,0,0,0,1,0,1,2.4,Low,60.5,23.7,0,0
8834,Female,8,15,89.2,74.1,0,5800,1.6,Primary,0,1,0,0,0,1,5.6,Medium,60.7,35.7,0,0
8835,Male,6,12,86.5,100.0,0,5200,1.0,Secondary,0,1,1,0,0,0,8.0,Low,39.4,36.0,0,0
8836,Male,9,14,92.5,99.4,3,6600,1.8,Higher Secondary,0,0,0,1,1,0,5.1,Medium,32.2,33.6,0,0
8837,Female,6,10,85.4,100.0,1,12200,2.8,Primary,0,0,0,0,1,0,7.0,Medium,62.8,44.3,0,0
8838,Female,8,14,85.0,72.0,1,45895,2.9,Primary,0,0,0,0,0,1,4.0,Low,54.8,35.2,2,0
8839,Male,6,13,80.5,68.4,0,26000,0.4,Secondary,0,1,1,1,0,1,5.2,Low,56.2,30.2,0,0
8840,Female,8,15,82.4,73.1,0,11600,0.5,Higher Secondary,0,0,1,0,0,1,2.4,Low,62.1,53.4,0,0
8841,Male,9,16,83.8,80.8,0,5800,0.6,Primary,0,0,0,0,0,1,3.1,Low,43.0,49.4,1,0
8842,Male,7,14,75.8,71.2,0,13300,3.4,Secondary,0,0,1,1,1,1,5.1,Medium,48.1,29.3,0,0
8843,Male,7,13,87.1,100.0,2,4300,4.2,Secondary,1,0,0,0,0,1,8.0,Medium,43.8,39.3,0,0
8844,Female,6,13,82.5,64.1,2,9000,0.8,Primary,0,0,1,0,0,1,5.5,Low,39.9,46.8,2,0
8845,Female,7,11,88.4,100.0,0,11000,1.5,No Schooling,1,0,0,1,0,1,5.5,Medium,59.2,41.9,0,0
8846,Female,8,13,91.1,47.2,0,12800,0.8,Primary,0,0,0,0,0,1,0.7,Low,29.4,10.2,1,0
8847,Female,10,15,78.6,78.5,4,7300,3.0,No Schooling,0,0,1,0,1,0,7.2,Low,52.4,43.8,0,0
8848,Female,10,16,82.7,63.5,0,3800,1.2,Secondary,0,0,0,0,0,1,5.4,Low,56.2,27.0,0,0
8849,Female,10,15,80.1,61.4,0,8000,1.3,No Schooling,0,1,0,0,0,0,5.2,Low,46.2,26.8,0,0
8850,Female,6,11,92.6,60.2,0,19000,0.1,Primary,0,0,0,0,0,1,4.5,Medium,49.2,7.2,0,0
8851,Male,7,14,76.7,34.5,0,5000,2.2,Primary,0,0,0,0,0,1,3.6,Medium,19.3,8.4,0,0
8852,Male,8,14,80.8,70.8,5,4900,1.0,No Schooling,0,0,0,0,0,1,2.2,Medium,54.2,23.2,0,1
8853,Male,9,15,84.2,52.8,2,6800,4.1,Higher Secondary,0,0,1,0,0,0,2.8,Low,50.9,22.0,1,0
8854,Female,9,13,87.6,79.4,0,12000,0.8,Primary,0,0,0,1,0,1,4.9,Medium,43.9,39.9,1,0
8855,Female,9,15,85.1,76.8,2,3800,1.0,No Schooling,1,0,0,0,1,1,4.1,Medium,52.1,48.8,0,1
8856,Male,8,13,81.2,100.0,0,5300,0.6,Secondary,0,0,0,0,1,1,4.4,Low,69.9,69.9,0,0
8857,Female,8,14,58.9,42.4,1,4000,1.1,Primary,0,0,1,0,0,1,1.1,Medium,24.7,43.5,0,1
8858,Female,10,17,91.5,39.9,2,21000,0.6,No Schooling,0,0,1,0,1,1,1.4,High,50.0,10.9,0,0
8859,Male,7,12,92.1,62.6,0,4200,2.6,Secondary,0,0,1,0,0,1,4.6,Medium,56.8,20.5,0,0
8860,Male,9,16,48.0,0.0,0,8800,2.5,Secondary,0,0,1,0,0,0,2.8,Low,23.1,6.7,0,0
8861,Male,9,15,93.4,90.7,1,5100,2.9,No Schooling,0,0,1,0,0,1,7.0,Low,42.4,29.7,1,0
8862,Male,6,11,71.3,67.4,2,10600,2.1,No Schooling,0,0,1,0,1,1,5.5,Low,56.8,56.8,0,0
8863,Female,10,17,70.7,53.9,0,15700,2.1,Secondary,1,0,0,0,1,1,4.8,Low,50.3,44.2,1,0
8864,Female,10,14,79.9,58.7,3,7200,5.0,No Schooling,1,0,1,0,0,1,3.2,Medium,40.8,45.1,0,1
8865,Male,9,15,72.1,55.3,1,13700,2.7,No Schooling,0,0,1,0,1,1,4.3,Low,46.8,30.1,0,1
8866,Male,6,11,89.6,48.7,0,12100,0.1,No Schooling,0,1,0,0,0,1,3.1,High,48.8,30.7,0,0
8867,Male,6,12,79.0,66.9,2,9500,2.2,No Schooling,0,1,1,0,0,1,6.4,Low,53.2,20.7,0,1
8868,Male,9,13,47.7,59.9,2,14900,1.9,Primary,0,0,1,0,0,1,6.6,Low,0.1,8.2,1,1
8869,Male,6,12,81.1,68.7,1,38900,0.3,Secondary,1,0,1,1,0,0,4.4,Medium,44.4,30.3,0,0
8870,Female,6,10,73.8,69.6,0,19200,0.6,Primary,0,0,1,0,1,0,3.4,Low,36.3,28.4,0,0
8871,Female,7,12,85.9,81.6,0,3000,0.3,Higher Secondary,0,1,1,0,1,1,3.6,Low,47.6,36.6,0,0
8872,Female,6,13,67.8,73.5,0,3100,1.1,Secondary,0,0,1,0,1,1,6.6,High,42.3,43.3,0,0
8873,Male,9,15,95.8,78.9,0,7600,4.3,Higher Secondary,0,1,0,0,0,1,2.8,Low,35.2,34.1,0,0
8874,Female,8,13,66.2,65.8,0,3000,4.3,Secondary,0,0,0,0,0,0,4.7,Medium,48.2,27.7,0,0
8875,Male,6,11,86.1,63.0,1,7300,3.4,No Schooling,1,1,1,0,0,1,4.6,Low,39.9,31.9,0,1
8876,Male,8,12,88.1,100.0,0,3000,4.2,Graduate,0,0,0,0,0,0,5.3,High,31.9,34.2,0,0
8877,Female,6,10,86.9,42.4,0,9000,0.8,Primary,0,0,0,1,1,1,4.8,Medium,45.2,25.7,0,0
8878,Female,6,12,87.2,40.3,2,10600,1.2,Primary,0,0,0,0,1,0,3.4,Medium,42.7,21.5,0,0
8879,Male,8,13,73.1,72.5,1,7300,4.0,Graduate,0,0,0,0,1,1,2.8,Low,42.8,13.0,0,0
8880,Male,8,12,66.9,53.4,0,6300,1.9,Primary,0,0,1,0,0,1,4.0,Low,64.7,10.4,0,1
8881,Female,7,12,65.8,44.6,0,4900,0.6,Primary,0,0,0,0,0,1,1.7,Low,30.0,32.0,1,0
8882,Female,8,13,85.5,42.0,0,8600,0.1,Primary,0,1,0,0,0,1,3.9,Low,18.2,2.0,1,1
8883,Female,7,14,71.5,51.4,0,3400,0.8,No Schooling,0,0,1,0,0,1,1.4,Medium,52.8,28.5,0,0
8884,Male,8,12,57.6,100.0,5,4300,2.2,No Schooling,0,0,1,0,0,1,8.0,Low,47.8,57.5,0,1
8885,Male,7,12,77.1,59.2,0,10800,3.1,Secondary,0,0,0,0,0,1,5.2,Medium,57.0,44.4,0,0
8886,Male,9,13,89.6,100.0,0,6300,0.7,Graduate,0,0,1,1,1,1,6.4,Low,40.6,26.4,1,0
8887,Male,8,12,90.6,58.1,1,5800,2.0,Secondary,0,0,0,0,0,1,3.3,High,38.8,24.1,1,0
8888,Female,6,12,87.6,63.9,0,15700,2.4,Higher Secondary,0,0,1,1,1,1,3.2,Low,39.2,36.7,1,0
8889,Female,9,13,65.9,37.8,3,7800,2.3,Primary,0,0,1,0,0,1,1.2,Low,34.0,30.8,0,0
8890,Male,9,15,85.2,73.7,0,5800,2.9,Secondary,0,0,0,0,0,0,5.0,Low,28.8,30.1,0,1
8891,Female,6,13,95.1,42.3,1,12900,1.5,No Schooling,0,0,1,1,0,0,0.8,Medium,36.7,10.2,1,1
8892,Female,8,13,52.1,78.9,2,4300,1.3,Primary,1,0,0,0,0,1,5.5,Low,47.3,18.0,0,1
8893,Female,9,13,86.9,67.1,2,3000,3.6,No Schooling,0,0,0,0,1,1,3.1,Medium,39.7,44.6,0,1
8894,Male,6,13,94.4,53.6,0,21000,5.2,Secondary,1,0,0,0,0,0,4.1,Low,55.1,16.7,0,0
8895,Male,10,17,80.8,44.6,0,3500,14.7,Higher Secondary,1,0,1,0,1,0,1.4,Medium,46.9,34.8,0,0
8896,Male,7,14,93.9,58.9,3,25800,0.7,Secondary,0,0,1,1,0,0,3.1,Low,43.0,35.6,0,0
8897,Male,9,16,72.0,88.2,0,5400,1.7,No Schooling,0,0,1,0,0,0,2.2,Low,56.6,42.4,0,0
8898,Male,10,17,92.7,47.5,0,3000,1.7,No Schooling,0,0,1,0,0,0,2.2,Low,42.0,24.8,1,1
8899,Male,10,16,78.6,63.5,0,4200,3.7,No Schooling,0,0,1,0,0,1,2.6,Low,39.4,34.6,0,0
8900,Male,8,15,95.3,100.0,2,10500,3.3,Secondary,0,0,1,0,0,1,5.4,Low,39.8,29.7,0,0
8901,Male,9,14,83.0,34.1,0,24000,2.7,Primary,0,0,0,0,0,0,2.5,Low,47.2,9.7,0,0
8902,Female,7,14,81.5,43.9,1,15100,0.1,Graduate,0,0,0,0,1,0,2.8,Low,33.8,38.5,0,0
8903,Female,7,11,83.0,26.5,1,16400,0.7,Secondary,0,1,0,0,0,1,3.0,Low,37.5,8.5,0,1
8904,Male,10,17,70.6,30.1,4,3300,0.5,Secondary,0,0,1,0,1,1,0.9,Medium,35.6,12.4,0,1
8905,Female,7,12,75.4,45.6,2,14300,2.9,No Schooling,1,1,1,0,1,1,1.9,Medium,36.5,34.6,0,0
8906,Male,10,15,92.6,85.1,0,6800,5.5,Primary,0,0,0,1,0,1,4.6,Low,59.3,40.0,1,0
8907,Male,6,12,64.9,47.0,0,27600,5.3,Secondary,0,0,0,0,0,0,5.3,Low,42.9,44.4,1,0
8908,Female,6,10,88.7,55.7,2,11100,0.9,Primary,0,0,0,0,1,1,6.3,Low,57.5,37.9,0,0
8909,Male,6,13,82.1,59.7,0,10600,1.2,Primary,0,0,1,0,0,1,4.4,Medium,30.0,29.1,0,0
8910,Male,8,14,85.4,72.7,1,3100,1.5,Secondary,0,0,0,0,0,1,7.2,High,66.2,40.5,0,0
8911,Male,6,10,95.9,82.0,1,12600,4.3,Primary,0,1,0,1,0,0,6.5,Low,62.1,44.7,0,0
8912,Male,7,14,82.9,41.2,0,5300,1.1,Primary,0,0,1,1,1,1,4.3,Medium,65.0,45.3,1,0
8913,Female,10,14,87.5,63.7,0,13000,0.6,Secondary,1,0,1,0,0,1,4.4,Low,66.2,38.6,1,0
8914,Male,9,16,71.4,57.0,0,7100,1.8,Primary,0,0,0,0,0,1,4.3,High,20.5,22.9,0,0
8915,Male,9,16,73.6,60.3,0,5700,2.6,No Schooling,1,0,0,0,0,0,3.0,Medium,37.8,19.5,0,0
8916,Male,6,12,66.8,39.2,0,11600,1.9,Higher Secondary,1,0,1,0,1,1,1.2,Low,44.8,39.4,0,0
8917,Female,7,13,67.3,61.1,0,9000,2.5,Secondary,0,1,0,0,1,1,5.3,Low,30.6,16.8,1,0
8918,Male,9,16,98.5,76.0,2,3400,3.4,Graduate,0,0,0,0,1,0,6.2,Low,48.2,32.2,0,0
8919,Female,6,13,86.5,58.9,0,23400,7.0,Primary,0,0,1,0,0,0,3.8,High,38.9,21.5,0,0
8920,Female,8,14,68.0,67.8,0,7000,2.2,Secondary,1,0,0,0,0,1,2.1,Low,38.9,19.2,0,0
8921,Male,10,14,90.6,50.5,0,14800,3.0,Secondary,0,1,1,1,0,0,3.5,Low,52.7,43.0,1,0
8922,Female,6,12,86.8,59.8,1,7500,2.5,Higher Secondary,0,0,0,0,1,0,3.9,High,29.1,39.7,0,0
8923,Male,10,14,82.8,96.6,1,4400,4.2,Graduate,0,0,1,0,1,0,3.7,Low,56.5,42.7,0,0
8924,Male,6,10,82.6,100.0,1,7100,0.2,Primary,0,1,1,0,0,1,7.0,Medium,56.7,40.5,1,0
8925,Male,6,10,78.6,9.1,1,37066,5.3,Secondary,0,0,0,0,0,1,1.6,Low,36.4,20.6,0,1
8926,Male,6,11,66.7,30.7,1,43900,0.2,Secondary,0,1,0,0,0,1,3.7,Medium,44.8,34.5,1,0
8927,Female,10,17,68.3,82.4,2,16500,4.4,No Schooling,0,0,0,0,0,1,8.0,Low,38.6,24.2,0,0
8928,Female,8,12,84.0,55.4,0,5500,7.9,Higher Secondary,0,0,1,0,1,1,2.8,Low,39.7,17.3,1,0
8929,Male,9,13,83.3,72.0,1,3000,0.5,No Schooling,0,0,0,0,0,1,4.8,Low,27.1,25.4,0,0
8930,Male,7,11,88.2,96.9,0,8300,1.0,Higher Secondary,0,0,1,0,1,1,3.7,Medium,25.7,43.4,1,0
8931,Female,10,14,92.4,52.7,0,8400,2.0,Higher Secondary,1,0,1,0,0,1,4.8,Low,35.9,18.4,0,0
8932,Male,8,14,91.8,73.4,2,16200,2.8,Graduate,0,0,0,0,0,1,4.2,Medium,39.1,20.1,1,0
8933,Male,8,15,94.5,40.5,5,20400,1.4,Primary,0,0,0,0,0,0,2.1,Low,60.4,41.1,0,0
8934,Female,9,13,94.3,88.7,0,12600,1.0,Secondary,0,0,1,0,0,0,4.1,Low,29.8,27.2,0,0
8935,Female,9,16,63.5,14.2,0,15800,4.6,Graduate,0,0,0,0,0,1,2.0,High,21.3,5.1,1,0
8936,Female,9,16,70.8,51.5,1,7000,9.0,Primary,0,1,1,1,1,0,4.0,Low,31.3,23.5,0,1
8937,Male,6,10,78.7,44.8,3,14800,4.5,Primary,0,0,0,0,0,1,3.4,Low,12.4,6.6,1,1
8938,Male,10,15,91.9,37.6,1,10100,0.1,No Schooling,0,0,0,1,1,1,3.7,High,20.6,15.6,0,0
8939,Male,7,14,74.8,100.0,1,32900,0.9,No Schooling,1,0,0,0,0,1,2.7,High,48.4,26.2,0,1
8940,Female,10,16,66.4,85.0,0,9500,0.8,Primary,1,0,0,1,0,1,4.2,Low,44.2,36.6,0,0
8941,Male,7,11,80.2,49.5,0,7100,2.0,Secondary,0,0,0,0,0,1,6.3,Low,61.3,42.4,2,0
8942,Male,6,10,67.4,62.3,3,13900,4.7,Primary,0,0,0,0,0,1,4.5,Low,28.0,33.6,1,0
8943,Male,7,12,91.4,53.9,0,23600,7.7,Secondary,0,0,1,0,0,0,2.2,Low,28.4,32.2,0,0
8944,Female,8,15,78.2,68.5,1,14300,6.8,No Schooling,0,0,1,0,0,1,3.3,Low,55.4,31.0,0,1
8945,Female,7,14,79.6,88.4,0,11000,5.1,Primary,0,0,0,0,0,0,6.7,Medium,65.0,45.7,0,0
8946,Female,10,15,94.0,64.1,0,7800,1.2,No Schooling,0,0,1,0,0,0,3.9,Medium,55.5,29.9,0,0
8947,Male,9,15,63.7,76.1,0,4400,1.2,Secondary,1,0,0,0,1,0,5.2,Low,39.8,38.8,0,0
8948,Female,6,12,80.2,85.4,0,18600,6.1,Secondary,0,0,1,1,0,1,3.5,High,40.6,39.6,0,0
8949,Male,8,13,82.6,68.8,1,18600,4.8,Secondary,0,0,0,0,0,1,6.3,Low,38.7,46.5,2,0
8950,Male,9,15,79.0,9.8,0,3000,3.5,No Schooling,1,0,0,0,0,1,0.0,Medium,20.3,0.5,1,0
8951,Male,10,15,93.0,67.6,0,4500,0.1,Higher Secondary,0,0,0,0,0,1,4.5,Low,54.1,47.6,0,0
8952,Male,7,13,64.2,46.5,4,13400,1.9,Secondary,1,0,0,0,1,1,3.4,Low,36.3,27.7,0,1
8953,Male,10,16,85.8,58.3,0,5700,4.5,Higher Secondary,0,0,0,0,1,1,4.5,Medium,41.0,41.2,1,0
8954,Female,6,12,88.2,100.0,0,12000,1.3,Higher Secondary,0,0,0,0,0,1,5.9,Medium,43.0,71.5,0,0
8955,Male,9,16,91.8,26.6,0,4000,0.3,Secondary,0,0,0,0,0,1,5.3,Low,48.7,19.8,0,0
8956,Male,9,15,82.4,100.0,0,4500,0.1,Secondary,0,0,0,0,1,1,6.3,Low,47.3,58.3,0,0
8957,Female,7,13,73.0,47.9,1,3600,2.0,Secondary,0,0,1,0,1,1,3.9,Low,38.3,34.2,1,0
8958,Female,6,13,76.8,69.3,2,7500,1.8,Secondary,1,0,0,1,0,1,4.0,Low,41.5,34.6,0,0
8959,Male,9,15,89.4,81.8,2,8100,0.7,Primary,0,0,1,0,0,1,4.8,Low,9.0,43.7,2,0
8960,Female,7,12,72.7,76.5,0,3500,0.4,Secondary,1,0,1,0,1,1,4.4,Low,42.3,31.7,0,0
8961,Male,6,12,91.1,97.4,2,3900,5.0,Higher Secondary,1,0,0,0,0,0,5.3,Medium,67.5,64.7,1,0
8962,Male,6,13,50.0,51.5,0,6000,3.9,Primary,0,0,1,0,1,0,4.2,Medium,30.9,16.5,0,0
8963,Female,9,16,81.0,77.2,2,6400,5.1,Primary,0,0,0,0,1,0,4.4,High,30.0,47.3,0,0
8964,Female,6,11,78.5,69.6,0,4700,2.1,Primary,1,0,0,0,1,1,3.4,Low,54.6,48.1,0,0
8965,Male,8,13,77.3,42.2,0,12300,1.9,Secondary,0,0,0,0,1,0,3.6,High,26.9,15.5,1,0
8966,Male,10,15,76.9,77.1,5,6000,3.4,Secondary,0,0,0,0,0,1,5.2,Medium,47.9,31.3,0,1
8967,Male,9,13,53.7,55.8,0,9000,4.1,Secondary,0,0,0,0,0,1,3.1,High,58.8,40.1,0,1
8968,Male,8,13,70.4,64.5,0,10800,0.1,No Schooling,0,0,0,0,0,1,1.8,Low,46.2,30.5,0,0
8969,Female,8,12,93.5,55.6,4,4300,2.3,Graduate,0,0,1,0,1,1,2.7,Low,36.8,29.6,0,0
8970,Female,6,11,60.0,68.4,3,11700,2.9,No Schooling,0,0,1,1,0,1,4.4,Low,48.5,26.4,0,0
8971,Female,8,12,98.5,87.3,0,9000,2.5,Primary,0,0,1,0,0,1,3.4,Low,40.1,11.4,0,0
8972,Male,6,11,86.2,62.6,0,8600,0.1,Secondary,0,1,1,0,0,0,7.6,Low,34.2,41.8,1,0
8973,Female,6,12,72.0,73.3,2,4500,1.3,Secondary,0,1,0,1,0,1,3.4,Low,42.1,5.7,0,0
8974,Male,6,13,89.1,99.0,0,15200,1.6,No Schooling,0,0,1,1,0,1,6.1,Low,46.2,54.7,0,0
8975,Male,8,15,76.8,50.7,0,3000,3.0,Primary,0,0,1,0,0,1,4.6,High,44.7,26.4,0,0
8976,Male,6,12,96.9,1.5,0,7300,0.3,Higher Secondary,1,0,1,0,1,1,6.9,High,48.2,20.8,0,0
8977,Male,6,12,89.6,70.4,0,4500,3.9,Secondary,1,0,0,0,0,1,4.1,High,36.6,20.5,1,0
8978,Female,10,17,76.6,63.7,0,6000,2.9,Graduate,0,0,1,0,1,0,2.1,Low,49.3,52.5,0,0
8979,Female,6,12,65.5,66.7,0,3000,6.8,Primary,0,0,1,0,0,1,5.7,Medium,27.5,42.5,1,0
8980,Female,9,13,83.2,72.4,0,4900,0.4,Primary,0,1,0,1,0,1,5.5,Low,62.8,58.2,0,0
8981,Female,7,14,84.0,68.8,0,3700,0.6,Secondary,0,0,0,0,0,1,4.7,Low,45.3,54.3,0,0
8982,Female,8,14,86.0,56.6,0,3000,7.6,Secondary,0,0,1,0,1,0,2.6,Medium,47.7,25.2,0,0
8983,Female,6,12,87.0,55.7,0,11600,1.7,Secondary,0,0,0,0,1,1,2.8,Low,34.6,22.9,0,0
8984,Female,6,10,93.7,100.0,1,4900,3.4,Primary,0,1,1,0,0,1,5.6,High,36.2,32.9,0,1
8985,Female,9,14,90.8,38.6,0,6900,0.8,Primary,0,0,0,0,0,1,3.7,Low,26.4,29.9,0,0
8986,Female,8,13,84.2,82.8,0,10300,1.0,No Schooling,0,0,1,1,1,1,3.9,Low,53.8,29.3,1,0
8987,Male,6,13,60.3,76.4,0,9800,1.2,Primary,0,0,0,0,1,1,5.9,Low,56.1,29.4,0,0
8988,Female,7,12,90.7,78.4,2,7200,0.1,No Schooling,0,0,0,1,0,1,4.9,Low,52.9,44.3,0,0
8989,Male,8,13,62.3,73.2,0,4900,6.1,Higher Secondary,0,0,0,0,0,0,2.9,Low,37.5,34.9,1,0
8990,Male,6,12,89.9,85.9,0,6100,0.1,Primary,0,0,0,0,0,1,5.8,Medium,46.2,37.0,2,0
8991,Female,8,12,68.1,67.8,0,9100,0.6,Graduate,1,0,1,0,0,1,5.0,Low,48.6,44.2,0,0
8992,Male,8,14,89.8,100.0,0,16700,1.1,Primary,0,0,1,0,0,1,3.8,Low,50.8,17.3,0,0
8993,Male,8,12,88.8,99.5,2,3000,1.3,No Schooling,1,0,0,0,1,1,5.6,Medium,32.4,22.5,1,0
8994,Male,9,13,77.2,97.5,4,10500,7.1,Secondary,0,0,0,0,1,1,3.4,High,38.9,22.1,0,0
8995,Male,7,12,79.4,83.9,0,3500,1.7,Secondary,0,1,0,1,0,1,5.5,High,41.0,34.3,1,0
8996,Female,10,14,89.9,67.1,5,5600,0.2,Secondary,0,0,0,0,0,1,4.5,Low,36.1,26.5,0,1
8997,Female,8,12,76.4,52.0,0,6900,1.7,Graduate,0,0,0,0,0,1,4.5,Medium,22.1,38.6,1,0
8998,Male,8,13,56.4,54.0,1,7400,3.7,Higher Secondary,0,0,0,0,1,1,1.8,Low,39.0,23.2,1,0
8999,Female,9,15,93.6,97.1,0,5100,7.8,Secondary,0,0,0,0,0,1,6.9,Low,57.2,35.0,0,0
9000,Female,8,12,83.4,85.7,0,17900,3.8,Primary,0,0,1,0,0,1,6.0,Low,41.2,29.4,0,1
9001,Female,6,11,69.9,69.0,3,11900,5.8,Higher Secondary,0,0,0,0,0,1,4.7,Medium,48.8,62.1,0,0
9002,Male,10,16,76.6,51.1,4,5800,6.5,Primary,0,0,1,0,0,1,4.6,Low,54.5,26.4,0,1
9003,Male,10,17,86.2,8.7,0,24100,3.1,Graduate,0,0,1,1,1,1,2.4,Low,31.6,34.2,1,0
9004,Male,7,13,99.7,5.4,0,4900,8.0,No Schooling,0,0,0,0,0,1,5.1,Low,74.8,41.9,0,0
9005,Male,8,14,81.3,76.0,0,4600,1.0,Higher Secondary,1,0,0,0,1,1,3.2,Medium,39.5,44.1,0,0
9006,Female,9,16,59.9,70.7,0,8600,0.4,No Schooling,1,0,1,0,1,1,4.9,High,46.6,26.0,0,0
9007,Male,10,14,71.3,56.8,1,5300,3.3,Secondary,1,0,0,0,0,0,4.2,Low,23.7,20.2,0,0
9008,Female,8,15,93.7,83.8,2,10500,7.0,Secondary,0,0,1,0,0,1,2.0,Low,46.4,42.8,0,0
9009,Female,6,11,69.3,27.6,5,6500,0.7,Secondary,0,0,0,0,0,1,0.0,Medium,23.2,24.0,0,1
9010,Male,9,14,86.8,71.7,0,10000,2.6,Secondary,0,0,1,0,1,1,4.5,Low,5.3,19.7,1,0
9011,Male,6,12,82.6,71.2,0,4300,9.0,Primary,0,0,1,1,0,1,4.6,Low,28.7,30.8,0,1
9012,Female,9,16,77.7,40.8,1,28200,0.8,Primary,0,0,1,0,1,1,3.4,Medium,32.0,8.1,0,0
9013,Female,8,15,76.6,50.6,1,5600,8.4,Higher Secondary,0,0,0,0,0,0,1.5,Medium,44.3,25.5,0,1
9014,Male,9,16,92.3,100.0,0,21700,1.5,Secondary,0,1,0,1,0,1,8.0,Low,58.3,35.4,2,0
9015,Female,6,11,83.1,69.3,1,3100,1.9,Primary,1,0,0,0,0,1,4.5,Medium,39.5,31.2,0,1
9016,Female,8,12,79.5,100.0,2,28000,2.1,No Schooling,1,0,1,0,0,0,5.4,Low,48.5,35.7,0,0
9017,Female,8,12,94.5,61.1,0,7300,0.3,Primary,0,1,0,1,0,1,4.1,Medium,36.1,38.8,0,0
9018,Male,7,14,84.5,33.6,0,6700,2.1,Primary,1,0,1,0,0,1,3.9,Medium,52.9,37.4,0,0
9019,Female,6,10,93.6,64.9,0,3000,3.9,Graduate,0,0,0,0,0,1,4.5,Low,43.8,28.8,0,0
9020,Female,7,12,94.3,81.0,0,3100,1.6,Primary,0,0,1,0,0,1,5.2,Low,53.1,30.8,0,0
9021,Male,10,15,80.6,100.0,0,4000,1.8,No Schooling,0,0,0,0,0,1,3.3,Medium,47.8,36.9,0,0
9022,Female,8,14,66.8,57.7,4,3600,8.7,No Schooling,0,0,1,0,0,1,1.8,Low,32.7,30.8,0,1
9023,Female,9,14,63.3,59.0,1,12200,0.1,Primary,1,0,1,0,0,1,5.5,Low,18.8,21.6,0,0
9024,Male,8,14,82.0,73.7,5,5800,5.6,No Schooling,1,0,0,0,0,1,2.8,Low,49.7,52.7,0,0
9025,Female,10,16,90.0,66.8,2,7900,8.2,Primary,0,0,0,0,0,1,3.2,Low,43.7,28.0,0,1
9026,Female,8,15,76.8,22.5,0,9000,6.6,Primary,0,1,0,0,0,0,0.0,Low,24.7,25.2,0,0
9027,Female,6,10,67.3,79.9,0,3000,1.0,Secondary,0,1,0,0,0,1,3.0,Low,45.3,43.3,0,0
9028,Female,6,13,83.5,81.5,1,6400,3.4,No Schooling,0,0,1,0,0,1,4.5,Low,50.9,39.7,0,0
9029,Male,6,12,76.7,77.7,0,33200,3.7,No Schooling,0,0,1,0,1,1,7.9,Low,26.6,44.4,2,0
9030,Male,10,17,93.4,100.0,0,16600,1.2,Graduate,0,0,1,0,0,1,8.0,Low,48.7,63.6,0,0
9031,Male,9,14,77.5,54.4,2,10900,3.5,Higher Secondary,1,0,0,0,1,1,3.6,High,40.5,35.9,0,0
9032,Female,9,14,77.5,64.8,1,8600,2.6,Primary,0,1,0,0,0,0,3.4,Low,61.8,44.8,0,0
9033,Male,9,15,56.6,35.9,3,21200,0.6,Secondary,0,0,0,1,0,1,3.2,Low,46.5,16.6,1,1
9034,Female,10,17,94.9,0.4,1,11900,3.3,Graduate,0,0,0,0,1,1,4.5,Low,37.5,30.8,0,1
9035,Male,10,14,64.2,59.6,0,7000,0.1,No Schooling,1,0,0,0,1,1,3.6,High,27.5,19.3,0,0
9036,Male,9,15,64.9,67.6,0,10100,0.1,Graduate,0,0,0,0,1,1,2.0,Medium,70.2,26.6,0,0
9037,Female,7,11,82.0,62.8,0,13900,2.5,Secondary,0,0,0,0,0,1,3.7,Low,56.2,30.9,1,0
9038,Female,6,13,90.3,61.5,0,19000,0.1,Primary,0,1,1,0,0,1,4.7,High,30.4,22.0,0,0
9039,Male,8,13,80.3,67.0,0,3000,9.5,Higher Secondary,0,0,1,0,0,1,1.8,Low,45.9,47.6,0,0
9040,Male,9,16,80.5,62.1,0,8600,5.0,Secondary,1,0,0,0,0,0,3.1,Low,30.0,3.6,0,0
9041,Male,8,12,89.7,66.2,2,15500,6.2,No Schooling,1,0,0,0,0,1,5.4,Low,49.0,28.7,1,0
9042,Male,7,11,91.7,85.9,2,5200,1.9,No Schooling,0,0,0,1,1,0,5.4,Medium,68.6,42.3,0,0
9043,Male,9,16,66.9,37.5,0,6900,2.9,Primary,0,0,0,0,0,1,2.3,Low,45.4,24.8,1,1
9044,Female,8,13,60.9,73.7,0,24800,2.4,Secondary,0,1,0,0,0,1,3.1,Low,30.6,33.9,0,0
9045,Male,7,11,83.7,64.8,3,9300,0.7,Primary,0,1,0,0,1,1,2.2,Medium,58.2,25.4,0,0
9046,Male,10,17,82.1,69.5,0,4700,1.4,Secondary,0,0,0,0,1,0,6.9,High,41.2,55.4,0,0
9047,Male,8,13,80.8,75.5,2,3000,1.1,Secondary,0,0,0,0,0,1,6.0,Medium,51.5,45.7,0,0
9048,Male,7,14,95.4,98.9,0,7300,1.7,No Schooling,0,0,0,0,0,1,7.0,High,63.3,40.9,0,0
9049,Female,7,12,85.2,49.1,0,45004,0.1,Primary,0,0,1,0,1,0,3.8,Low,38.4,34.9,0,0
9050,Male,8,15,57.4,47.9,1,19000,0.6,Primary,0,0,0,0,0,0,2.8,Medium,45.6,41.6,0,1
9051,Male,7,13,89.9,47.5,2,4700,2.7,No Schooling,0,0,0,0,0,0,1.8,Low,52.3,31.1,0,0
9052,Female,6,11,93.3,70.7,0,14700,0.8,Graduate,0,1,0,1,0,1,3.7,Medium,33.7,24.6,0,0
9053,Female,8,13,76.3,96.2,3,7800,3.1,Secondary,0,1,0,0,1,1,5.3,Medium,50.9,35.9,0,0
9054,Female,9,14,72.0,35.3,0,5700,0.6,Primary,0,0,0,1,0,1,2.3,Low,33.1,23.7,0,0
9055,Female,6,12,87.4,73.5,0,6400,0.1,Primary,0,0,0,0,0,1,3.5,Medium,38.3,17.6,1,0
9056,Female,8,14,75.3,90.2,0,19000,4.5,Primary,0,0,0,0,0,1,5.9,Medium,47.4,45.9,0,0
9057,Female,8,12,62.7,80.3,0,13700,2.2,Graduate,0,0,1,0,0,0,6.2,Low,37.7,53.9,0,0
9058,Female,7,12,86.4,56.3,0,9200,2.3,Higher Secondary,1,0,1,0,0,1,3.2,Medium,53.6,50.2,0,0
9059,Male,7,12,87.5,88.5,2,5200,4.6,Primary,0,0,0,0,0,1,5.5,Low,53.0,41.2,0,0
9060,Female,7,14,81.8,67.0,0,13200,3.3,Higher Secondary,0,0,1,0,0,0,7.2,Medium,36.3,34.4,1,0
9061,Female,8,13,88.0,85.4,0,8600,3.5,Secondary,0,0,0,0,0,1,6.2,Medium,56.6,43.1,0,0
9062,Female,9,15,77.9,67.2,0,5900,1.9,Graduate,0,0,0,0,1,1,6.0,Low,34.8,42.8,0,0
9063,Male,8,12,91.8,61.1,1,4200,0.1,No Schooling,0,0,1,0,0,1,5.6,High,35.5,16.6,1,0
9064,Female,10,15,81.2,50.8,0,5300,5.1,No Schooling,0,1,0,1,0,1,5.6,Low,45.5,41.8,0,0
9065,Male,7,12,73.5,64.6,2,3700,0.8,Secondary,1,0,1,1,0,1,4.0,High,32.6,47.0,0,0
9066,Female,9,14,64.0,36.4,0,4500,0.3,Secondary,0,0,1,0,0,1,3.5,Low,30.3,24.5,1,0
9067,Male,8,15,65.3,28.8,1,50000,0.4,No Schooling,0,0,1,1,0,0,2.8,Low,35.1,16.6,0,1
9068,Female,9,16,94.7,75.8,0,3000,0.6,Secondary,0,0,1,0,1,1,6.1,Low,52.2,52.4,0,0
9069,Female,10,15,74.6,64.0,0,14800,0.6,Higher Secondary,0,0,1,1,0,1,3.3,Low,46.7,24.6,1,0
9070,Male,8,14,80.0,32.4,5,11300,0.7,Secondary,0,0,1,0,0,1,4.0,Low,22.6,10.5,0,1
9071,Male,8,15,77.3,56.9,1,3000,5.6,Secondary,0,1,0,0,1,1,0.4,Medium,48.1,38.9,0,1
9072,Male,10,14,78.7,67.2,0,14200,3.0,Secondary,0,1,1,0,0,1,4.4,Low,44.2,22.5,0,0
9073,Female,10,15,75.8,33.3,0,34400,0.7,Secondary,0,0,0,0,0,1,2.2,Low,52.5,36.2,1,0
9074,Female,10,16,72.4,55.7,0,8000,1.0,Higher Secondary,0,0,1,0,0,0,2.3,Medium,45.3,32.5,0,0
9075,Female,6,10,67.9,80.2,0,15400,1.0,Secondary,0,0,0,0,1,1,5.1,Low,50.4,14.5,0,0
9076,Male,6,11,81.4,60.4,0,7300,3.4,Primary,0,0,0,0,1,1,2.4,Low,30.6,31.7,1,0
9077,Female,8,12,93.7,90.9,0,10800,8.5,Primary,0,0,1,1,1,1,5.8,Medium,61.6,58.0,0,0
9078,Female,9,14,57.3,31.2,0,3000,4.1,Primary,0,0,1,0,0,0,0.9,Medium,0.0,32.4,0,0
9079,Male,6,10,60.7,62.7,0,8100,2.1,Primary,1,0,1,0,0,1,2.1,Medium,32.3,14.8,0,0
9080,Male,7,13,89.0,94.7,3,8200,1.9,Secondary,0,1,0,1,0,0,4.0,Medium,43.3,55.5,1,0
9081,Male,8,15,88.9,69.2,1,5900,1.4,No Schooling,0,0,0,1,1,1,3.1,Low,45.7,29.3,0,0
9082,Male,6,11,89.4,53.4,1,22500,4.8,Graduate,0,0,1,1,0,1,2.4,Low,37.1,31.5,0,0
9083,Male,9,13,87.3,81.1,0,7800,0.1,Primary,0,0,1,0,0,1,5.4,Low,35.6,26.2,1,0
9084,Male,7,12,79.8,60.4,0,7300,2.2,Primary,0,0,1,0,0,0,4.9,Low,32.5,26.9,1,0
9085,Male,10,14,52.9,15.3,0,6200,3.9,Graduate,0,0,0,1,0,1,0.0,Medium,16.7,13.9,0,0
9086,Male,7,12,93.8,79.7,1,6000,0.9,No Schooling,0,0,1,0,1,1,4.0,Medium,23.3,10.9,0,0
9087,Male,8,14,90.7,44.8,2,7300,0.4,Higher Secondary,0,0,1,1,0,1,4.1,Low,40.1,36.4,0,0
9088,Female,8,13,79.8,38.1,4,6600,6.2,Primary,0,0,0,0,0,1,2.4,Low,30.0,30.4,1,1
9089,Female,7,13,90.2,69.3,1,11000,3.3,Secondary,0,0,0,1,0,1,5.9,Low,46.3,37.0,0,0
9090,Male,8,14,94.0,100.0,1,11900,1.2,Secondary,0,0,1,1,1,1,4.2,Medium,31.7,42.7,0,0
9091,Female,10,14,97.1,48.4,0,22400,0.9,Primary,0,0,0,0,0,1,5.2,High,68.0,23.5,0,0
9092,Female,8,14,91.9,65.3,0,5900,4.1,Secondary,0,0,0,1,0,1,5.1,Medium,37.0,2.3,0,0
9093,Male,6,12,88.0,67.1,1,4000,1.4,Primary,0,0,0,0,0,0,3.8,Low,40.2,34.4,0,0
9094,Male,9,13,81.8,74.4,1,9100,2.6,Primary,1,0,0,0,0,1,3.2,Medium,59.1,49.0,0,0
9095,Male,6,11,88.4,94.4,0,9200,0.7,Secondary,0,1,0,0,0,1,6.6,Medium,46.0,47.0,0,0
9096,Female,8,13,83.5,97.2,3,15600,1.6,Secondary,0,0,0,0,0,1,4.5,Low,46.0,55.7,1,0
9097,Male,8,13,66.0,60.4,0,3100,1.1,Graduate,0,0,0,0,0,1,3.9,Low,49.9,39.0,0,0
9098,Male,8,15,93.0,64.5,1,7700,2.4,Higher Secondary,0,0,1,0,0,0,5.3,Low,21.7,12.2,1,0
9099,Female,6,12,70.6,26.0,0,18200,2.4,Graduate,1,0,0,0,0,1,1.4,Low,27.7,31.6,0,0
9100,Female,7,14,82.1,79.1,1,15100,0.2,Higher Secondary,0,0,1,0,0,1,6.0,Medium,53.7,52.6,0,1
9101,Male,6,12,58.2,51.4,1,18500,12.2,Secondary,0,0,0,0,1,1,3.3,Low,18.4,29.7,0,0
9102,Female,7,11,71.4,75.2,0,6300,2.5,Primary,0,1,0,0,0,1,5.4,High,34.5,52.4,0,0
9103,Male,8,14,76.0,32.8,2,3000,4.5,Secondary,0,1,0,0,0,1,2.6,Low,25.1,11.2,0,0
9104,Female,9,13,62.3,72.6,0,9600,1.1,Higher Secondary,1,0,0,1,0,1,6.5,High,45.4,47.2,1,0
9105,Female,6,11,89.3,44.6,1,11200,0.9,Higher Secondary,0,0,0,0,0,1,6.2,Low,25.2,44.1,0,0
9106,Female,6,13,69.8,75.3,1,5100,2.3,Primary,0,0,0,0,0,0,6.8,Low,45.5,45.1,0,0
9107,Male,9,16,67.8,53.8,3,10400,4.1,Higher Secondary,0,0,0,0,1,1,5.5,High,0.0,26.3,0,0
9108,Male,8,12,76.0,71.8,0,8800,2.3,Higher Secondary,0,0,1,0,0,1,1.8,High,31.9,20.3,0,0
9109,Female,10,17,74.9,72.4,0,3000,4.4,Secondary,0,0,0,0,0,1,4.6,Low,32.3,30.1,0,0
9110,Male,6,13,59.7,54.4,0,16700,0.7,Graduate,0,0,0,0,1,1,5.0,Low,26.4,26.5,0,0
9111,Female,6,13,82.5,50.0,0,3000,2.1,Secondary,1,0,0,0,0,1,2.0,Medium,34.6,15.4,0,0
9112,Male,7,14,94.6,100.0,1,13300,0.8,Secondary,0,0,1,0,1,1,7.8,Low,48.6,24.3,1,0
9113,Male,9,13,91.4,94.7,0,4300,0.8,Graduate,0,0,1,1,0,1,3.4,Medium,20.3,15.4,1,0
9114,Male,8,12,85.3,83.1,1,9200,2.5,Primary,0,0,0,0,0,1,4.4,Medium,43.6,7.4,1,0
9115,Male,6,12,74.1,0.0,1,8700,1.9,Primary,0,1,1,0,0,1,0.0,Medium,23.5,7.1,0,1
9116,Female,6,10,71.6,76.3,0,8600,3.7,Primary,0,1,1,1,1,1,2.5,Medium,45.0,40.8,1,0
9117,Male,9,14,93.3,31.1,2,17300,0.9,Primary,1,0,0,0,0,0,5.4,Low,39.1,12.3,1,0
9118,Female,7,14,84.9,89.4,0,14600,0.8,Higher Secondary,0,0,1,1,0,1,5.7,Low,59.0,27.3,0,0
9119,Female,9,16,94.6,61.4,1,4700,5.6,Secondary,0,0,0,0,0,1,3.6,Medium,53.1,21.0,0,0
9120,Female,7,12,84.0,57.4,2,8400,0.3,Secondary,0,0,0,0,0,0,5.5,Low,42.0,27.1,0,0
9121,Female,7,13,91.6,47.4,1,12300,2.5,Primary,0,0,1,1,0,1,3.6,Low,32.3,38.2,1,0
9122,Female,6,12,59.1,48.7,0,11800,0.1,Primary,0,0,0,0,0,0,1.6,Medium,33.4,31.7,0,0
9123,Female,10,15,75.7,45.7,0,11800,2.5,Graduate,0,0,0,1,0,1,6.3,Low,11.5,18.7,0,0
9124,Male,6,10,68.7,51.6,0,8500,3.0,Primary,0,0,0,1,0,0,3.9,High,45.1,40.5,0,1
9125,Female,6,11,87.2,68.3,0,14800,8.8,Secondary,1,0,1,1,0,1,2.2,Low,55.6,37.0,0,0
9126,Female,10,16,93.4,70.3,0,14000,0.9,Primary,0,0,1,1,0,1,0.7,Low,53.0,51.3,0,0
9127,Male,6,13,73.7,53.9,1,10400,10.0,Secondary,0,0,0,0,0,1,5.5,Medium,42.9,41.4,0,0
9128,Female,7,14,76.7,87.8,0,7000,1.4,Primary,1,0,1,0,0,1,7.9,Medium,46.6,32.3,1,0
9129,Male,7,11,68.3,42.9,0,25700,2.5,Secondary,1,0,0,0,0,1,5.5,Medium,27.1,12.4,0,0
9130,Female,9,15,89.6,88.2,2,6500,0.2,Graduate,0,0,1,0,0,1,5.1,Low,34.0,30.1,0,0
9131,Male,7,13,93.6,77.6,1,4400,1.0,Higher Secondary,0,0,0,0,1,1,2.6,Low,61.5,51.3,0,0
9132,Female,10,14,71.1,77.9,0,6500,9.6,Primary,0,0,0,1,0,1,3.2,Low,37.3,35.6,0,0
9133,Male,9,16,51.7,33.6,1,9100,2.7,No Schooling,0,0,1,0,0,1,0.0,Low,41.4,26.7,1,1
9134,Female,8,14,68.1,44.7,2,6500,2.5,Primary,0,0,1,0,0,1,2.7,Medium,39.1,22.3,0,1
9135,Male,7,13,93.8,69.9,0,4500,8.0,No Schooling,0,1,1,0,0,1,3.7,Low,39.6,31.2,0,0
9136,Female,9,15,64.6,84.6,0,7500,4.3,Secondary,0,0,0,0,0,0,5.6,Low,42.3,52.0,1,0
9137,Male,10,15,72.4,100.0,0,17800,1.4,No Schooling,0,0,0,0,1,1,5.1,Low,39.3,16.8,1,0
9138,Female,10,14,87.6,52.2,0,3100,3.3,Secondary,1,0,0,0,0,1,3.2,Low,26.6,27.7,0,0
9139,Male,6,11,86.9,66.0,0,9000,0.2,Higher Secondary,1,0,1,0,0,1,5.1,Low,49.2,21.9,1,0
9140,Male,9,16,79.6,24.9,1,3700,0.1,Primary,0,0,1,0,1,1,3.7,Medium,53.4,20.7,0,0
9141,Male,9,15,57.4,100.0,1,3700,3.2,No Schooling,1,1,1,0,0,1,7.8,Low,34.9,40.0,1,0
9142,Female,10,16,92.8,61.5,0,3000,0.8,No Schooling,1,0,0,0,0,0,1.8,Low,38.9,23.3,0,1
9143,Male,7,11,80.5,70.9,0,8100,0.5,Primary,0,0,0,0,0,1,4.0,Low,32.1,43.3,0,1
9144,Female,9,13,82.8,57.9,4,3000,4.9,Primary,0,0,0,1,1,1,5.7,Medium,62.2,50.3,0,0
9145,Male,9,15,63.3,57.9,3,8900,0.8,No Schooling,0,0,0,0,1,1,4.6,High,44.4,21.7,1,0
9146,Female,10,17,90.4,82.6,0,7300,2.4,Secondary,0,0,1,0,0,1,3.6,Medium,13.7,22.6,0,0
9147,Male,9,14,71.5,26.0,1,11100,0.6,Secondary,0,0,0,0,0,1,6.0,Low,27.2,27.2,0,1
9148,Male,10,15,85.8,34.8,1,3000,3.0,Primary,1,0,0,0,1,1,1.8,Low,41.0,19.0,1,0
9149,Male,7,14,79.1,52.2,1,3000,2.5,No Schooling,0,0,0,0,1,1,2.7,Low,36.5,28.2,1,0
9150,Male,6,10,94.4,68.7,1,6100,2.5,Secondary,0,0,0,0,0,0,4.7,Medium,40.3,32.8,1,0
9151,Male,7,13,66.6,73.7,0,7900,0.8,Primary,1,0,0,0,0,1,4.9,Low,57.1,39.0,0,0
9152,Male,9,13,96.2,72.0,2,16100,1.2,Primary,1,1,0,1,0,1,2.0,High,39.9,27.2,0,0
9153,Female,6,11,77.3,58.9,1,7200,0.6,Secondary,0,1,1,0,0,1,4.5,High,47.1,39.7,0,0
9154,Female,9,14,71.6,59.4,1,4500,0.6,Higher Secondary,0,0,0,0,0,1,5.1,Low,37.8,21.7,0,0
9155,Male,10,16,57.9,54.4,2,17800,1.3,Primary,1,1,1,1,0,1,4.6,Low,35.4,19.8,1,1
9156,Female,10,15,86.0,85.7,0,5200,0.1,Secondary,0,0,1,0,0,1,6.1,Medium,37.8,42.7,0,1
9157,Male,9,14,96.9,92.4,0,3000,0.5,Secondary,0,0,0,0,0,1,2.9,Low,33.1,60.4,0,0
9158,Male,9,14,97.2,62.2,0,10200,1.4,Primary,0,0,0,0,0,1,3.9,Medium,37.1,30.8,0,0
9159,Male,6,10,93.4,58.1,1,8200,2.4,No Schooling,1,1,1,0,0,1,6.7,Low,59.5,42.5,0,0
9160,Male,8,15,81.1,51.7,0,14700,9.0,Higher Secondary,0,0,1,1,0,1,4.1,Low,57.9,19.5,0,0
9161,Male,8,14,62.0,89.4,2,3900,2.5,Primary,0,0,1,1,1,1,6.3,Medium,31.3,40.5,0,0
9162,Female,9,15,57.6,67.1,0,8400,4.1,No Schooling,0,0,1,0,0,1,2.6,Medium,43.7,27.2,1,0
9163,Female,7,13,80.4,62.7,0,5000,3.3,No Schooling,0,0,0,1,0,1,4.1,Low,34.8,21.0,0,0
9164,Female,6,10,85.3,61.0,1,9600,0.8,Higher Secondary,0,1,0,0,0,1,3.7,Low,53.4,30.9,0,0
9165,Male,9,15,91.3,87.0,5,4900,2.6,Higher Secondary,0,0,0,0,1,1,6.2,High,37.1,27.7,0,0
9166,Male,8,14,86.7,62.8,2,8200,0.6,Higher Secondary,1,1,1,0,0,1,5.1,High,38.0,36.1,1,0
9167,Female,10,15,82.8,77.0,0,18100,1.4,Primary,1,0,0,0,0,1,4.0,Low,41.7,41.2,0,0
9168,Male,8,14,96.7,57.2,2,8500,1.6,Graduate,0,0,0,0,0,1,4.6,Low,48.9,34.9,1,0
9169,Male,10,15,86.5,86.8,0,6400,3.5,Graduate,0,0,0,0,0,1,6.0,High,39.4,15.2,1,0
9170,Male,8,14,60.7,69.7,1,21800,0.8,Secondary,0,0,1,1,1,1,4.5,Medium,30.7,23.1,2,0
9171,Male,9,14,96.8,96.6,0,7400,1.9,Secondary,0,0,0,0,0,1,8.0,Low,35.0,37.1,2,0
9172,Female,9,16,85.3,50.7,0,9500,1.2,No Schooling,0,0,1,1,0,1,3.6,Low,42.4,41.6,0,0
9173,Male,7,11,56.5,47.9,0,14600,1.9,Primary,0,0,1,1,0,1,1.6,Medium,28.6,17.9,1,1
9174,Male,7,12,87.7,64.4,0,7100,2.0,No Schooling,0,0,0,0,1,1,4.5,Low,25.0,56.2,1,0
9175,Female,10,16,77.2,65.3,0,7400,7.0,Higher Secondary,0,0,1,0,0,1,4.7,Low,49.1,11.3,1,0
9176,Female,7,11,53.2,59.9,0,7400,4.1,Primary,0,1,1,0,0,1,4.5,Low,40.0,54.3,1,0
9177,Male,9,15,67.2,45.2,0,10100,5.2,No Schooling,1,0,1,0,0,1,4.9,Medium,28.7,16.9,0,0
9178,Male,6,10,99.2,92.8,0,43900,1.5,Secondary,0,0,1,1,0,1,5.5,Low,64.4,34.1,0,0
9179,Female,9,15,91.3,82.9,0,18300,1.9,Primary,0,0,0,1,0,1,3.7,Low,50.8,28.7,0,0
9180,Male,7,12,76.2,79.2,2,16500,3.8,Secondary,0,0,1,0,0,0,2.5,Low,47.6,42.8,0,0
9181,Male,8,12,80.9,54.9,2,4300,1.5,Secondary,1,0,0,1,0,1,6.0,Medium,55.9,24.0,1,0
9182,Male,8,13,56.4,46.9,1,6000,1.6,Primary,0,0,1,0,0,1,2.5,Medium,20.3,14.8,0,1
9183,Male,6,11,61.6,60.7,1,12100,1.7,Primary,1,0,0,0,0,0,3.5,High,30.4,44.0,0,0
9184,Female,8,12,56.8,41.8,0,3000,5.7,No Schooling,0,0,0,0,0,1,7.6,Low,16.7,5.3,1,0
9185,Female,10,16,63.7,57.5,1,4600,9.0,Secondary,0,1,1,0,0,1,1.8,Low,35.5,45.9,3,1
9186,Female,9,15,90.8,50.1,2,18800,1.5,Secondary,0,0,1,0,1,0,4.5,Low,38.3,0.0,3,0
9187,Female,10,16,81.3,52.4,1,16900,3.9,No Schooling,0,1,1,1,0,1,5.9,Low,37.0,37.0,2,0
9188,Female,9,16,75.8,0.0,0,9900,0.4,Graduate,0,0,0,0,0,1,0.4,Low,25.7,17.6,0,0
9189,Female,9,15,84.8,53.3,0,13300,2.2,Higher Secondary,1,0,1,0,0,0,3.2,Medium,57.3,29.6,0,0
9190,Female,8,15,82.9,81.0,1,37700,1.4,Primary,0,0,1,0,0,0,2.1,Low,40.9,47.5,0,0
9191,Male,10,16,58.5,75.0,0,6800,0.3,Secondary,1,0,1,0,0,1,5.3,Low,39.7,47.7,0,0
9192,Male,8,14,55.6,26.6,0,36400,6.9,Higher Secondary,1,0,1,0,0,1,2.0,Medium,10.0,0.6,0,0
9193,Female,7,14,76.2,41.9,3,11300,5.8,No Schooling,0,0,1,0,0,1,4.1,Low,42.1,16.3,0,1
9194,Male,10,16,88.5,65.5,1,7100,2.9,Primary,0,0,1,0,1,1,2.6,Medium,48.9,21.8,0,0
9195,Male,10,16,85.0,87.9,0,22100,1.2,Secondary,0,0,1,0,0,1,8.0,Low,65.3,50.2,0,0
9196,Male,8,14,88.8,65.3,0,4700,1.5,Higher Secondary,0,1,0,0,1,1,2.0,Low,67.6,31.4,1,0
9197,Female,6,13,73.2,67.2,0,8400,0.6,Graduate,0,0,0,0,0,0,6.2,Low,38.4,35.0,0,0
9198,Male,8,13,83.1,64.9,5,7000,0.4,Primary,0,0,0,0,0,1,5.3,Low,50.7,34.6,0,1
9199,Male,9,13,88.4,87.4,0,24600,2.1,Graduate,0,0,0,0,1,1,8.0,Medium,47.0,56.2,1,0
9200,Male,7,12,95.3,52.0,2,6200,0.6,Primary,0,1,0,0,0,1,3.0,High,41.4,26.9,1,1
9201,Male,9,13,85.9,100.0,0,6800,2.3,Secondary,1,0,0,1,0,1,8.0,Low,53.9,34.9,0,0
9202,Female,8,13,95.4,38.1,1,7800,0.3,Primary,1,1,0,0,0,1,2.9,Low,34.1,24.9,1,0
9203,Male,7,14,86.3,90.7,0,3000,6.4,Secondary,0,1,1,0,0,1,2.1,Medium,59.5,33.6,0,1
9204,Male,8,12,61.9,62.2,0,19500,1.2,Secondary,0,0,0,0,0,1,5.0,Low,27.3,19.6,2,0
9205,Male,7,14,75.3,100.0,2,7900,1.6,No Schooling,0,0,0,1,1,0,6.9,Low,54.7,56.9,0,0
9206,Female,9,15,98.0,62.8,0,6100,1.8,No Schooling,0,1,0,0,0,1,5.9,High,44.7,28.5,0,1
9207,Female,6,11,93.4,78.4,0,14500,3.7,Primary,0,0,0,0,0,1,7.5,Low,56.6,70.9,0,0
9208,Male,9,14,87.6,49.3,0,6900,1.6,No Schooling,0,0,1,0,0,1,4.8,Low,53.7,37.4,0,0
9209,Male,7,14,81.7,45.8,0,10400,0.1,No Schooling,1,0,1,0,0,1,0.9,Medium,30.9,33.7,1,1
9210,Female,10,14,78.7,58.7,3,4400,3.0,Primary,0,0,1,0,0,1,2.8,Low,30.8,39.8,0,0
9211,Female,9,15,85.4,52.0,0,5100,2.7,Secondary,0,0,1,0,0,1,5.1,Low,54.2,37.4,1,0
9212,Male,7,12,90.7,56.2,2,9800,0.9,Higher Secondary,0,0,1,0,0,1,4.5,High,51.6,39.7,0,0
9213,Male,10,16,92.2,67.3,1,5400,0.5,Primary,0,0,1,0,0,1,5.7,High,40.7,26.4,0,0
9214,Male,8,15,85.2,76.1,0,3000,2.2,No Schooling,0,0,0,0,0,1,2.6,Low,48.7,60.8,0,0
9215,Male,8,15,66.6,41.9,0,22000,4.1,Higher Secondary,0,0,0,0,0,1,5.1,Low,10.1,14.1,0,0
9216,Female,10,15,65.8,56.5,2,3000,0.1,Primary,0,0,1,1,1,1,4.5,Low,52.7,38.2,0,0
9217,Female,10,16,84.7,59.1,1,14700,1.5,Higher Secondary,0,0,0,0,0,0,2.4,Low,3.3,15.4,1,0
9218,Female,9,14,90.3,77.3,2,7100,1.3,Secondary,0,0,0,1,1,1,5.9,Low,50.7,39.7,0,0
9219,Female,10,16,76.9,73.3,2,17700,0.4,No Schooling,0,1,1,0,0,1,3.5,Low,68.6,19.6,0,0
9220,Male,7,11,91.7,91.2,0,8400,2.9,Primary,0,0,0,0,1,0,5.6,Low,52.9,23.1,1,0
9221,Female,7,14,95.5,75.5,1,7500,4.4,Higher Secondary,0,0,1,0,0,0,6.0,High,42.6,47.5,0,0
9222,Male,6,10,79.3,85.9,0,11300,1.6,Higher Secondary,0,0,1,0,1,1,5.0,Low,40.3,27.6,0,0
9223,Male,7,11,71.2,58.9,3,38378,5.0,No Schooling,1,1,0,0,0,0,3.2,Low,32.8,31.0,1,1
9224,Female,8,15,71.2,37.8,0,9500,1.9,Primary,0,0,0,0,0,1,2.3,Medium,21.9,12.5,0,0
9225,Male,7,12,77.5,57.3,0,7600,0.5,Secondary,0,1,0,0,0,1,6.7,Low,38.5,32.2,0,0
9226,Female,8,12,93.2,78.0,0,15100,2.5,Secondary,0,0,0,0,0,1,0.5,Low,48.7,30.9,1,0
9227,Female,6,12,82.3,74.5,1,5100,1.1,Primary,0,1,0,0,0,1,4.8,Low,27.4,15.8,0,0
9228,Female,7,12,94.3,50.5,2,21800,3.3,Higher Secondary,0,0,1,0,0,1,2.3,Low,40.5,27.0,1,0
9229,Female,9,16,92.9,78.0,0,10500,5.6,No Schooling,1,0,0,0,1,1,3.0,Low,47.0,54.9,0,0
9230,Male,6,13,89.1,88.9,5,17500,4.1,Graduate,0,0,1,1,0,1,5.0,Low,41.8,45.3,0,0
9231,Male,9,15,76.8,53.4,0,5000,0.5,Secondary,0,1,0,1,0,1,0.2,Low,70.7,48.7,1,0
9232,Female,9,14,93.4,66.2,2,32900,0.6,Graduate,0,0,0,0,0,1,4.0,Low,36.3,44.6,0,0
9233,Female,8,13,65.2,95.0,0,12500,1.2,Graduate,0,0,1,0,1,1,5.2,Medium,34.8,35.3,0,0
9234,Female,10,16,94.6,100.0,0,31700,3.8,Secondary,0,0,1,1,1,1,7.3,High,46.3,30.3,0,0
9235,Male,10,17,87.7,81.3,0,6400,2.1,No Schooling,0,0,0,0,1,1,5.4,Low,46.3,47.7,0,0
9236,Male,6,12,84.2,62.5,0,3900,1.9,No Schooling,0,0,1,0,0,1,5.3,Medium,42.9,16.1,1,0
9237,Male,9,13,95.4,100.0,2,7400,0.5,Higher Secondary,0,0,1,1,0,1,7.6,Low,50.4,37.4,0,0
9238,Female,7,11,89.2,95.6,1,14400,0.5,Secondary,0,0,1,0,0,1,5.6,High,63.7,32.1,0,0
9239,Female,7,13,81.0,27.2,4,19800,3.4,Secondary,0,1,1,0,0,1,1.7,Low,38.5,8.9,0,1
9240,Female,8,13,86.2,79.7,0,5500,1.5,Secondary,0,0,1,0,0,1,2.7,Low,51.7,29.0,0,0
9241,Male,9,14,65.3,52.8,0,17600,1.2,Primary,1,0,0,0,0,0,2.5,High,37.2,46.4,0,0
9242,Male,10,15,62.8,65.2,0,10600,0.5,No Schooling,0,0,1,0,1,1,3.9,Medium,34.6,7.3,0,0
9243,Male,9,15,91.4,37.8,2,16000,7.1,Secondary,0,0,0,0,0,1,1.2,Low,61.1,41.2,0,0
9244,Male,9,13,75.3,42.9,0,3700,1.0,Secondary,0,0,1,0,0,0,3.7,Medium,14.9,21.2,1,0
9245,Male,8,12,72.8,71.7,1,4800,1.1,Primary,0,1,0,0,0,1,4.6,Low,65.8,37.8,1,0
9246,Female,6,10,92.1,35.0,0,3300,5.7,Primary,0,0,0,0,0,1,1.8,Low,41.9,16.9,0,0
9247,Male,6,12,91.3,99.7,0,8100,0.4,Primary,0,0,0,0,0,0,4.0,Low,42.1,57.3,0,0
9248,Male,8,14,91.1,83.1,1,16300,0.3,No Schooling,0,0,0,0,0,1,2.4,Medium,54.8,41.5,0,0
9249,Female,9,16,64.6,83.1,0,20000,6.0,Primary,1,0,1,0,0,1,5.7,Low,39.6,49.4,0,0
9250,Female,6,10,93.9,90.8,3,5100,0.9,Graduate,0,0,0,0,1,0,5.1,Low,37.5,30.4,0,0
9251,Male,7,11,93.3,93.6,0,11100,7.0,No Schooling,0,0,1,0,0,1,7.8,Medium,47.6,51.3,0,0
9252,Male,7,11,88.3,99.9,0,11000,1.9,Primary,0,0,1,1,0,1,7.0,High,27.1,38.9,0,0
9253,Female,8,14,78.3,68.4,2,3000,2.8,Higher Secondary,0,0,0,0,0,1,5.5,Medium,35.6,15.6,0,0
9254,Female,7,13,97.9,94.0,5,10100,1.6,Primary,0,0,1,0,0,1,4.5,Low,43.6,22.3,0,0
9255,Female,6,10,77.3,45.2,0,3000,1.7,No Schooling,1,0,0,0,0,1,3.4,High,38.4,17.7,0,0
9256,Male,6,11,71.7,8.7,0,7500,1.7,Secondary,1,0,0,0,1,1,0.6,Low,57.7,15.3,0,0
9257,Female,7,11,73.2,64.2,0,5100,3.1,Higher Secondary,0,0,1,0,0,1,6.4,Medium,43.8,45.9,1,0
9258,Female,8,14,93.6,91.4,0,12300,0.8,No Schooling,0,0,1,1,0,1,6.0,Medium,49.0,49.3,0,0
9259,Male,10,16,93.2,90.5,0,13400,1.9,No Schooling,0,0,1,0,1,1,7.4,High,71.1,29.5,0,0
9260,Male,7,11,81.7,67.4,4,21300,1.0,Graduate,1,0,1,0,0,1,2.8,Medium,39.9,25.7,0,1
9261,Female,8,12,70.2,66.7,2,8500,9.9,Secondary,0,0,1,0,0,0,4.1,Low,31.0,12.8,0,0
9262,Male,8,14,83.0,68.6,2,10200,1.4,No Schooling,0,1,1,0,1,0,1.8,Low,26.7,0.0,1,1
9263,Female,9,16,92.0,42.4,3,4500,2.9,Secondary,0,0,0,0,1,1,4.5,Low,31.6,31.1,1,0
9264,Female,7,14,79.5,65.6,1,5300,3.1,Secondary,1,0,0,0,1,1,3.7,Medium,22.0,40.0,1,0
9265,Male,6,12,94.3,83.3,0,5600,3.0,No Schooling,0,0,0,0,0,0,6.8,Medium,28.5,27.6,0,0
9266,Female,10,16,85.7,79.0,0,7400,1.5,Primary,1,0,0,0,1,1,1.4,Low,48.2,49.4,0,0
9267,Male,10,17,96.2,71.4,1,33600,0.4,Higher Secondary,0,0,1,0,0,1,3.4,Medium,38.4,15.3,0,0
9268,Female,8,15,83.5,37.3,1,8900,0.1,Primary,1,0,0,0,0,1,1.0,Medium,32.6,19.3,0,1
9269,Female,8,15,89.0,66.7,0,20900,5.4,Secondary,0,0,0,0,1,1,7.3,Medium,36.1,19.6,1,0
9270,Female,6,11,98.0,57.2,1,12300,6.5,Higher Secondary,0,0,1,0,1,1,3.3,Low,68.5,43.9,0,0
9271,Male,6,11,81.3,36.0,1,14300,1.0,No Schooling,0,0,0,1,0,1,2.2,Low,32.2,13.6,0,0
9272,Female,6,10,63.8,57.5,0,9300,5.2,Secondary,1,0,0,0,0,1,2.5,Medium,36.7,23.6,1,0
9273,Female,9,13,90.4,100.0,0,7500,2.9,Secondary,0,0,1,1,1,1,6.3,High,57.5,29.0,0,0
9274,Female,7,12,78.1,37.2,0,9100,6.2,Higher Secondary,0,0,0,1,0,1,2.7,Medium,15.3,25.9,0,0
9275,Female,6,13,76.1,100.0,0,4700,14.5,Primary,0,0,0,0,1,1,7.0,Medium,53.4,42.7,0,0
9276,Male,6,11,58.6,52.9,0,5400,6.8,Secondary,0,0,1,0,0,0,1.2,Low,23.4,30.7,1,0
9277,Female,6,12,83.5,56.7,0,8100,0.4,Secondary,0,0,1,0,0,0,7.3,Low,34.2,41.9,0,0
9278,Male,7,14,91.1,80.6,0,8700,4.5,Secondary,1,0,1,1,1,1,6.9,High,71.1,58.6,0,0
9279,Male,8,13,62.9,50.5,0,3000,3.4,Secondary,0,0,1,0,1,0,1.8,Low,34.4,19.3,1,0
9280,Female,8,13,78.1,25.8,0,4000,5.2,Secondary,0,0,0,0,0,1,3.4,Low,42.4,23.8,0,1
9281,Female,8,14,87.3,90.6,0,12400,0.3,No Schooling,0,0,0,1,0,0,6.9,Low,47.1,28.9,1,0
9282,Female,8,13,62.7,39.1,1,13700,0.8,Higher Secondary,0,1,0,0,1,1,4.1,Medium,32.0,0.0,0,1
9283,Male,9,14,85.2,65.1,0,3000,0.4,Higher Secondary,0,0,1,0,0,1,2.7,Low,25.1,39.0,1,0
9284,Male,7,14,70.9,41.0,0,9200,1.5,Primary,1,1,0,0,1,1,3.8,Low,25.3,45.8,1,1
9285,Male,7,12,93.6,90.2,0,50000,0.8,Higher Secondary,0,0,1,0,1,1,2.5,Medium,61.7,52.1,0,0
9286,Male,10,15,69.6,38.3,0,18000,0.9,Primary,0,0,0,1,0,1,2.7,Low,37.7,20.8,1,0
9287,Female,9,16,80.7,58.8,0,3600,0.4,Primary,0,0,1,0,0,1,3.8,Medium,45.6,28.9,0,0
9288,Female,8,14,88.4,55.6,0,9100,2.3,No Schooling,0,0,1,0,0,1,0.5,Medium,38.7,28.4,1,0
9289,Male,7,14,67.8,77.6,0,9400,1.0,Primary,0,0,1,0,0,0,6.2,Medium,47.4,33.1,1,0
9290,Male,6,11,93.5,100.0,0,7000,0.6,No Schooling,0,0,0,0,1,1,8.0,Medium,47.6,36.2,0,0
9291,Male,6,13,71.4,51.2,1,16300,3.1,Primary,1,0,1,0,0,1,2.1,High,53.1,45.2,0,1
9292,Female,10,17,92.7,84.6,0,18100,2.9,Higher Secondary,0,0,1,0,1,1,6.2,Low,50.5,39.5,1,0
9293,Female,8,12,78.4,77.8,0,5600,1.3,Graduate,1,0,0,0,1,1,3.5,Low,36.6,15.5,0,0
9294,Male,6,10,82.9,70.6,0,12700,1.3,Secondary,0,0,0,0,0,0,3.5,Medium,49.3,39.8,1,0
9295,Male,6,12,80.2,58.6,0,4900,2.9,Graduate,0,0,0,0,1,1,5.8,Low,28.2,7.0,0,0
9296,Male,7,13,87.0,81.6,0,7500,2.3,Higher Secondary,0,0,0,1,1,0,6.8,Low,51.3,58.5,0,0
9297,Male,7,11,69.7,50.7,5,24900,3.2,Primary,1,0,1,0,1,0,4.1,Low,22.4,15.5,1,1
9298,Female,8,14,59.9,50.6,0,4200,0.9,Secondary,0,0,0,0,1,1,3.3,Low,45.6,22.7,0,0
9299,Female,7,11,59.4,35.0,2,14500,1.5,Higher Secondary,0,0,1,1,0,1,3.8,Low,25.2,40.4,2,0
9300,Male,10,17,96.0,57.2,0,3300,3.1,No Schooling,0,0,0,0,0,0,3.8,Low,55.0,20.8,0,0
9301,Female,9,15,98.1,64.1,0,5300,0.8,Secondary,0,0,0,0,0,1,5.1,Medium,73.1,52.9,0,0
9302,Male,10,17,89.4,43.3,0,5100,13.3,Secondary,0,0,0,0,0,0,5.1,Medium,18.7,27.8,0,0
9303,Male,10,14,68.6,71.2,1,4400,1.4,Secondary,0,0,0,0,0,1,4.6,Medium,34.6,36.1,0,0
9304,Female,10,17,88.1,80.7,4,3000,0.7,No Schooling,1,0,0,0,0,0,3.6,Low,19.8,40.0,0,0
9305,Male,10,15,80.2,52.6,1,3300,5.9,Higher Secondary,1,0,0,0,0,1,3.3,High,21.8,5.6,0,0
9306,Male,7,11,79.9,62.8,0,3000,1.5,No Schooling,1,0,0,0,1,1,5.5,Low,57.7,35.4,1,0
9307,Female,6,11,75.2,60.3,1,4500,5.8,Primary,0,0,1,0,0,1,3.5,High,58.1,48.9,0,0
9308,Female,6,11,87.6,45.5,0,4200,4.1,No Schooling,0,0,0,1,0,1,4.8,High,57.9,44.5,2,0
9309,Male,8,14,84.9,12.9,1,7800,3.3,Secondary,0,0,0,1,0,0,1.4,Low,18.4,5.4,0,0
9310,Female,9,16,83.2,92.1,0,20700,0.9,Primary,1,0,0,0,0,1,5.1,Low,49.6,41.0,0,0
9311,Male,6,11,75.5,73.5,3,11400,2.6,Primary,0,0,0,0,0,0,4.9,Low,30.1,38.7,1,1
9312,Female,10,16,86.4,72.0,3,10100,2.4,Primary,1,1,1,0,0,1,4.9,Low,35.6,42.2,0,1
9313,Male,9,13,76.4,70.9,0,4900,2.5,No Schooling,0,0,1,0,1,1,4.6,Low,49.1,56.8,0,0
9314,Female,8,15,83.4,28.6,0,11200,3.5,Primary,0,0,1,0,0,0,0.4,Low,36.1,30.1,0,0
9315,Male,8,13,85.9,63.0,0,12300,2.7,Higher Secondary,0,0,0,0,1,0,2.8,Low,39.2,38.5,0,0
9316,Female,6,13,84.0,63.0,2,5200,2.6,Graduate,0,0,0,0,1,1,4.3,Low,44.0,44.0,1,0
9317,Female,8,13,89.1,63.5,0,16900,2.9,Graduate,0,0,1,0,0,1,5.1,Medium,24.1,24.4,0,0
9318,Male,6,11,60.6,33.4,0,6300,1.3,No Schooling,1,0,1,1,0,1,1.3,Low,12.6,17.8,0,0
9319,Female,8,15,57.8,55.5,1,6400,1.2,Primary,1,0,0,0,0,1,6.2,Low,41.8,46.1,0,0
9320,Male,7,11,84.6,67.8,0,10400,2.3,No Schooling,0,0,1,0,0,1,1.5,Low,33.3,16.3,0,0
9321,Female,7,13,61.9,53.1,1,3200,2.0,Primary,1,0,1,0,0,1,3.2,High,27.7,32.6,0,1
9322,Male,8,13,91.8,100.0,0,5500,0.1,Primary,1,0,0,0,1,0,4.1,Low,27.7,34.2,0,0
9323,Male,8,13,79.2,62.1,5,7200,2.6,Secondary,0,1,1,1,0,1,3.4,Low,44.5,30.5,0,0
9324,Female,7,13,94.1,82.4,4,5200,6.6,Secondary,1,0,0,0,1,1,3.2,Low,40.7,29.6,0,1
9325,Male,10,17,96.4,65.7,0,11300,1.0,Primary,0,0,1,1,1,1,5.2,Low,41.1,24.9,0,0
9326,Female,6,11,71.4,53.9,0,4600,10.6,Primary,0,0,0,0,0,1,2.9,Low,27.0,26.3,0,0
9327,Female,10,16,75.9,76.1,0,5300,0.2,Secondary,0,0,1,0,1,1,2.7,Low,39.8,17.0,0,0
9328,Male,6,10,87.6,50.7,0,15000,2.3,Secondary,0,0,1,0,0,1,4.8,Medium,18.2,29.7,0,0
9329,Male,6,10,67.1,52.7,1,7900,0.1,Graduate,0,0,0,0,0,0,0.2,Low,50.9,36.5,0,0
9330,Female,10,16,94.3,77.2,1,13100,1.9,No Schooling,0,0,1,0,0,1,5.0,Medium,54.7,28.1,0,1
9331,Female,9,15,84.4,72.4,0,11800,2.9,Secondary,0,1,1,0,0,1,1.5,Medium,35.6,33.3,1,0
9332,Male,9,13,83.3,76.7,3,27300,0.7,Primary,0,0,1,1,0,1,5.4,Low,60.9,40.2,0,0
9333,Male,9,16,81.5,81.1,0,5700,1.5,Secondary,0,0,1,1,1,1,3.9,Low,47.7,35.3,0,0
9334,Female,7,12,71.7,59.0,2,3300,2.9,Primary,0,0,0,0,0,1,3.6,Medium,35.6,33.2,0,0
9335,Female,9,14,76.3,67.3,0,3000,8.0,Secondary,1,0,0,1,1,1,3.6,Low,51.1,24.6,0,0
9336,Female,6,11,83.5,47.4,0,5200,6.7,Secondary,0,1,0,0,0,1,1.9,Low,53.1,14.5,1,1
9337,Male,9,14,88.0,78.0,1,16700,8.9,Higher Secondary,1,0,1,1,1,1,6.9,Low,58.8,47.9,1,1
9338,Female,10,16,77.1,97.1,2,12500,1.9,No Schooling,0,0,1,0,0,1,4.7,Low,41.5,25.8,0,0
9339,Female,10,14,62.3,48.4,4,7000,0.3,Graduate,0,0,0,0,1,1,2.8,Low,24.7,34.2,0,0
9340,Male,9,13,73.5,61.3,1,36200,0.9,Higher Secondary,0,1,1,1,0,0,5.0,Medium,48.6,35.2,0,0
9341,Male,9,16,81.1,54.4,4,3200,0.2,Secondary,0,0,0,0,0,0,2.6,Medium,19.7,30.3,0,1
9342,Male,8,14,65.4,21.4,0,16000,5.0,Primary,0,0,0,1,1,0,1.8,Low,14.4,26.8,0,0
9343,Female,7,12,71.9,30.9,3,5400,2.4,Secondary,0,0,1,1,0,1,2.8,Medium,10.9,12.6,0,1
9344,Male,10,17,92.3,90.5,0,27400,1.3,No Schooling,0,0,1,0,0,0,6.4,Low,54.0,40.3,0,0
9345,Female,9,16,90.1,83.6,0,6100,3.0,No Schooling,0,0,0,0,0,1,3.9,Low,10.8,3.8,1,0
9346,Female,8,14,87.6,81.0,4,17100,6.6,Primary,0,0,0,0,0,1,4.8,Medium,43.0,17.3,0,1
9347,Male,9,15,82.7,89.7,0,7000,2.0,Graduate,0,0,0,0,0,0,4.0,Low,59.2,38.6,3,0
9348,Female,6,13,92.7,43.5,0,47300,1.1,Primary,0,1,1,1,0,1,2.8,Medium,47.4,37.3,0,0
9349,Female,9,16,80.8,71.7,0,9500,0.8,Graduate,0,0,1,0,0,0,3.9,Low,48.5,33.6,0,0
9350,Male,9,14,72.9,67.7,1,8100,1.2,Higher Secondary,0,1,0,0,0,1,5.6,Medium,35.0,27.0,0,1
9351,Female,7,13,90.2,68.0,0,10200,2.3,Higher Secondary,0,0,0,0,0,1,5.6,Low,59.6,21.6,1,0
9352,Male,6,10,76.8,10.6,1,13200,1.0,Secondary,1,0,1,0,0,0,0.8,Low,50.5,0.0,0,0
9353,Male,9,15,70.0,26.1,1,24900,3.6,Primary,0,0,0,0,0,1,2.0,Medium,37.0,24.3,0,0
9354,Female,6,10,86.1,100.0,1,22700,1.8,Primary,1,1,1,1,0,0,5.9,Medium,48.7,44.5,1,1
9355,Female,10,14,93.2,100.0,4,3000,2.0,No Schooling,0,0,0,0,1,1,7.6,High,61.8,23.7,1,0
9356,Male,6,12,73.8,33.0,1,6700,0.8,Secondary,0,0,0,0,1,1,2.6,Low,39.6,2.0,0,0
9357,Female,7,12,83.4,30.6,0,5200,3.5,Higher Secondary,1,1,1,0,0,1,1.4,Medium,42.1,0.0,0,0
9358,Female,6,10,89.4,86.7,0,13800,4.0,Graduate,0,0,1,0,1,1,5.7,Low,55.1,26.5,0,0
9359,Female,9,16,93.2,85.1,1,5400,0.8,Primary,0,0,1,0,1,1,2.2,Low,36.3,20.6,2,0
9360,Male,8,15,82.7,48.9,0,32900,1.8,Primary,0,0,0,0,0,0,4.2,High,43.9,31.4,0,0
9361,Male,10,14,89.1,61.7,0,4500,9.1,Secondary,0,0,1,1,0,1,5.7,Low,27.3,34.5,1,0
9362,Male,10,16,78.5,17.6,0,3000,6.9,Primary,0,0,0,0,1,0,2.4,Low,30.9,14.5,0,0
9363,Female,8,13,74.2,71.3,0,9200,0.3,No Schooling,0,0,0,0,0,1,6.5,High,29.7,52.2,0,0
9364,Male,7,14,89.9,74.1,0,13800,1.0,Secondary,0,0,0,0,0,1,4.4,High,52.2,30.2,1,0
9365,Female,6,12,89.3,43.8,1,4000,0.6,Higher Secondary,0,0,0,1,0,1,2.7,Low,30.8,15.0,0,0
9366,Male,10,15,96.5,61.5,1,19700,8.0,No Schooling,0,0,0,1,0,1,0.2,Medium,58.9,40.0,0,1
9367,Female,7,14,88.3,99.7,0,5200,2.2,Primary,0,0,0,1,0,0,4.6,Low,51.6,40.1,0,0
9368,Female,10,16,87.2,77.5,0,6300,1.8,No Schooling,0,0,0,0,0,1,5.1,Low,35.4,33.3,0,0
9369,Female,10,14,85.2,39.5,0,8800,0.8,Primary,0,1,1,0,0,0,2.4,Medium,22.7,29.3,0,0
9370,Female,8,13,83.7,73.5,3,5400,1.2,Secondary,0,0,0,1,0,0,4.4,High,42.7,36.9,0,0
9371,Female,8,15,83.7,59.5,3,31900,0.1,Primary,0,0,1,1,0,1,1.3,Medium,32.4,0.0,0,0
9372,Male,10,16,90.6,100.0,4,3200,5.7,No Schooling,0,0,0,0,0,1,6.3,Low,44.2,43.5,0,1
9373,Female,9,13,89.5,60.4,2,3000,0.9,Graduate,0,0,0,0,1,1,2.7,High,54.8,36.2,0,0
9374,Female,9,16,91.0,95.1,1,4900,0.1,Primary,0,0,0,1,1,0,5.4,High,62.9,51.1,0,0
9375,Female,8,13,61.1,51.1,0,3600,0.1,No Schooling,0,0,0,1,0,0,4.4,Medium,39.0,10.1,0,0
9376,Male,8,12,73.1,24.2,0,3000,0.4,Primary,1,0,1,0,1,1,4.5,Medium,50.1,4.7,0,1
9377,Female,7,14,79.6,87.6,2,9700,12.2,No Schooling,0,0,1,0,1,1,3.4,Low,38.8,61.0,1,1
9378,Male,10,17,81.1,60.2,0,3500,0.3,Secondary,0,0,0,0,0,1,5.6,Medium,61.6,57.4,0,0
9379,Male,9,15,72.0,56.3,1,7300,7.9,Higher Secondary,0,1,0,0,0,1,3.3,Medium,18.8,15.6,1,0
9380,Male,9,15,82.6,75.5,0,5700,9.2,Secondary,0,1,0,1,0,0,6.0,Medium,29.9,24.9,1,0
9381,Male,6,10,73.6,62.8,1,21100,0.1,Higher Secondary,1,0,1,0,0,1,2.9,Low,22.7,25.4,1,0
9382,Male,10,16,72.0,76.9,0,3300,3.7,Higher Secondary,0,0,0,0,0,1,3.8,High,56.9,29.7,0,0
9383,Male,7,14,57.8,32.0,1,11000,5.1,Primary,0,0,0,0,1,1,2.7,Low,28.8,22.1,0,1
9384,Female,9,13,87.3,46.8,2,7700,0.1,Primary,1,0,0,0,0,1,4.0,Low,38.5,31.7,0,0
9385,Male,6,13,89.8,86.5,0,5000,3.5,Primary,0,0,0,0,0,1,3.7,Low,63.0,25.4,1,0
9386,Male,10,14,93.4,69.6,2,7500,2.9,No Schooling,0,0,0,0,1,0,6.3,Medium,48.2,65.6,0,0
9387,Female,9,14,92.2,81.4,0,10700,3.3,Higher Secondary,0,0,1,1,0,1,5.6,Low,34.8,30.8,0,0
9388,Female,8,12,75.7,51.4,2,3000,1.8,Graduate,1,0,0,0,1,1,3.5,Low,47.8,19.3,1,0
9389,Male,7,12,81.8,85.2,3,9100,1.0,Graduate,0,0,1,0,1,0,5.4,Low,40.0,63.0,0,0
9390,Male,7,13,81.2,69.0,3,8200,0.7,Secondary,0,0,1,0,1,0,4.9,Low,47.2,31.3,0,0
9391,Female,7,14,48.4,44.7,0,14300,4.9,Graduate,0,0,1,0,0,1,3.0,Medium,45.3,16.4,2,1
9392,Female,6,10,86.8,86.1,0,11000,1.5,Primary,0,0,1,1,0,1,8.0,Medium,61.4,41.1,1,0
9393,Female,8,15,78.4,36.3,0,25600,3.4,Secondary,0,0,1,0,1,1,1.1,Low,43.9,29.2,0,1
9394,Male,8,15,68.6,53.9,0,17600,2.5,Secondary,0,0,1,0,1,1,3.1,Low,38.1,21.9,1,0
9395,Female,7,11,87.7,55.9,2,6900,1.5,Primary,0,0,0,1,0,1,1.9,Low,41.5,19.2,0,0
9396,Female,9,16,81.5,27.3,0,21600,1.5,Secondary,0,0,1,1,0,1,0.5,Medium,42.6,25.8,0,0
9397,Female,7,14,77.3,90.5,0,9300,2.8,Secondary,1,1,0,0,1,1,3.4,Medium,41.4,14.9,0,0
9398,Female,6,10,69.9,53.3,1,17100,1.9,Higher Secondary,0,0,0,1,1,1,4.0,Low,27.8,28.6,0,0
9399,Female,10,14,76.5,73.6,0,7700,0.2,Secondary,0,0,1,0,1,1,1.4,Medium,38.7,43.3,0,0
9400,Female,7,13,68.8,47.4,1,10600,1.8,Higher Secondary,1,1,1,0,1,0,0.0,Low,29.1,37.2,1,0
9401,Female,9,14,89.5,43.7,2,3000,4.5,Secondary,1,0,1,0,0,0,1.3,Medium,49.4,9.9,2,0
9402,Female,10,15,75.2,43.2,0,9400,8.5,Secondary,0,0,0,0,0,1,2.7,Medium,28.7,26.1,1,0
9403,Female,9,14,52.1,40.3,0,12300,0.9,No Schooling,0,0,0,0,0,0,3.3,Low,44.6,1.6,0,0
9404,Male,8,13,80.1,63.0,0,12400,1.6,No Schooling,0,0,0,0,0,1,2.9,Low,49.1,34.1,0,0
9405,Female,8,15,81.0,45.6,0,3000,1.3,Higher Secondary,1,0,0,0,1,0,3.0,Low,41.1,19.9,0,0
9406,Female,10,14,80.7,78.4,1,6200,3.5,Primary,0,0,0,0,1,0,6.8,Medium,56.4,39.1,0,0
9407,Male,10,14,79.9,73.8,3,4600,1.1,Secondary,1,0,1,0,0,0,4.2,Low,33.2,36.6,0,0
9408,Male,6,13,85.7,88.0,0,7900,0.1,Primary,0,0,0,0,0,1,4.6,Low,70.7,50.8,0,0
9409,Female,8,15,94.7,87.4,0,3000,9.8,Primary,0,1,1,0,0,1,6.7,Low,68.6,22.9,0,0
9410,Female,10,17,91.3,53.8,1,4800,0.1,No Schooling,0,0,1,0,0,1,3.6,Low,34.6,25.3,0,0
9411,Male,9,16,91.3,62.5,0,8500,0.2,Primary,0,0,0,1,0,1,4.5,Low,42.0,36.6,0,0
9412,Male,6,10,96.3,93.8,0,5800,3.0,Secondary,1,0,1,0,0,0,5.6,Low,40.9,42.5,0,0
9413,Male,8,15,78.9,78.7,3,26400,4.2,Higher Secondary,0,0,0,0,1,1,4.2,Low,26.8,20.8,0,0
9414,Female,8,13,83.1,100.0,2,6200,3.2,Graduate,0,0,1,1,0,1,3.3,Low,44.1,59.0,0,0
9415,Female,7,12,89.4,50.2,2,7700,5.7,Secondary,0,0,0,0,0,1,4.9,Low,56.7,36.3,0,1
9416,Female,9,14,79.2,46.4,1,3000,0.4,Primary,0,0,1,1,0,1,4.8,Low,36.5,18.1,0,0
9417,Male,8,15,68.4,77.0,1,4000,1.0,Secondary,1,0,0,0,0,0,7.1,Low,29.8,32.5,0,1
9418,Female,7,13,82.0,23.9,1,14600,9.2,Secondary,1,0,0,1,0,1,0.4,Medium,27.1,10.7,0,0
9419,Female,7,11,68.3,64.2,1,5300,2.6,No Schooling,0,1,1,0,1,1,5.1,Low,26.6,34.7,0,0
9420,Female,10,14,65.7,100.0,0,7500,0.1,Secondary,0,0,0,0,0,1,4.4,High,51.2,56.7,0,0
9421,Male,10,16,92.2,51.4,0,5500,1.3,Secondary,0,0,0,0,1,1,2.1,Low,56.6,29.9,0,0
9422,Male,9,16,64.6,66.9,0,13100,1.9,Primary,0,0,0,0,0,1,2.1,Low,34.3,39.4,0,0
9423,Female,10,16,85.2,75.4,0,3500,9.4,Secondary,0,0,1,0,0,1,5.2,Medium,62.3,36.0,0,0
9424,Male,10,17,88.5,99.6,0,5300,3.4,Graduate,0,0,0,1,0,0,6.8,Low,60.5,43.3,0,0
9425,Female,8,12,95.9,48.3,0,10900,0.4,Secondary,0,1,1,0,0,1,5.5,Low,56.7,31.5,0,0
9426,Female,6,11,67.0,85.0,1,6400,2.0,No Schooling,0,0,1,0,1,0,5.4,Low,53.4,61.7,0,0
9427,Male,9,15,81.8,40.9,1,3000,1.0,Secondary,0,0,1,1,0,1,2.7,Low,41.2,26.5,0,0
9428,Male,9,16,85.0,61.5,1,7600,0.4,No Schooling,0,0,0,1,0,1,5.3,Low,47.2,26.2,1,0
9429,Female,7,12,56.5,5.3,1,3000,3.9,Primary,0,0,1,0,0,1,1.8,Medium,46.6,27.0,1,1
9430,Female,10,16,76.0,100.0,0,7700,3.9,Graduate,0,0,0,0,1,1,5.8,Medium,61.6,54.8,0,0
9431,Male,7,11,91.2,83.8,3,14500,0.9,No Schooling,1,0,1,0,0,1,4.8,Medium,69.8,38.3,1,0
9432,Male,10,16,99.1,47.7,1,5300,0.4,Secondary,0,0,0,0,1,0,4.2,Low,52.1,49.0,0,0
9433,Female,8,15,62.5,47.5,0,16200,3.2,Primary,0,1,1,0,1,1,2.8,Medium,59.6,42.3,0,1
9434,Male,6,13,64.7,28.8,0,12800,3.9,Graduate,0,0,1,1,1,1,0.0,Low,30.3,0.8,1,1
9435,Female,10,15,90.8,87.6,1,14200,0.2,Primary,0,0,0,0,0,1,4.4,Medium,42.3,5.5,0,0
9436,Female,9,14,87.5,65.5,0,3000,1.7,Higher Secondary,0,0,0,0,1,1,7.3,High,34.9,24.8,0,1
9437,Male,9,16,95.6,55.5,0,6600,2.3,Secondary,0,0,0,1,0,1,5.4,Medium,41.3,16.0,1,0
9438,Female,8,14,78.3,71.1,1,12400,0.3,Secondary,0,1,1,1,0,1,5.4,Low,54.8,36.2,1,0
9439,Male,6,11,79.4,98.1,0,5400,2.8,Primary,0,0,0,0,1,0,8.0,Low,24.1,30.4,0,0
9440,Male,6,11,81.8,84.0,2,3000,0.1,No Schooling,0,0,0,0,0,1,5.6,High,37.7,41.8,0,0
9441,Female,6,12,61.6,11.0,0,16000,2.7,Secondary,1,0,1,0,0,1,2.4,Low,30.6,6.7,0,0
9442,Female,6,12,97.9,59.1,0,15000,3.8,No Schooling,1,0,0,1,0,1,3.8,Low,36.3,19.6,0,0
9443,Female,7,13,81.0,70.5,0,20300,5.1,Secondary,1,0,0,1,1,1,4.7,Low,38.8,30.7,0,0
9444,Male,8,12,51.1,58.3,2,3000,0.6,Primary,0,0,0,0,0,1,3.9,Low,10.8,28.4,1,0
9445,Female,6,10,82.3,98.7,0,6800,2.2,No Schooling,0,0,0,0,1,1,8.0,Medium,34.2,49.5,0,0
9446,Male,8,12,54.8,53.2,0,5800,0.3,Primary,0,0,0,0,0,1,4.2,Low,40.6,7.3,0,1
9447,Female,7,11,93.1,70.7,2,3900,0.1,Primary,1,0,0,0,0,1,8.0,Low,30.9,44.8,1,1
9448,Female,7,12,80.3,17.4,3,8800,1.9,No Schooling,0,0,0,1,0,1,1.6,Low,41.8,8.5,0,1
9449,Male,10,15,70.6,47.7,0,9800,0.6,Secondary,0,1,0,1,0,1,3.7,High,19.0,10.2,1,0
9450,Male,10,15,88.0,83.3,2,6400,1.8,Graduate,0,0,0,1,0,1,4.2,Low,38.8,31.5,0,0
9451,Female,9,16,90.4,100.0,0,24800,3.9,Secondary,0,0,1,0,0,1,4.3,High,66.2,32.1,2,0
9452,Male,6,10,84.3,58.4,1,3000,0.2,Secondary,0,0,1,1,1,0,3.3,Medium,67.8,44.1,0,0
9453,Female,9,16,73.3,62.8,0,10700,3.4,Primary,0,0,1,0,0,1,5.0,High,51.2,30.4,0,0
9454,Female,6,10,62.1,20.2,0,3100,0.4,Primary,0,0,0,0,0,1,2.0,Low,28.9,21.3,0,0
9455,Female,8,14,96.3,71.9,0,8500,0.1,No Schooling,1,0,1,0,0,1,0.8,Low,12.5,6.5,1,0
9456,Male,10,17,86.5,93.3,0,10700,9.8,Primary,0,0,0,0,0,1,7.2,Low,34.7,42.5,0,0
9457,Male,7,14,52.9,91.6,0,19900,4.0,Higher Secondary,0,1,1,0,0,1,7.6,Low,26.2,41.2,0,0
9458,Male,10,16,92.9,75.0,0,6400,0.7,Higher Secondary,0,0,1,0,0,1,4.8,Medium,62.2,38.6,0,0
9459,Female,9,13,94.9,63.3,1,8900,0.8,Secondary,0,0,0,0,0,1,3.6,Low,41.6,33.4,1,0
9460,Female,7,12,71.0,100.0,0,3000,0.8,Secondary,0,0,0,0,0,1,2.9,Medium,38.2,56.8,0,0
9461,Female,6,11,97.3,71.6,0,17700,1.2,Graduate,0,0,1,0,1,1,4.7,Low,36.4,30.0,0,0
9462,Male,9,16,62.0,65.5,0,12000,8.1,Primary,0,0,0,0,1,1,3.1,Low,40.2,23.1,0,0
9463,Male,8,13,82.5,53.4,0,8900,5.2,No Schooling,0,0,0,0,0,1,1.1,Low,21.8,33.0,1,0
9464,Male,6,13,82.8,27.7,0,8900,0.1,Secondary,0,0,1,0,0,1,4.0,Medium,40.7,32.4,0,0
9465,Female,6,13,61.8,74.6,1,5000,0.2,Primary,0,0,1,0,1,1,6.9,Medium,34.3,29.5,1,0
9466,Male,10,14,90.9,84.6,0,5800,0.7,No Schooling,0,0,1,0,0,1,3.9,Low,34.7,57.6,0,0
9467,Male,7,14,64.6,53.2,0,4800,0.7,Primary,1,0,0,0,0,1,2.8,Low,25.9,27.3,0,0
9468,Female,10,16,72.7,78.9,0,4300,1.2,No Schooling,0,1,1,1,0,0,5.1,High,46.9,72.3,0,0
9469,Female,9,15,69.7,59.3,4,9100,0.5,Primary,1,0,1,1,0,1,5.7,Medium,41.7,36.0,1,1
9470,Male,7,12,97.1,49.2,0,21600,1.7,No Schooling,0,0,0,0,0,0,3.4,Low,24.6,19.9,1,0
9471,Female,7,12,85.0,97.7,0,5800,0.1,Graduate,0,0,0,0,1,1,6.5,Low,62.7,46.3,0,0
9472,Male,9,15,96.8,51.5,1,8800,7.0,Higher Secondary,0,0,0,0,1,1,4.7,Low,55.0,45.0,0,1
9473,Male,8,12,90.5,57.0,3,7100,0.1,Graduate,0,0,1,0,0,1,4.3,Low,50.2,16.3,0,0
9474,Male,6,12,75.3,77.8,0,7000,1.3,Secondary,0,0,0,0,1,1,4.2,Low,48.2,49.5,0,0
9475,Male,7,13,79.0,59.7,1,6600,0.4,No Schooling,0,0,0,0,0,1,1.2,Low,14.3,6.6,1,0
9476,Female,10,14,92.7,58.4,0,24200,3.1,Secondary,0,0,1,0,1,1,2.9,High,39.9,29.6,0,0
9477,Female,9,13,89.3,35.1,1,7500,1.2,Primary,0,0,1,0,1,0,2.8,Low,25.6,0.0,0,0
9478,Female,8,14,80.1,99.2,0,15100,1.9,Secondary,0,0,1,0,1,1,7.3,Medium,47.8,37.0,1,0
9479,Male,7,13,92.7,76.3,0,7800,4.8,Graduate,0,0,0,0,0,1,2.9,Low,62.7,43.0,1,0
9480,Female,8,13,96.9,90.1,0,27000,1.1,Graduate,0,0,1,0,1,1,6.2,Medium,43.1,46.6,0,0
9481,Female,9,16,72.8,19.8,0,20000,2.8,No Schooling,1,0,0,0,0,1,1.7,Low,47.0,19.1,0,0
9482,Male,6,12,95.3,76.2,0,14200,2.3,Secondary,0,1,0,0,0,1,3.6,Medium,53.4,30.5,0,0
9483,Female,10,16,79.0,100.0,0,13400,6.6,Higher Secondary,0,0,0,0,1,0,5.9,Low,45.7,71.9,1,0
9484,Female,10,14,75.5,75.9,3,12600,2.0,No Schooling,1,0,0,0,0,1,4.7,Low,45.6,35.2,0,1
9485,Female,7,13,90.6,31.2,0,5800,13.2,Secondary,0,0,0,0,0,0,2.6,High,16.5,20.3,0,0
9486,Male,10,17,80.6,78.0,1,9600,7.1,Secondary,0,0,0,1,0,1,3.1,Low,34.7,56.4,0,0
9487,Female,9,13,90.7,57.6,2,41700,2.8,No Schooling,0,0,1,1,0,1,3.4,High,57.5,20.4,1,0
9488,Male,9,15,78.2,60.4,0,11000,10.0,Higher Secondary,0,0,1,0,0,0,7.2,Low,38.1,10.4,0,0
9489,Female,6,10,84.2,42.1,0,5300,4.3,Secondary,0,0,0,1,0,1,3.9,Low,33.6,10.0,1,0
9490,Female,10,14,80.2,45.3,0,3000,1.1,Higher Secondary,1,0,0,0,1,1,1.4,High,63.4,33.7,2,0
9491,Male,8,12,86.4,57.9,1,5800,6.2,Primary,0,0,0,0,1,1,4.6,Medium,20.4,32.5,0,0
9492,Female,9,16,77.2,40.7,3,3600,2.2,Secondary,0,0,0,0,1,1,2.0,Low,47.4,16.8,0,1
9493,Female,7,14,97.8,65.7,0,10500,4.5,Primary,0,0,0,0,1,1,4.3,Low,61.6,21.4,0,0
9494,Female,7,11,85.6,63.0,0,3100,11.6,Secondary,0,0,1,0,0,1,6.0,Low,64.2,46.2,0,0
9495,Male,10,16,86.9,100.0,2,3000,6.8,Higher Secondary,0,0,0,0,0,1,8.0,High,60.7,14.6,1,0
9496,Male,8,14,77.3,62.6,0,9300,0.1,Graduate,0,0,0,0,0,1,3.8,Medium,36.3,26.1,3,0
9497,Male,6,12,82.4,82.4,0,3000,0.6,No Schooling,0,0,1,0,1,0,5.3,Low,28.6,48.2,1,0
9498,Male,10,16,98.5,56.6,0,9300,1.4,No Schooling,0,0,1,0,0,0,4.3,Low,55.3,45.6,1,0
9499,Female,7,14,85.3,28.7,2,24700,1.7,Graduate,0,0,0,0,0,0,4.2,Low,30.6,26.8,0,1
9500,Male,10,14,89.7,92.2,2,10700,1.7,Primary,0,0,1,0,0,1,5.3,Low,42.4,49.0,0,0
9501,Female,10,14,94.5,78.1,2,13200,1.4,No Schooling,1,0,1,1,1,0,4.1,Low,35.1,22.4,0,0
9502,Female,6,10,84.6,79.9,5,12300,2.8,Primary,0,0,0,0,0,1,4.9,Medium,76.5,50.3,0,1
9503,Female,8,15,54.2,39.9,0,3000,2.9,Primary,1,0,1,0,1,0,3.0,High,35.1,19.5,0,0
9504,Male,10,14,62.2,5.9,0,3000,2.5,Higher Secondary,0,1,0,0,0,1,1.5,Low,11.3,17.9,0,1
9505,Female,10,14,77.6,66.6,1,11000,2.1,No Schooling,0,0,1,0,0,1,7.1,Medium,19.1,39.0,0,0
9506,Female,8,14,98.0,54.3,4,13000,0.1,Secondary,1,1,0,0,0,1,2.1,Low,48.4,46.3,0,0
9507,Female,9,14,75.7,66.1,3,11200,6.0,No Schooling,0,0,0,0,0,1,2.5,Medium,41.6,33.1,2,0
9508,Male,8,14,73.1,77.5,0,10000,2.9,Secondary,0,1,1,0,0,1,4.4,Low,46.8,25.1,0,0
9509,Female,6,11,72.0,100.0,2,5000,1.4,Graduate,1,0,1,0,1,1,6.0,High,48.4,45.4,1,0
9510,Male,9,13,84.9,76.0,0,10700,0.3,Higher Secondary,1,0,1,0,0,1,5.0,High,56.3,44.8,0,0
9511,Female,7,13,95.0,57.4,0,15000,3.6,Primary,0,0,1,0,0,1,7.2,Low,33.7,30.6,0,0
9512,Male,7,11,69.1,70.0,0,5800,1.2,Primary,0,0,0,0,1,1,4.2,Low,15.3,9.6,0,0
9513,Male,7,12,87.5,98.7,5,4600,0.2,Secondary,0,1,0,0,0,0,5.5,Low,44.1,45.7,0,0
9514,Female,10,17,86.8,85.7,3,3100,3.5,No Schooling,0,0,0,0,0,1,6.2,Low,32.8,36.2,1,0
9515,Male,7,11,91.0,45.8,1,3200,2.6,No Schooling,0,0,1,0,0,1,6.2,Medium,56.2,47.9,1,0
9516,Female,7,11,65.1,61.7,1,6000,3.2,Secondary,0,1,1,1,0,1,1.3,Medium,52.7,47.5,1,0
9517,Female,6,13,85.5,69.0,1,9100,2.4,Secondary,0,1,1,0,0,1,5.9,Medium,38.5,47.9,1,0
9518,Male,6,11,72.8,29.4,2,21500,2.4,Secondary,0,0,1,0,1,1,4.4,Medium,34.9,34.2,0,0
9519,Male,10,15,85.1,89.3,0,5300,5.1,Secondary,0,0,0,1,0,1,6.6,Low,48.1,31.5,0,0
9520,Male,8,14,64.9,55.5,0,3500,4.1,Secondary,0,0,1,0,0,0,4.4,Medium,41.9,27.6,0,0
9521,Female,6,10,64.3,64.4,0,9700,8.3,Higher Secondary,0,0,0,0,1,1,5.8,Low,30.2,35.3,0,0
9522,Female,10,14,75.3,74.2,0,5500,0.2,No Schooling,0,0,0,0,0,0,6.2,High,54.9,49.3,0,0
9523,Male,6,13,90.9,88.1,0,19200,1.7,Secondary,1,0,1,0,0,1,3.7,Low,56.9,49.0,0,0
9524,Male,8,15,69.4,97.3,4,13400,1.9,Secondary,0,0,0,1,0,1,4.1,Medium,25.2,21.9,0,1
9525,Male,9,16,63.9,63.8,0,12100,1.4,Graduate,1,0,1,1,1,1,5.9,Low,21.2,37.6,0,1
9526,Female,9,13,80.4,24.6,1,45120,0.2,Secondary,0,0,1,0,1,1,0.6,Low,53.3,37.5,0,0
9527,Male,6,12,81.3,100.0,3,5300,1.4,Secondary,0,1,0,1,1,1,6.1,Medium,25.4,44.5,0,1
9528,Male,9,16,66.4,19.0,1,16400,0.6,Primary,0,0,0,1,0,1,2.9,Medium,7.6,1.9,0,1
9529,Female,8,15,88.5,89.3,0,6900,0.6,Higher Secondary,0,0,0,0,0,1,4.5,Medium,62.0,54.7,1,0
9530,Male,9,14,68.9,48.7,1,3000,2.5,Primary,0,0,0,0,1,0,4.5,Medium,38.2,35.2,0,0
9531,Female,7,12,62.2,41.6,1,26000,1.4,Graduate,0,0,1,0,1,1,0.0,Low,50.3,0.0,0,0
9532,Female,9,13,55.2,59.3,0,6500,0.1,Secondary,1,0,1,1,0,0,4.7,Medium,37.7,5.1,0,0
9533,Female,8,12,68.2,58.7,1,10100,0.5,Primary,0,0,1,0,0,1,3.8,Medium,30.7,9.7,1,0
9534,Male,9,14,67.4,82.4,1,10800,3.2,Primary,0,0,0,0,1,0,5.3,Low,47.1,41.0,0,0
9535,Female,10,14,80.2,57.5,2,7400,5.6,Primary,0,0,0,1,0,0,5.0,Medium,32.5,21.9,0,1
9536,Male,10,17,87.4,73.4,2,18600,0.4,Primary,0,0,0,0,0,0,5.0,Medium,37.9,31.1,0,0
9537,Female,9,13,88.3,78.0,0,7200,11.8,Primary,0,0,0,0,1,1,5.3,Medium,69.1,40.8,0,0
9538,Male,7,13,70.0,100.0,1,6500,4.3,No Schooling,0,0,1,0,1,1,7.9,High,42.2,48.9,1,0
9539,Female,6,12,89.0,65.5,0,45100,0.3,No Schooling,0,0,1,1,1,1,3.6,Medium,33.9,17.4,1,0
9540,Male,8,12,88.3,49.0,1,3000,10.3,Primary,1,0,0,0,0,1,5.7,Low,39.1,38.3,0,0
9541,Female,6,11,73.8,100.0,0,9100,0.7,Primary,0,0,1,0,1,1,6.8,Low,34.8,27.6,0,1
9542,Female,9,16,72.0,48.5,0,10600,0.2,No Schooling,0,0,1,1,0,1,2.5,Low,24.7,28.6,0,1
9543,Male,9,13,63.5,40.5,0,12400,4.1,Primary,0,0,0,0,0,1,1.2,Low,26.4,33.3,0,0
9544,Female,8,12,81.9,84.1,0,31700,0.3,Secondary,0,0,0,0,0,1,5.9,Low,42.8,53.6,0,1
9545,Female,6,10,89.2,65.0,4,8900,5.1,Secondary,0,0,0,0,1,0,4.1,Medium,38.1,23.1,1,0
9546,Male,10,14,98.8,80.2,0,3700,1.4,Primary,0,0,0,0,1,1,5.7,Low,59.2,47.8,0,0
9547,Female,8,15,99.6,100.0,3,9600,2.1,Higher Secondary,0,0,0,0,0,1,8.0,Medium,39.3,22.4,0,0
9548,Female,8,12,93.7,68.2,2,7800,1.7,No Schooling,0,0,0,0,0,1,4.1,Low,57.2,27.0,0,0
9549,Female,8,13,71.2,52.9,2,18400,0.9,Primary,0,0,0,0,0,1,1.5,Medium,68.0,31.7,0,1
9550,Male,6,13,77.0,71.9,0,13300,3.5,Higher Secondary,0,0,1,0,0,1,4.2,Medium,55.4,56.8,0,0
9551,Female,9,16,64.9,24.4,0,7000,4.0,Secondary,0,0,1,0,0,1,2.8,Low,30.5,11.7,0,0
9552,Male,6,10,95.9,58.3,0,5800,3.6,Secondary,0,0,1,1,1,1,5.4,Medium,46.7,15.7,2,0
9553,Female,8,13,88.1,62.6,4,10800,0.2,No Schooling,0,0,0,1,1,0,5.3,Medium,50.0,34.6,0,1
9554,Male,6,10,66.4,37.3,0,9800,1.1,Higher Secondary,0,0,1,0,0,1,2.4,Low,29.4,0.0,3,0
9555,Male,6,10,91.6,70.9,0,3000,3.6,No Schooling,0,0,1,0,0,1,4.8,High,38.6,24.4,0,0
9556,Male,7,14,71.9,63.2,1,3000,2.3,Graduate,0,1,1,0,1,0,3.1,Low,35.6,56.7,0,0
9557,Male,6,11,84.3,68.4,0,11300,2.9,Higher Secondary,0,1,0,1,1,1,4.4,Medium,51.0,41.7,0,0
9558,Female,10,16,91.8,100.0,0,4100,0.3,No Schooling,0,1,0,0,0,0,4.0,Low,72.1,66.2,0,0
9559,Female,9,13,97.0,67.4,0,3100,0.4,No Schooling,0,0,1,0,1,1,2.1,Low,70.9,29.4,0,0
9560,Female,6,11,73.1,73.4,2,10100,3.7,Primary,0,0,0,0,1,1,4.4,Medium,45.3,43.1,0,0
9561,Female,6,11,81.7,77.7,0,3500,0.9,Graduate,0,0,0,0,1,1,5.3,Low,46.7,42.6,1,0
9562,Male,9,15,86.0,75.3,0,6700,0.8,Primary,1,1,0,1,1,0,2.4,Low,36.8,36.4,0,0
9563,Male,6,13,85.2,100.0,5,13600,0.1,Higher Secondary,0,1,1,1,0,1,6.1,Low,58.3,41.5,0,0
9564,Female,8,12,58.3,77.4,2,3600,2.2,Secondary,0,1,1,0,0,1,4.0,Medium,44.5,33.8,0,0
9565,Female,6,12,71.4,62.1,1,11700,2.0,Primary,0,0,0,1,1,1,2.0,Medium,36.0,47.6,0,1
9566,Female,8,13,75.4,16.8,1,14200,5.2,Higher Secondary,0,1,1,1,0,1,0.9,Low,35.8,5.7,0,1
9567,Male,10,17,80.8,44.7,0,3900,0.3,Secondary,0,0,1,0,0,1,3.8,Low,60.9,37.5,1,0
9568,Female,6,11,84.6,32.7,0,23200,0.7,Higher Secondary,0,0,1,0,1,1,3.3,Low,31.7,20.0,0,0
9569,Male,10,15,63.5,62.0,1,4700,4.6,No Schooling,0,0,1,0,0,1,3.0,Medium,41.1,32.4,1,0
9570,Female,10,16,91.4,46.2,0,10000,0.6,Primary,0,0,0,0,1,0,3.9,Low,40.0,30.3,0,0
9571,Male,10,15,93.0,62.6,1,3800,1.2,No Schooling,0,1,0,0,1,1,4.8,Low,26.0,27.3,1,1
9572,Female,9,16,79.6,69.0,1,4500,0.2,No Schooling,0,0,0,0,0,1,3.6,Low,36.6,35.7,0,0
9573,Male,10,14,82.9,67.9,3,22100,0.7,Higher Secondary,0,0,1,0,0,1,5.8,High,23.7,9.1,0,1
9574,Female,8,13,87.6,72.2,0,26700,0.1,No Schooling,0,1,1,0,0,1,1.6,Low,45.1,39.8,0,0
9575,Male,10,14,97.0,79.6,0,15500,0.2,Secondary,0,0,0,0,0,1,2.9,Low,49.5,49.1,1,0
9576,Female,6,10,82.6,70.4,0,5700,1.6,Secondary,0,0,1,0,0,1,6.5,Medium,46.3,24.6,2,0
9577,Male,9,13,61.7,74.7,4,3900,0.6,Primary,0,0,0,1,1,0,7.1,Medium,31.9,22.3,0,0
9578,Female,8,13,74.5,68.3,1,3000,0.2,Secondary,0,0,0,0,0,1,5.7,Low,57.8,39.9,0,0
9579,Male,6,10,85.4,94.0,1,9200,8.1,Secondary,1,0,1,0,1,1,3.1,Medium,44.1,30.2,0,0
9580,Male,7,14,90.4,77.6,1,3000,2.9,Secondary,0,1,0,0,0,1,4.0,Low,52.6,32.3,1,0
9581,Female,6,12,65.8,15.3,0,6200,10.8,Primary,1,0,0,1,0,1,3.6,Medium,27.3,18.8,0,0
9582,Male,7,14,85.4,41.1,1,11300,6.2,Primary,0,0,0,0,0,1,0.0,Medium,67.5,32.9,0,1
9583,Male,6,13,76.5,28.7,1,4100,8.4,Graduate,1,0,0,0,0,1,3.3,Low,2.8,11.5,1,1
9584,Female,7,14,85.6,100.0,3,7500,2.7,Primary,0,0,1,0,1,1,6.2,Low,50.7,69.6,0,0
9585,Female,7,12,92.5,74.0,0,5700,1.8,Secondary,1,1,0,0,0,1,5.0,Low,44.8,29.1,1,0
9586,Female,8,15,83.8,85.6,1,11200,2.2,Graduate,0,1,1,0,0,1,5.8,Medium,46.9,18.1,0,0
9587,Male,6,11,78.5,86.5,0,7900,3.4,Graduate,0,1,1,0,0,1,5.3,High,54.9,27.7,0,0
9588,Female,7,14,74.8,66.2,0,4900,1.4,Higher Secondary,1,0,1,0,0,0,5.7,Low,24.8,27.9,0,0
9589,Female,7,11,90.7,96.0,1,3000,1.1,Higher Secondary,0,0,0,0,0,1,6.2,Low,53.3,28.9,0,0
9590,Male,8,15,75.9,79.6,0,31100,0.1,No Schooling,0,0,1,0,0,0,5.7,Low,44.6,46.5,0,0
9591,Female,6,11,90.3,70.3,0,5100,1.5,Primary,0,0,1,0,1,1,2.3,Medium,37.7,48.1,1,0
9592,Male,10,16,49.3,54.3,0,4200,1.6,Graduate,1,0,1,0,1,0,3.9,Low,43.3,31.4,0,0
9593,Female,7,12,79.7,80.8,3,18300,1.1,Primary,1,0,0,0,1,0,3.7,Low,65.5,41.2,0,1
9594,Female,7,11,77.1,79.1,1,7200,3.9,Primary,0,0,0,0,0,1,5.5,High,36.9,29.8,1,0
9595,Male,8,13,78.3,29.8,0,15500,4.2,Higher Secondary,1,0,1,0,1,1,1.8,Low,39.0,26.6,1,0
9596,Male,10,16,60.8,25.3,0,8000,9.1,No Schooling,0,0,0,0,1,0,4.0,Low,28.2,0.0,0,0
9597,Male,8,12,83.9,54.4,0,9500,2.4,No Schooling,1,0,0,0,0,0,1.1,Medium,44.5,26.3,1,0
9598,Male,7,11,76.3,43.9,0,11200,2.4,No Schooling,0,0,0,1,0,0,1.8,High,34.5,25.1,0,0
9599,Female,8,15,92.4,89.9,0,7800,1.4,Primary,0,0,1,1,0,1,4.4,High,25.0,33.1,0,0
9600,Female,8,12,86.9,55.1,0,4000,0.1,Graduate,0,0,1,1,0,0,5.1,Low,56.5,31.6,0,0
9601,Female,7,13,84.8,70.4,2,5800,5.4,Secondary,0,0,1,0,0,0,4.6,Medium,37.4,32.5,0,0
9602,Male,10,15,72.4,86.8,1,3000,0.2,No Schooling,0,0,0,0,0,0,5.5,Low,45.9,46.0,0,0
9603,Female,10,15,84.0,100.0,0,12800,0.4,Primary,0,0,1,0,1,1,7.0,Low,63.0,46.1,0,0
9604,Male,8,13,95.0,54.0,0,4800,0.4,No Schooling,0,0,0,0,0,1,3.2,Low,37.3,37.3,0,0
9605,Male,6,11,85.8,67.9,4,3400,1.3,Primary,0,1,0,0,0,1,4.4,Low,41.7,26.8,0,1
9606,Female,8,14,84.7,56.6,0,12500,3.5,No Schooling,0,0,1,0,1,1,5.5,Low,31.2,17.4,1,1
9607,Male,10,17,94.4,74.0,1,39640,0.3,Secondary,0,0,1,0,0,1,6.0,Low,43.3,43.0,1,1
9608,Female,10,15,75.6,64.5,1,17700,0.2,No Schooling,0,1,0,1,0,1,5.6,Low,42.6,21.7,0,0
9609,Female,6,10,84.0,46.4,2,3000,2.7,Primary,0,0,0,0,0,1,3.5,Low,31.5,21.3,0,1
9610,Male,6,10,72.5,71.2,2,6300,0.7,Secondary,0,0,0,0,0,0,4.3,Low,42.7,28.4,0,0
9611,Female,6,12,81.5,65.2,1,5300,1.8,Secondary,0,0,0,1,0,1,4.9,Medium,44.5,23.2,0,0
9612,Female,9,16,89.9,13.0,1,13900,4.0,Secondary,0,1,0,0,1,1,2.5,High,58.7,41.4,2,0
9613,Female,8,12,53.6,25.6,0,9200,1.5,No Schooling,1,0,1,0,1,1,2.4,High,35.4,25.7,0,0
9614,Male,7,13,85.2,100.0,0,25000,4.4,Secondary,1,0,1,0,1,1,4.7,Medium,51.8,30.5,0,0
9615,Male,7,11,89.1,83.8,1,26600,0.7,No Schooling,0,0,1,0,0,1,7.3,Low,56.2,52.7,0,0
9616,Male,7,11,94.4,86.4,0,13100,0.3,No Schooling,0,1,0,0,0,1,4.2,Low,21.6,34.9,1,1
9617,Male,10,17,56.6,66.6,0,9900,0.5,Primary,0,0,0,0,0,0,3.3,Low,37.2,30.1,1,0
9618,Male,7,12,68.2,92.0,1,3000,4.8,Primary,1,0,0,0,0,1,5.9,Low,48.1,41.1,0,1
9619,Female,7,12,84.4,81.7,1,12200,1.3,Higher Secondary,0,0,0,0,0,1,2.7,Low,56.7,35.2,1,0
9620,Female,9,13,95.3,86.7,1,35700,5.3,Secondary,0,0,0,0,1,1,5.6,High,34.6,33.7,0,0
9621,Male,9,16,88.4,60.0,1,20200,2.9,Primary,0,0,0,0,0,1,1.5,Medium,59.3,49.5,0,0
9622,Female,9,16,61.1,22.9,2,5500,2.5,No Schooling,0,0,0,0,1,1,3.3,Medium,29.3,11.3,1,0
9623,Female,10,17,91.6,55.6,5,6600,3.1,Secondary,0,0,0,0,0,1,3.6,Low,57.2,42.4,0,0
9624,Female,6,10,68.5,95.4,0,28300,1.4,No Schooling,0,0,1,0,1,1,3.9,Medium,58.0,27.0,0,0
9625,Female,6,10,91.8,71.1,0,3700,4.2,Secondary,1,0,0,0,1,1,1.6,Low,72.1,51.0,1,0
9626,Female,6,13,46.1,100.0,0,9700,4.1,No Schooling,1,0,0,0,0,1,6.4,Low,35.6,53.1,1,0
9627,Male,9,15,90.2,71.6,0,5100,1.2,Higher Secondary,0,0,0,1,0,1,2.6,Medium,40.5,19.1,0,0
9628,Male,10,15,60.9,58.0,0,5800,3.1,Primary,0,0,0,0,1,1,1.9,Low,8.9,20.6,1,0
9629,Female,7,11,43.9,29.1,0,10700,2.7,Secondary,0,0,0,1,0,1,3.0,Medium,43.9,15.8,0,0
9630,Female,9,16,86.5,42.9,0,12200,0.5,Higher Secondary,0,0,0,0,0,1,2.3,Low,21.8,15.5,0,0
9631,Female,9,16,74.2,67.3,0,5800,1.3,Primary,0,1,0,0,1,1,2.3,Low,30.1,15.3,0,0
9632,Female,10,14,86.5,61.1,2,14900,0.1,Secondary,0,0,0,0,0,1,4.3,Medium,40.0,28.4,1,0
9633,Male,8,13,83.0,70.5,0,13500,3.0,Primary,0,0,0,0,1,1,5.2,Low,40.8,32.3,0,0
9634,Male,6,11,77.2,63.7,1,13900,3.6,Primary,0,0,0,0,1,1,5.8,Low,18.6,43.3,0,0
9635,Female,9,14,79.9,48.7,1,9400,1.8,Secondary,0,0,0,0,0,1,3.8,Medium,29.3,31.0,1,0
9636,Male,9,14,79.8,94.0,0,23100,1.2,Primary,0,0,1,0,0,0,4.3,Low,45.2,23.5,0,0
9637,Female,9,14,73.1,100.0,1,4000,2.0,No Schooling,0,0,0,0,0,1,7.3,Low,47.0,43.8,0,0
9638,Female,10,15,64.2,59.8,5,9200,3.6,Primary,1,0,0,1,0,1,3.2,Medium,17.5,25.6,1,1
9639,Female,7,14,65.0,72.7,1,6300,4.3,Secondary,0,0,1,0,0,0,4.3,Low,45.9,38.8,0,0
9640,Male,9,16,73.3,66.6,1,10400,0.6,No Schooling,0,0,1,0,0,1,2.0,Low,67.3,15.5,0,0
9641,Female,7,11,95.4,69.7,0,17700,2.9,Secondary,1,0,0,0,1,1,2.6,Low,52.3,46.9,0,0
9642,Male,8,14,88.9,61.5,2,3300,2.5,Higher Secondary,0,0,0,0,1,1,4.7,Medium,56.6,28.9,0,0
9643,Female,7,13,90.1,71.6,0,8100,1.5,Primary,0,0,0,0,0,1,6.9,Low,75.3,32.8,0,0
9644,Male,6,11,75.8,100.0,2,5500,3.8,Secondary,0,0,0,0,1,1,7.8,Low,52.5,43.3,0,0
9645,Female,6,10,82.6,62.4,3,18700,0.8,Secondary,1,0,1,0,0,1,3.4,Low,21.5,11.5,0,0
9646,Male,9,16,68.9,43.4,1,24400,2.7,Secondary,0,0,0,1,0,1,2.5,Low,44.6,16.3,0,0
9647,Male,10,15,75.3,41.5,0,3600,1.8,Secondary,0,0,1,0,0,0,7.1,Low,28.8,23.2,0,0
9648,Male,7,11,95.6,60.0,0,12300,0.9,Secondary,0,0,0,0,0,1,2.5,Low,29.4,38.4,2,0
9649,Male,7,14,76.6,66.6,2,50000,2.0,Secondary,1,0,1,1,1,1,4.7,Low,24.7,29.8,1,0
9650,Male,6,13,85.8,58.0,0,9400,1.9,Secondary,0,0,0,0,0,0,5.6,Low,46.0,32.7,2,0
9651,Female,7,12,47.5,13.9,0,8000,4.0,Secondary,0,0,1,0,0,0,0.9,Low,16.0,2.5,0,1
9652,Female,7,12,67.0,59.9,0,10800,1.5,Primary,0,0,1,0,0,1,4.2,Low,34.7,22.4,0,0
9653,Male,8,13,86.8,62.1,1,15400,1.8,Graduate,0,0,1,0,0,1,3.4,High,66.7,33.6,0,0
9654,Female,10,14,91.6,78.0,0,21600,0.8,Primary,1,1,1,0,0,1,7.5,Low,48.7,33.1,0,0
9655,Female,8,12,76.8,79.6,0,24400,3.5,No Schooling,0,0,1,0,1,0,4.5,Low,42.7,57.6,1,0
9656,Female,9,14,86.5,53.8,2,4100,3.1,Secondary,0,0,1,0,0,0,4.2,Low,36.5,35.4,0,0
9657,Male,9,14,75.6,52.7,1,18600,4.3,No Schooling,0,0,0,0,1,1,4.8,Medium,60.3,38.7,0,0
9658,Male,6,10,73.5,55.9,0,7800,0.1,Primary,0,0,0,0,0,1,3.6,High,49.2,26.0,0,0
9659,Female,7,11,79.9,40.0,0,7200,0.7,Higher Secondary,0,0,0,1,0,1,0.8,Low,57.9,24.7,1,0
9660,Male,6,13,84.5,96.0,0,6800,3.2,Primary,1,0,1,0,0,1,3.5,Low,62.1,46.5,0,0
9661,Male,8,15,69.6,55.9,0,13700,6.7,Secondary,0,0,1,0,0,1,4.4,Low,40.6,38.4,0,1
9662,Female,10,15,91.7,55.2,0,5700,1.3,Primary,0,0,0,0,0,0,4.8,Medium,43.8,28.3,1,0
9663,Male,8,14,76.3,61.5,0,21000,1.0,Secondary,1,0,0,0,1,1,4.5,Medium,47.2,23.1,1,0
9664,Female,8,12,90.8,57.0,0,7300,8.3,Higher Secondary,0,0,1,0,1,0,5.1,Low,59.2,58.2,0,0
9665,Male,6,13,89.8,100.0,0,14300,2.0,Secondary,0,0,1,1,1,1,4.8,Low,42.4,47.6,0,0
9666,Female,7,14,62.0,55.9,0,12000,0.1,Secondary,0,0,1,0,0,1,3.1,Low,25.9,24.8,1,0
9667,Female,10,14,75.0,71.5,2,4000,0.9,No Schooling,0,0,0,0,0,0,3.4,Medium,41.9,29.0,0,0
9668,Female,7,11,82.6,40.8,2,4300,4.0,Primary,0,0,0,0,0,1,0.4,Low,15.7,35.9,0,0
9669,Female,9,14,72.3,66.2,0,12900,0.1,Secondary,0,0,1,0,0,1,4.0,High,35.6,15.2,0,1
9670,Female,6,10,86.4,81.3,3,3100,0.5,No Schooling,0,0,0,0,1,1,7.2,Low,62.3,43.5,0,1
9671,Male,6,11,71.6,60.9,4,9000,1.6,Secondary,0,0,0,0,1,1,4.3,Low,55.0,25.7,0,0
9672,Female,7,13,88.7,50.7,0,5800,7.9,Secondary,0,1,1,1,0,1,0.5,Medium,29.7,16.5,0,0
9673,Female,10,16,93.3,97.2,1,6100,3.0,Graduate,0,0,1,0,1,0,8.0,Medium,42.1,32.0,0,0
9674,Female,6,10,77.5,65.0,2,10600,0.1,Secondary,0,0,0,0,1,1,6.7,High,24.9,27.1,0,1
9675,Male,9,14,72.4,45.2,2,20400,1.9,Graduate,0,0,1,0,1,0,5.2,Medium,22.5,20.7,0,0
9676,Male,6,13,77.4,74.6,0,11800,1.4,Graduate,1,0,1,1,0,0,3.8,Low,40.4,37.8,1,0
9677,Female,8,15,80.7,49.8,1,3100,1.2,Primary,0,1,0,0,1,1,3.6,High,24.2,33.1,0,1
9678,Female,8,14,81.7,52.8,0,8400,2.5,Secondary,1,0,0,0,0,1,5.7,Medium,37.1,27.4,0,0
9679,Male,8,14,62.7,41.8,0,14600,4.2,Primary,0,0,0,0,1,1,1.3,High,38.9,22.3,0,1
9680,Male,7,11,66.8,48.0,1,6400,2.0,No Schooling,1,0,0,0,0,1,3.0,Medium,34.9,35.5,0,0
9681,Female,6,13,93.1,43.5,0,7500,0.8,Primary,0,0,0,1,1,1,3.6,High,50.8,31.9,0,0
9682,Male,10,15,53.0,59.7,0,5500,3.8,Secondary,0,1,0,0,0,1,3.8,Medium,56.1,24.2,0,0
9683,Female,8,14,89.1,93.1,0,17700,1.4,Primary,0,0,1,0,1,1,6.1,High,28.8,48.5,1,0
9684,Male,6,11,84.4,100.0,5,4000,1.9,Secondary,0,0,0,0,1,1,5.4,Low,47.3,64.5,0,1
9685,Male,7,11,80.7,44.0,0,6100,3.0,Primary,0,0,1,0,0,1,5.6,High,43.3,25.9,0,0
9686,Male,6,12,89.9,76.0,2,3900,0.4,Primary,0,0,1,0,0,1,4.4,Low,51.2,27.8,0,0
9687,Female,8,14,93.3,100.0,2,14100,14.4,No Schooling,0,0,1,0,1,1,6.5,Low,60.6,28.2,0,0
9688,Female,7,13,51.6,37.6,0,3900,11.1,Primary,0,0,0,0,0,1,2.0,Medium,32.2,21.9,0,1
9689,Male,6,13,84.0,92.3,0,4800,0.8,Primary,1,1,0,0,0,1,3.4,High,30.9,56.0,0,0
9690,Male,8,15,75.4,74.3,1,6500,2.7,No Schooling,0,0,0,0,1,1,4.6,Low,48.9,35.4,0,0
9691,Male,9,14,86.6,46.2,1,8800,4.9,Secondary,0,0,1,0,1,1,4.9,Medium,47.2,20.7,0,0
9692,Male,10,15,71.9,62.7,1,6200,15.0,Secondary,0,0,1,0,0,1,4.6,Medium,32.9,32.3,0,0
9693,Female,9,13,85.0,55.9,1,8100,3.2,Primary,0,0,0,0,1,1,4.9,Low,30.9,19.0,0,0
9694,Male,8,15,77.4,53.8,0,3000,1.0,Secondary,0,0,1,1,1,1,3.2,Low,33.9,19.0,0,0
9695,Female,9,13,79.1,96.8,5,13000,3.1,No Schooling,1,0,0,0,0,1,5.3,Medium,42.1,48.6,0,1
9696,Male,7,11,65.3,85.2,1,10100,4.3,No Schooling,0,0,0,0,1,1,6.1,Low,37.0,24.2,0,0
9697,Male,9,15,76.3,46.0,1,8500,3.3,Higher Secondary,0,0,1,0,1,0,3.2,Low,21.7,29.9,0,0
9698,Male,6,13,74.6,82.9,1,3000,0.7,Secondary,0,0,0,0,0,1,4.8,Medium,51.7,44.8,0,0
9699,Male,6,11,75.3,51.6,0,8300,0.2,No Schooling,1,0,0,0,0,0,3.3,Low,43.1,36.9,0,0
9700,Male,8,12,71.8,36.6,1,5000,0.1,Primary,0,0,0,0,0,1,5.5,Medium,58.9,17.5,0,0
9701,Male,6,10,86.2,72.4,0,5200,5.8,No Schooling,0,0,1,0,0,1,6.7,Low,51.8,35.5,0,0
9702,Male,9,16,67.2,86.3,0,8000,4.7,Primary,0,1,0,1,1,1,6.0,Low,42.8,39.4,0,0
9703,Female,9,15,63.1,40.9,0,18700,0.5,No Schooling,0,0,0,0,1,1,2.1,Low,18.2,26.7,0,0
9704,Male,6,11,74.6,77.0,2,29400,0.4,Graduate,0,0,1,1,0,1,6.6,High,48.5,41.5,1,0
9705,Male,7,14,82.6,64.1,2,18800,0.1,Primary,0,0,1,0,1,0,3.1,Medium,42.8,40.0,1,1
9706,Male,8,12,75.5,56.8,2,7400,1.3,No Schooling,0,1,1,0,0,1,5.7,Low,48.7,33.4,0,0
9707,Female,9,15,97.3,60.4,1,25200,4.2,Higher Secondary,1,1,0,0,0,1,2.4,Low,31.1,44.6,0,0
9708,Female,9,14,96.9,70.3,1,22800,5.2,Graduate,1,0,1,0,0,1,3.8,Medium,49.4,22.8,0,0
9709,Female,7,11,83.6,83.4,0,8500,0.9,Secondary,0,0,1,1,0,0,4.3,Low,48.3,38.9,0,0
9710,Female,10,17,84.0,75.6,0,3000,0.1,No Schooling,0,0,1,0,1,1,6.0,Low,41.0,47.0,0,0
9711,Female,7,14,95.8,65.9,1,4500,0.6,Graduate,0,1,0,0,0,1,6.9,Low,37.1,10.4,0,0
9712,Male,6,13,91.5,89.8,3,3000,0.1,Primary,0,0,0,0,0,1,5.9,Low,57.5,46.3,2,0
9713,Female,8,12,60.4,41.2,1,5800,0.3,Higher Secondary,0,0,0,1,1,1,4.6,Low,25.8,19.7,1,0
9714,Female,7,13,65.4,26.0,3,8500,0.9,Primary,0,0,0,0,0,0,3.8,Low,16.5,19.8,0,1
9715,Male,6,11,68.4,29.2,0,3000,3.4,No Schooling,0,0,1,0,1,1,2.8,Medium,42.5,33.4,0,1
9716,Male,7,12,97.3,26.4,0,15100,1.8,Primary,0,0,1,0,0,1,2.4,Low,39.4,25.9,0,0
9717,Male,10,14,88.5,50.3,2,9200,6.3,Graduate,0,1,0,0,0,1,5.7,Medium,19.8,10.2,0,0
9718,Male,10,16,87.1,69.7,1,3000,0.2,No Schooling,0,1,1,0,1,1,5.5,High,38.0,32.5,0,0
9719,Female,10,17,96.1,88.6,0,9400,0.9,Secondary,0,0,1,1,0,1,5.0,Medium,56.7,49.5,0,0
9720,Male,7,11,80.7,52.0,0,3000,2.7,Secondary,0,0,0,0,0,1,3.8,Low,11.7,20.5,1,0
9721,Female,8,14,74.0,28.4,0,34800,3.9,Primary,1,0,1,0,0,0,1.6,Medium,50.3,25.9,1,0
9722,Female,9,15,71.2,59.2,0,3300,4.2,Primary,0,0,0,0,0,1,5.0,Low,33.0,1.8,0,0
9723,Male,7,13,69.4,73.1,5,4200,0.2,Higher Secondary,0,0,1,0,0,1,3.9,Low,50.3,33.3,0,1
9724,Male,7,12,70.5,66.1,0,5900,0.4,Primary,0,0,1,0,0,1,3.9,Low,49.8,31.7,1,0
9725,Female,7,11,90.1,66.2,0,8800,1.0,Secondary,1,0,1,0,1,1,5.2,Medium,25.4,22.6,0,0
9726,Female,8,15,76.9,34.6,1,6100,4.1,Higher Secondary,0,0,1,0,0,1,2.1,Medium,34.5,26.6,0,0
9727,Male,9,15,52.8,65.3,3,3000,2.5,Secondary,1,0,0,0,1,1,5.3,Medium,34.5,25.5,2,1
9728,Male,7,13,60.9,74.3,0,8500,1.6,Secondary,0,0,0,0,0,1,4.1,Medium,39.8,32.7,0,0
9729,Female,6,12,82.6,74.1,0,5400,1.0,Primary,0,0,1,0,0,1,4.6,Medium,33.9,10.0,0,0
9730,Female,9,14,87.4,47.8,0,5300,1.3,Secondary,0,0,0,1,0,1,5.3,Medium,38.1,35.6,0,0
9731,Male,8,13,85.8,90.2,0,24600,0.5,Graduate,0,0,1,0,0,1,7.6,Medium,37.6,39.4,0,0
9732,Male,6,12,81.5,69.4,0,6100,0.6,Primary,0,0,0,0,0,1,7.4,Low,53.5,50.2,0,0
9733,Female,7,14,95.6,12.8,0,6400,2.5,Primary,0,0,0,0,0,1,4.5,High,33.9,50.8,0,0
9734,Male,10,15,52.6,45.2,0,8900,4.6,Primary,0,0,0,0,1,1,3.0,Low,39.0,24.9,0,0
9735,Male,9,13,59.9,17.5,5,11400,1.7,Primary,0,0,1,0,0,0,4.4,Low,14.3,11.3,0,1
9736,Female,8,12,78.1,44.4,1,9700,2.9,No Schooling,0,0,0,0,0,1,1.0,Low,36.8,38.3,1,0
9737,Male,9,15,96.4,88.1,3,3000,0.6,Primary,0,0,0,0,1,1,6.1,Medium,62.6,47.5,0,0
9738,Male,10,14,84.2,33.1,1,6500,1.7,Graduate,0,0,1,0,0,1,1.7,Low,12.7,39.7,0,1
9739,Female,7,14,69.6,89.2,3,6100,2.0,Graduate,0,0,0,0,0,1,5.4,Low,55.9,58.2,0,1
9740,Female,7,12,95.9,100.0,0,3500,6.8,Secondary,0,0,0,0,1,1,5.2,Medium,44.2,48.1,1,0
9741,Male,7,12,73.4,58.7,2,3300,4.9,Primary,0,0,1,0,0,0,6.8,Low,61.0,26.5,0,0
9742,Male,9,13,69.6,46.6,4,17500,9.3,Graduate,0,0,1,1,1,1,1.5,Medium,36.8,12.6,0,1
9743,Female,6,11,63.6,78.0,0,8800,0.7,Primary,0,0,0,0,0,0,6.3,Medium,40.4,17.3,0,0
9744,Female,6,12,89.0,87.8,2,5500,1.1,Primary,0,0,0,0,1,1,5.6,Low,49.9,39.3,0,0
9745,Female,7,14,83.5,79.1,4,10200,1.0,Higher Secondary,1,0,1,0,0,1,5.4,High,33.9,46.7,1,0
9746,Female,9,15,69.3,27.9,1,18900,0.5,No Schooling,0,0,0,0,1,0,2.5,High,46.9,11.1,0,0
9747,Female,9,15,73.8,1.4,0,11600,2.2,Secondary,0,0,0,0,1,1,0.2,Low,23.2,20.6,0,0
9748,Female,7,12,91.7,41.1,2,20800,0.3,No Schooling,0,0,0,0,0,1,2.8,Low,50.4,21.6,0,1
9749,Female,7,12,95.5,66.2,0,9700,3.0,Secondary,0,0,1,0,0,1,4.9,High,51.0,41.0,1,0
9750,Male,9,16,79.9,35.0,3,13000,1.8,Secondary,1,0,1,0,0,1,1.3,Medium,40.1,36.7,0,1
9751,Female,6,12,79.8,55.9,2,6900,2.0,Primary,0,0,0,0,0,1,1.5,Low,26.4,46.2,0,1
9752,Female,9,16,77.8,29.5,0,18700,0.4,No Schooling,0,0,0,0,0,1,4.3,Low,45.7,37.0,1,0
9753,Male,6,12,96.5,81.2,1,26400,1.7,Primary,0,0,0,0,0,0,3.0,Low,50.0,26.7,0,0
9754,Male,10,14,63.8,67.3,4,9200,0.8,Primary,0,0,0,0,0,1,0.8,Low,39.9,34.2,0,0
9755,Female,7,12,87.7,82.4,0,3300,0.6,Secondary,0,0,1,0,0,1,7.9,Low,52.0,29.5,0,0
9756,Male,9,14,88.9,68.6,1,8800,4.6,Primary,0,0,1,1,0,1,5.3,Low,36.6,23.2,0,0
9757,Female,6,11,84.0,65.4,0,7600,2.0,Primary,0,0,1,0,0,1,7.2,Low,61.4,51.2,0,0
9758,Female,7,14,85.8,93.8,0,13000,3.0,Primary,0,0,1,0,0,1,3.9,Medium,62.8,55.4,0,0
9759,Male,9,14,79.5,83.1,3,6300,5.5,No Schooling,0,0,0,0,0,0,6.0,Low,38.1,45.2,1,1
9760,Male,8,12,66.9,67.0,0,8700,2.0,Secondary,0,0,1,0,0,0,4.6,Medium,37.5,30.2,0,0
9761,Female,9,15,63.4,53.9,0,12300,3.2,Primary,0,0,0,0,1,0,4.2,Medium,40.2,33.3,1,0
9762,Male,8,13,81.6,98.9,0,5100,0.8,Graduate,1,0,0,0,0,1,5.9,Low,70.0,68.3,0,0
9763,Female,8,12,76.1,50.9,0,10100,0.2,Secondary,0,1,1,0,0,0,4.2,Low,34.9,23.9,2,0
9764,Male,10,17,91.3,17.8,2,9600,0.2,Secondary,0,0,0,0,0,1,3.4,Low,50.6,27.0,0,0
9765,Male,7,14,97.0,83.8,2,3000,1.5,Secondary,0,0,0,0,1,1,7.3,Low,28.4,38.2,1,0
9766,Female,10,17,57.2,60.5,2,7300,1.0,No Schooling,1,0,0,0,0,1,5.3,Low,18.0,44.4,1,0
9767,Male,7,12,73.6,98.4,1,3000,0.8,No Schooling,1,0,1,0,0,1,3.6,Medium,32.0,40.1,0,0
9768,Female,7,14,86.8,72.8,5,21400,1.0,Primary,0,0,0,0,0,1,4.2,Low,63.1,36.6,0,1
9769,Female,9,14,94.5,96.3,0,5300,1.0,Primary,0,0,1,0,1,1,2.5,Low,46.6,33.9,0,0
9770,Male,6,13,91.5,20.9,0,5900,0.5,Graduate,0,0,1,0,0,1,2.4,Low,31.4,18.6,0,0
9771,Male,6,13,87.7,65.4,1,14200,0.5,Secondary,1,0,0,1,0,0,6.3,Low,65.3,45.1,0,0
9772,Female,6,10,70.5,100.0,1,3000,1.7,Secondary,0,0,0,0,0,0,4.2,Low,67.8,42.5,1,0
9773,Female,8,13,73.5,22.5,0,3500,0.9,Primary,0,0,1,0,0,1,2.6,Medium,34.6,16.7,0,0
9774,Female,8,14,81.4,64.5,0,19800,0.8,Secondary,0,0,1,0,0,1,4.1,Low,32.8,30.0,0,0
9775,Female,6,10,74.4,70.6,0,7700,7.2,No Schooling,0,0,0,0,0,1,4.6,Medium,48.5,29.0,1,0
9776,Male,6,13,79.9,43.3,0,3000,0.7,Primary,0,0,1,0,0,0,6.0,Low,44.7,24.9,1,0
9777,Male,7,13,59.5,69.1,0,4700,0.8,No Schooling,1,0,0,0,0,1,4.2,Low,37.8,65.5,0,0
9778,Female,7,11,56.1,28.4,2,3100,4.0,Secondary,0,0,1,0,0,1,3.6,Medium,44.7,20.1,0,0
9779,Female,6,13,74.3,48.9,0,5000,3.6,No Schooling,0,0,0,0,0,1,3.1,Low,38.7,23.6,0,0
9780,Female,6,10,91.0,67.3,0,6200,7.7,Primary,0,0,0,0,0,1,4.3,Low,38.4,14.7,0,0
9781,Male,10,15,64.9,30.8,0,27500,0.9,Graduate,0,0,0,0,0,0,2.4,Low,14.3,20.5,0,0
9782,Male,9,13,94.2,61.1,3,3800,0.6,Graduate,0,0,0,0,0,1,4.6,Medium,53.2,30.3,1,0
9783,Female,7,11,86.4,94.7,0,3000,2.2,Secondary,0,0,0,0,0,1,4.7,Low,30.2,52.7,0,0
9784,Male,7,13,91.3,12.3,1,6600,11.4,Secondary,0,0,1,0,0,0,1.7,Medium,51.2,45.3,0,0
9785,Male,6,10,91.4,69.2,0,8200,3.3,Graduate,0,0,1,0,1,1,4.4,Medium,17.7,18.8,0,0
9786,Female,7,13,88.5,96.7,0,6300,2.3,Graduate,0,0,1,0,1,1,4.8,Low,54.2,62.8,0,0
9787,Male,7,11,97.5,77.4,0,7700,0.3,No Schooling,0,0,1,1,0,1,4.5,Low,57.7,63.4,0,0
9788,Male,10,17,82.4,73.2,0,25000,0.7,No Schooling,0,0,0,0,0,1,2.3,Low,58.5,24.4,1,0
9789,Male,9,16,98.7,100.0,2,3700,0.2,Higher Secondary,0,0,0,1,0,1,6.6,Medium,58.7,54.4,0,0
9790,Female,8,13,90.4,100.0,0,7000,0.6,No Schooling,0,0,1,1,0,1,4.0,Low,56.6,47.9,0,1
9791,Male,6,11,80.1,72.6,0,21700,1.1,Secondary,0,0,0,1,0,1,6.0,Low,44.7,23.4,0,1
9792,Male,9,15,58.2,41.7,0,27000,4.0,Graduate,1,1,1,0,0,0,3.9,High,60.7,24.5,0,0
9793,Male,10,16,70.4,82.7,0,10300,4.7,No Schooling,0,0,1,0,0,1,4.5,Low,29.8,44.1,0,1
9794,Male,6,10,87.1,46.7,0,3000,2.4,No Schooling,0,0,1,0,1,1,4.9,Medium,57.6,32.3,0,0
9795,Male,10,17,85.0,99.6,3,14100,0.9,Primary,0,1,0,0,0,1,6.0,High,63.1,56.3,0,0
9796,Female,6,13,75.0,52.7,0,14600,3.5,No Schooling,0,0,1,1,1,1,4.0,Low,10.5,37.9,0,0
9797,Male,9,14,59.1,27.4,1,10400,0.4,No Schooling,0,1,1,0,0,1,3.8,Low,51.2,33.9,1,1
9798,Male,6,12,69.7,37.9,2,6000,0.6,No Schooling,0,0,1,0,0,0,3.4,Medium,38.8,10.6,0,1
9799,Male,8,12,74.5,54.6,0,4900,0.8,Primary,0,0,0,1,0,1,1.9,Low,51.3,18.9,0,0
9800,Male,7,13,97.1,95.9,0,15600,4.7,Graduate,0,0,0,0,0,1,5.8,Low,56.7,52.3,0,0
9801,Male,8,14,90.3,79.3,0,10900,1.7,No Schooling,0,1,1,0,0,1,6.4,Low,50.4,45.1,0,0
9802,Female,8,13,90.8,64.6,0,17600,0.3,Graduate,0,0,0,0,1,1,2.3,Low,52.1,35.5,1,0
9803,Female,8,13,75.0,100.0,0,6800,3.8,Secondary,0,0,1,0,0,1,6.7,High,42.5,28.7,0,0
9804,Female,9,13,88.1,80.9,1,11300,8.2,Graduate,0,0,1,1,0,1,4.6,Low,41.8,50.2,1,0
9805,Male,6,13,73.0,56.8,0,3900,0.9,Secondary,0,0,0,1,1,1,7.9,Medium,46.6,24.6,2,0
9806,Female,9,13,72.1,27.3,0,24200,1.7,Secondary,0,0,1,0,0,1,4.0,Low,26.6,23.7,1,0
9807,Female,6,12,90.5,32.3,0,28500,1.0,Primary,0,0,0,0,0,1,6.3,High,33.5,0.0,0,0
9808,Male,9,16,83.5,40.4,0,8000,6.2,Primary,1,0,1,0,1,1,2.9,Low,20.2,22.9,0,0
9809,Male,6,10,80.4,40.5,0,3000,0.1,Primary,0,0,0,1,0,1,3.9,Low,40.9,36.6,1,0
9810,Female,8,12,94.5,48.0,0,19100,2.5,Primary,0,0,1,1,0,1,4.7,Medium,26.3,13.8,0,0
9811,Male,7,14,79.4,48.3,0,34700,1.4,Secondary,0,0,0,1,1,0,3.2,Medium,43.1,36.5,1,0
9812,Male,10,17,73.2,65.7,1,6400,1.6,Primary,0,0,1,0,0,1,7.3,Low,63.0,35.9,0,0
9813,Female,9,13,80.6,54.2,0,6400,0.2,Secondary,0,0,1,0,0,0,3.3,High,42.8,0.7,0,0
9814,Male,6,11,74.4,100.0,0,6400,0.4,Primary,1,1,1,1,1,1,6.0,Low,42.3,56.6,0,0
9815,Female,9,15,63.2,52.7,0,6700,0.8,Secondary,0,1,0,0,1,0,4.1,Medium,31.6,28.3,0,0
9816,Male,6,12,77.9,55.6,3,17600,1.7,Primary,1,0,1,0,1,0,3.5,High,47.3,27.3,0,1
9817,Male,7,13,85.7,82.2,1,11600,2.8,Higher Secondary,0,0,0,0,0,1,5.0,Low,26.9,30.0,0,0
9818,Male,7,12,75.1,71.7,0,3800,5.4,No Schooling,0,0,1,0,1,0,8.0,Medium,43.4,23.3,0,0
9819,Male,9,15,61.3,83.1,2,6700,3.6,Secondary,0,1,0,0,1,1,6.4,Low,36.8,45.5,0,0
9820,Female,10,14,73.3,90.7,2,10000,0.7,Primary,0,0,0,0,1,0,8.0,Low,42.6,28.8,0,0
9821,Female,10,17,77.2,65.0,1,5200,1.2,Primary,0,0,1,0,0,1,5.5,Low,59.1,16.9,0,0
9822,Female,6,12,87.1,100.0,0,11000,1.3,Higher Secondary,0,0,1,0,0,0,4.8,Medium,60.4,46.0,0,0
9823,Female,6,11,70.3,83.0,0,8800,2.8,Primary,0,0,1,0,0,1,4.2,Low,47.3,44.4,0,0
9824,Male,10,15,87.5,79.0,2,17700,0.9,Secondary,1,0,0,0,0,0,3.4,Low,52.5,27.5,1,0
9825,Male,7,12,88.0,83.2,0,13700,1.4,Primary,0,0,0,0,1,1,5.6,Low,39.6,42.1,0,0
9826,Male,8,13,67.1,80.7,1,5900,0.9,Secondary,0,0,0,0,1,1,5.3,Low,38.8,22.8,0,0
9827,Female,10,14,71.2,75.8,3,8300,6.5,Graduate,0,1,1,0,0,1,2.4,Low,36.4,32.9,1,0
9828,Male,6,12,95.3,74.0,2,4700,0.5,Graduate,1,1,0,0,0,1,4.2,Low,65.1,40.5,0,1
9829,Male,7,11,91.6,26.8,0,34400,1.8,Secondary,0,0,1,1,0,1,2.3,High,55.0,25.1,0,0
9830,Male,10,15,93.3,37.3,2,13000,0.1,Primary,0,0,0,0,0,1,2.3,Medium,38.7,29.2,1,0
9831,Female,9,16,91.7,75.3,0,3100,0.6,Primary,0,0,0,0,0,1,5.4,Low,38.1,12.0,0,0
9832,Male,10,16,85.4,46.3,3,6900,2.6,No Schooling,0,0,0,0,0,0,2.7,Low,38.0,24.4,0,1
9833,Female,9,16,76.5,43.2,0,3000,0.1,Secondary,0,0,0,0,0,1,1.9,Medium,45.8,41.8,0,0
9834,Female,7,13,90.0,89.0,2,6000,1.4,Primary,0,0,0,0,0,1,5.6,Medium,48.6,27.4,0,0
9835,Female,9,16,81.1,60.5,0,8500,2.0,Primary,1,1,0,0,0,1,5.0,Low,41.1,27.7,0,0
9836,Male,9,13,93.8,29.0,1,14800,3.1,Higher Secondary,0,0,0,0,0,1,2.7,Low,37.0,6.4,1,0
9837,Male,10,16,89.9,31.2,0,16400,1.5,Higher Secondary,0,0,0,0,0,1,5.6,Medium,44.1,47.0,0,0
9838,Male,8,13,76.4,45.5,0,3100,1.4,No Schooling,0,0,0,1,0,1,3.0,Low,22.0,22.1,1,1
9839,Female,8,12,76.1,37.9,0,9200,0.9,Secondary,0,1,0,0,0,1,3.5,Low,47.8,26.8,1,0
9840,Female,7,11,66.1,52.0,5,10100,4.7,Primary,0,0,0,0,0,1,4.2,High,29.0,17.3,0,0
9841,Female,7,11,88.4,100.0,0,8600,1.1,Primary,0,0,0,0,1,1,7.8,Medium,41.2,37.1,0,0
9842,Male,10,14,82.3,71.7,0,3000,4.0,Secondary,1,0,1,0,0,1,3.8,Low,49.6,28.4,1,0
9843,Male,10,15,58.2,71.5,0,4600,7.1,Graduate,0,0,0,0,0,0,5.6,Medium,25.3,28.0,2,0
9844,Female,8,12,73.5,74.5,1,7100,1.0,Graduate,0,1,1,0,0,1,5.9,High,28.6,30.1,0,0
9845,Male,10,17,75.4,35.8,0,13900,8.4,Primary,0,0,0,0,1,1,0.4,Low,44.2,24.9,0,0
9846,Female,7,13,93.6,100.0,5,4200,3.3,Secondary,0,0,0,0,0,1,6.1,Low,39.5,45.6,0,0
9847,Female,10,17,84.1,67.4,0,5500,0.6,No Schooling,1,0,1,0,0,0,5.3,High,47.1,37.9,1,0
9848,Male,9,13,97.9,91.3,0,6700,4.0,Secondary,0,0,0,0,1,1,5.7,Medium,58.5,48.1,0,0
9849,Male,9,13,71.3,12.1,5,3000,3.6,Primary,0,0,0,0,1,1,4.9,Medium,55.8,16.1,1,1
9850,Male,9,16,49.6,62.3,0,6100,4.1,Secondary,0,0,0,0,1,1,5.1,Low,36.8,18.0,0,1
9851,Male,9,14,66.7,64.0,0,10600,0.7,Secondary,0,0,1,0,1,1,4.8,Low,29.7,26.3,0,0
9852,Female,10,17,86.5,70.3,1,4100,0.7,Secondary,0,0,0,0,1,1,5.5,Low,54.4,69.0,0,0
9853,Male,7,11,77.3,36.2,0,5800,0.9,Secondary,0,0,0,0,0,1,4.0,Medium,23.0,41.6,0,0
9854,Male,10,14,91.6,69.4,0,5400,5.5,No Schooling,0,0,0,0,1,1,4.8,Low,28.6,3.2,2,0
9855,Male,6,11,88.4,74.2,0,12700,4.8,Secondary,0,1,1,0,0,0,4.4,Low,29.6,16.8,0,0
9856,Male,6,12,90.4,100.0,0,3000,1.4,Secondary,0,0,0,0,0,1,5.7,Low,39.6,48.4,2,0
9857,Female,9,13,81.1,95.2,0,5500,1.4,No Schooling,0,0,1,0,0,1,4.5,Medium,59.3,56.8,0,0
9858,Female,9,13,90.6,97.8,2,23500,6.5,Primary,0,0,1,1,0,0,5.7,Low,55.0,22.1,1,0
9859,Male,10,14,83.3,100.0,0,17700,15.0,Primary,1,0,1,0,0,1,5.3,Low,65.0,37.9,0,0
9860,Male,7,11,51.8,99.9,3,16800,4.5,Higher Secondary,0,0,0,1,1,1,5.3,Medium,53.8,51.3,0,0
9861,Male,6,13,83.3,52.7,2,21000,5.4,Higher Secondary,0,0,1,1,0,1,6.3,Medium,63.0,26.4,0,0
9862,Male,8,15,68.9,63.5,2,4100,2.3,Higher Secondary,0,0,0,0,1,0,3.1,Medium,41.4,30.8,1,0
9863,Male,10,14,80.0,47.3,1,19700,5.6,Higher Secondary,0,1,1,1,0,0,2.8,Low,35.5,32.9,0,0
9864,Female,10,15,76.7,83.2,4,3000,0.8,Higher Secondary,1,0,0,0,0,1,3.4,Low,37.3,29.9,0,1
9865,Male,10,15,77.8,55.1,2,5500,2.6,Graduate,0,1,1,0,0,0,6.8,Medium,22.2,7.1,1,0
9866,Male,8,12,79.5,59.0,0,12500,0.1,Higher Secondary,0,0,0,0,0,1,3.6,Low,36.1,11.1,1,0
9867,Male,10,16,74.1,58.9,2,9300,4.1,Secondary,0,0,1,1,0,1,2.1,Low,41.2,36.2,0,0
9868,Female,6,13,80.0,7.5,3,9500,5.4,Secondary,0,0,0,0,0,1,1.5,Medium,41.7,15.8,0,1
9869,Male,10,16,94.5,27.2,2,4100,4.2,Primary,1,0,0,0,0,0,0.0,Low,0.0,5.7,2,1
9870,Female,8,15,83.2,72.4,1,3000,3.7,Secondary,0,1,0,0,0,1,6.2,High,51.2,36.4,0,0
9871,Male,7,13,67.5,62.7,3,10600,1.9,Higher Secondary,0,0,1,0,0,1,1.9,Low,37.1,35.9,0,1
9872,Female,8,14,58.0,61.0,1,16400,0.7,No Schooling,0,0,0,0,0,1,5.1,Low,15.5,23.8,0,0
9873,Female,9,16,85.0,51.2,0,8700,0.7,No Schooling,0,0,0,0,1,1,3.3,Low,49.7,34.0,0,0
9874,Male,7,13,84.2,12.6,0,9600,0.4,Higher Secondary,0,1,1,0,0,1,2.0,Low,45.8,12.1,0,0
9875,Male,6,13,75.1,40.7,1,10400,0.3,Primary,0,1,0,0,1,0,1.8,Medium,23.8,22.1,2,0
9876,Male,9,16,52.9,28.5,0,4500,1.4,No Schooling,1,0,0,0,1,1,4.2,Low,33.4,6.8,0,1
9877,Female,10,14,65.6,46.8,0,7200,13.1,No Schooling,0,0,1,0,0,1,2.8,Low,46.5,22.9,0,0
9878,Female,9,15,64.7,55.1,0,3500,0.9,Primary,0,0,1,0,0,1,0.7,Low,28.8,25.4,0,0
9879,Male,6,12,94.3,89.9,0,16500,3.5,Secondary,0,0,0,0,0,1,0.7,High,60.0,11.4,0,0
9880,Male,9,14,79.5,63.1,2,3000,2.8,Primary,1,0,1,0,0,1,4.7,Low,33.5,12.9,0,0
9881,Male,6,12,75.9,68.1,0,6700,2.3,Secondary,1,0,0,0,0,1,6.6,Low,37.5,8.9,1,0
9882,Male,7,14,69.2,88.4,2,27100,0.7,Secondary,1,0,0,0,1,1,5.2,High,66.8,34.6,0,0
9883,Female,6,10,91.1,100.0,0,11200,5.2,No Schooling,0,0,1,0,0,1,5.7,Low,44.2,45.5,0,0
9884,Male,8,14,70.8,52.7,0,3600,0.2,No Schooling,0,0,0,0,0,1,2.5,Low,37.5,15.4,0,0
9885,Male,7,14,77.3,31.9,2,10900,0.3,Secondary,1,0,1,1,0,1,2.9,Low,26.2,17.7,1,0
9886,Female,6,11,75.1,48.7,2,14100,0.2,Secondary,0,0,0,0,0,1,4.0,Medium,49.7,41.5,2,0
9887,Female,7,12,70.7,67.9,1,9000,5.7,Secondary,0,0,0,0,0,1,4.7,Low,54.7,47.6,0,1
9888,Female,9,13,78.1,40.4,0,12000,7.2,No Schooling,0,0,0,0,0,1,1.0,Low,26.2,41.3,0,0
9889,Male,7,12,69.3,68.5,0,3400,2.3,Primary,1,0,1,1,0,1,1.9,Low,33.9,26.2,1,0
9890,Female,6,11,98.2,61.6,0,5000,3.0,Higher Secondary,0,0,0,0,1,0,1.6,Low,64.1,17.8,0,0
9891,Female,8,15,80.1,100.0,2,10200,1.3,No Schooling,0,0,0,0,1,1,5.1,Low,29.7,67.5,1,0
9892,Male,9,13,85.3,71.1,0,6400,0.9,No Schooling,0,0,0,0,0,1,3.2,Low,51.2,9.5,0,0
9893,Male,10,16,69.3,55.5,2,5900,5.0,No Schooling,0,0,0,0,0,1,4.1,Medium,46.4,49.2,0,0
9894,Female,8,12,87.9,44.7,1,4000,0.3,Secondary,0,0,1,0,1,1,1.4,Low,38.9,32.7,0,0
9895,Female,9,16,85.4,61.8,3,21400,0.2,Primary,0,0,1,0,0,1,4.5,Medium,52.7,33.6,1,0
9896,Female,10,15,97.1,100.0,1,8600,0.8,Higher Secondary,1,0,1,0,1,1,7.9,Medium,67.5,52.7,0,0
9897,Female,9,14,78.7,38.2,0,16000,6.4,Secondary,0,1,1,0,0,0,4.9,Medium,41.9,37.0,0,0
9898,Female,8,15,80.6,40.9,0,3000,0.3,Primary,0,1,0,0,0,1,4.7,Medium,25.1,16.6,0,0
9899,Female,6,12,94.4,73.6,0,15600,0.4,Primary,0,0,1,0,0,1,4.1,Medium,23.8,35.2,0,0
9900,Female,7,11,78.9,44.0,0,3600,1.2,Primary,0,0,0,0,0,1,3.8,Low,32.7,20.8,0,0
9901,Male,7,12,87.0,87.0,0,6700,0.6,Graduate,0,0,0,0,0,1,5.4,Low,39.4,35.2,0,0
9902,Male,7,12,80.7,89.4,2,9200,2.0,Secondary,0,0,0,0,0,0,6.5,Medium,43.4,44.2,0,0
9903,Female,10,16,90.8,86.2,0,32300,5.9,Higher Secondary,0,0,1,1,1,1,4.7,Low,29.4,36.5,0,0
9904,Male,6,13,81.0,95.9,0,28800,0.1,Graduate,0,0,1,0,0,1,5.4,Low,37.8,28.7,0,0
9905,Female,8,14,91.5,55.5,3,7700,0.5,Secondary,0,0,0,0,0,1,3.7,Medium,34.5,26.4,2,0
9906,Female,10,15,92.9,69.2,0,10900,0.2,Secondary,0,0,1,0,0,1,5.6,Low,41.6,31.7,1,0
9907,Female,8,14,50.9,56.0,1,5300,3.5,Graduate,0,0,1,0,0,0,6.6,Low,48.7,22.0,0,0
9908,Female,6,13,95.8,96.5,0,8300,0.9,Higher Secondary,0,0,0,0,0,0,5.8,Low,63.0,39.0,1,0
9909,Male,10,14,88.0,73.6,3,8000,2.1,Primary,0,1,0,0,0,1,4.9,Medium,42.6,3.7,0,0
9910,Female,7,13,76.9,37.3,3,10200,0.3,Secondary,1,0,0,0,0,1,2.9,Low,35.6,18.0,1,0
9911,Male,6,12,85.9,68.6,5,5500,0.9,Secondary,0,0,1,0,1,1,8.0,Medium,51.4,38.9,0,1
9912,Female,8,14,75.3,100.0,0,11400,2.8,Secondary,0,0,1,1,0,1,4.8,High,47.6,30.9,0,0
9913,Female,7,11,91.6,85.7,3,10500,4.3,No Schooling,0,1,0,0,0,1,3.8,Low,32.2,41.2,0,1
9914,Male,9,13,85.5,67.1,2,3800,0.3,Primary,0,0,0,0,1,1,5.1,Low,46.2,43.8,0,0
9915,Male,6,11,72.1,58.1,0,7500,0.8,Higher Secondary,0,0,1,0,0,0,5.1,Medium,19.6,35.6,0,0
9916,Male,9,14,92.1,73.8,1,5600,5.2,Graduate,0,0,0,0,0,1,3.6,Low,52.0,23.4,0,0
9917,Female,6,13,83.8,77.4,0,33700,1.5,Secondary,0,0,0,0,0,1,5.4,Low,43.4,48.8,1,0
9918,Male,10,16,93.0,67.5,2,19800,2.6,Secondary,0,0,0,0,1,1,4.4,Low,40.0,16.4,1,0
9919,Male,6,13,81.3,72.3,0,16100,1.0,No Schooling,0,0,1,0,0,1,4.3,Low,31.7,29.4,0,0
9920,Female,10,14,75.5,52.1,0,5700,1.3,Secondary,0,1,1,0,1,1,2.8,Medium,31.3,42.0,0,0
9921,Male,6,13,74.4,43.1,1,29500,5.3,Secondary,0,0,1,0,0,1,3.3,High,25.8,36.0,1,0
9922,Female,10,14,87.1,87.1,2,6400,0.1,Higher Secondary,1,0,0,0,0,0,2.2,Low,45.5,45.4,0,0
9923,Female,10,16,83.7,53.2,2,4900,0.4,Primary,0,1,0,0,0,0,2.8,Low,22.2,24.0,0,1
9924,Male,8,13,65.0,32.3,1,39600,0.4,Secondary,0,0,1,1,0,1,6.0,Medium,35.0,7.2,0,1
9925,Male,6,13,72.2,100.0,0,12900,2.2,Primary,0,0,0,0,0,1,6.3,Low,35.1,29.8,0,0
9926,Female,8,14,71.2,54.0,2,4700,4.4,No Schooling,1,0,0,0,1,1,2.3,Low,24.4,20.6,0,1
9927,Female,8,13,80.7,33.0,0,6200,2.7,Primary,0,0,1,1,0,1,4.6,Low,32.5,24.3,0,0
9928,Male,8,14,74.3,32.9,2,14000,2.6,Secondary,0,0,1,0,0,1,4.4,Medium,13.0,16.6,1,0
9929,Female,9,15,91.5,60.0,0,6600,12.6,Higher Secondary,0,0,0,0,0,1,5.1,Low,45.9,42.1,1,0
9930,Male,10,16,70.6,80.2,0,7600,0.7,Higher Secondary,1,1,0,0,1,0,5.8,High,38.4,44.9,0,0
9931,Male,10,16,80.2,59.4,0,26300,0.1,Higher Secondary,0,0,0,0,0,1,3.1,Low,33.0,11.9,0,0
9932,Female,8,14,69.8,77.8,1,5100,0.5,Primary,0,0,0,0,1,1,5.6,Low,46.7,47.7,0,0
9933,Male,6,13,80.2,70.0,1,5900,0.5,Higher Secondary,0,0,1,0,0,1,4.5,Medium,42.5,50.1,0,0
9934,Male,6,10,81.9,34.4,0,50000,0.8,No Schooling,0,0,0,1,0,1,3.4,Low,55.1,20.6,0,0
9935,Female,9,14,77.6,32.4,0,11300,3.0,Secondary,0,0,1,0,1,0,2.4,Medium,24.0,16.1,1,1
9936,Male,10,17,80.4,70.6,1,11500,1.6,Secondary,0,0,1,0,0,1,3.3,Low,44.7,40.1,0,0
9937,Male,8,13,56.3,6.7,0,23900,2.5,Secondary,0,0,1,0,0,1,3.1,Medium,45.1,28.7,0,0
9938,Male,6,13,89.6,61.8,3,12200,1.0,Primary,0,0,1,1,1,1,4.6,Low,26.1,26.9,0,0
9939,Female,7,13,98.0,88.9,2,20500,1.2,Higher Secondary,0,0,1,1,0,1,4.4,Low,42.0,20.5,1,0
9940,Female,7,12,85.8,31.4,0,3000,1.7,No Schooling,0,0,0,0,1,1,2.6,Medium,29.0,16.5,0,0
9941,Female,10,15,61.7,82.5,1,11500,3.6,No Schooling,0,0,0,0,0,1,5.0,Low,23.7,21.2,0,0
9942,Male,9,14,97.9,35.7,0,7300,6.3,Primary,0,0,0,0,0,0,2.1,Low,43.9,8.4,0,0
9943,Female,6,10,75.3,93.6,0,11700,0.2,Secondary,0,0,0,0,0,1,3.7,Low,82.3,54.9,1,0
9944,Female,7,12,98.3,76.3,0,3000,2.2,Primary,0,0,1,0,0,1,7.2,Low,48.3,23.7,1,0
9945,Male,6,12,87.9,53.7,2,3000,4.6,No Schooling,0,1,0,0,1,0,1.5,Medium,29.9,42.7,0,1
9946,Male,9,16,70.4,69.0,0,7900,3.2,Primary,0,0,1,0,1,1,2.7,Low,25.9,32.5,1,0
9947,Female,9,16,88.5,32.6,0,13700,1.2,Primary,0,0,1,0,0,1,3.3,Low,38.4,23.8,0,0
9948,Male,6,11,76.2,14.6,1,3300,1.2,Graduate,0,0,1,0,1,1,2.0,High,34.0,28.2,0,1
9949,Female,7,14,94.9,99.5,0,5500,11.8,Secondary,0,0,0,0,0,1,6.1,Low,55.7,47.9,0,0
9950,Female,10,15,91.2,63.7,0,10400,0.4,Primary,0,0,0,0,1,0,5.1,Low,31.3,36.8,0,0
9951,Male,10,17,93.9,72.2,5,7600,1.7,Higher Secondary,0,1,1,0,0,1,4.5,Low,28.2,45.9,0,1
9952,Female,8,15,83.4,62.1,2,16800,2.7,No Schooling,0,0,1,0,0,1,4.8,Low,41.3,41.1,0,1
9953,Female,8,13,93.2,46.2,1,18100,0.9,Secondary,0,0,1,0,0,1,7.9,Low,41.9,21.5,1,0
9954,Male,10,16,70.3,46.4,0,3900,0.8,No Schooling,0,1,0,0,0,0,2.6,Low,36.2,10.3,1,1
9955,Female,9,16,88.7,81.0,1,7700,5.9,No Schooling,0,1,0,0,1,0,4.8,Low,42.2,43.1,0,0
9956,Male,10,14,84.5,52.4,0,5600,0.5,Graduate,0,0,0,0,1,1,2.9,Low,26.3,11.1,0,0
9957,Female,6,10,66.5,51.3,0,19700,0.2,Primary,0,0,1,0,0,1,2.7,Low,50.1,33.4,0,0
9958,Male,6,12,84.6,80.1,0,15300,0.5,No Schooling,0,0,1,0,0,0,3.3,Low,44.9,10.4,1,0
9959,Male,6,10,41.4,41.0,1,4200,1.2,Primary,0,0,1,0,0,0,5.4,Low,26.3,25.1,0,0
9960,Male,10,17,50.0,65.9,1,21300,2.0,Higher Secondary,0,0,1,0,1,1,4.8,Low,27.1,21.0,0,0
9961,Male,9,14,76.7,91.8,0,3200,0.7,Secondary,0,0,0,0,0,1,4.0,Low,45.0,29.0,0,0
9962,Male,6,11,86.4,91.8,5,5900,0.2,No Schooling,0,0,1,1,0,1,7.1,Medium,47.1,46.5,0,1
9963,Male,10,17,70.1,60.3,0,3800,1.6,Secondary,0,0,0,0,0,1,1.8,Medium,37.3,43.1,2,0
9964,Female,10,16,72.3,41.5,0,5900,3.2,Graduate,0,0,0,0,0,1,4.4,Low,50.7,25.2,0,0
9965,Male,7,14,63.8,72.4,0,3000,2.3,Primary,0,0,1,0,1,0,4.8,Low,37.5,47.0,1,0
9966,Male,9,15,91.3,57.6,0,8100,7.7,No Schooling,0,0,0,0,0,1,4.0,Low,53.1,54.7,0,0
9967,Male,9,15,71.2,81.6,0,3000,0.5,No Schooling,0,0,1,0,0,0,6.5,Medium,59.3,46.5,1,0
9968,Female,6,12,69.1,100.0,0,5800,1.0,Secondary,0,0,0,0,0,1,6.2,Medium,52.9,33.4,0,0
9969,Male,9,16,79.6,53.6,0,18200,2.3,Secondary,0,0,0,0,0,1,2.2,High,49.1,31.6,0,0
9970,Female,7,14,93.2,52.2,1,9100,3.0,Primary,1,0,0,0,1,1,1.9,High,53.7,36.3,0,1
9971,Female,10,14,96.2,100.0,0,38700,0.5,Secondary,0,0,1,0,0,0,6.9,Low,40.6,23.3,0,0
9972,Male,10,16,69.1,61.8,3,17300,2.9,Secondary,0,0,0,0,0,1,2.9,Low,32.5,22.7,1,1
9973,Female,10,17,72.3,83.6,5,17000,0.7,No Schooling,0,0,1,0,0,1,4.0,Medium,61.1,39.4,1,1
9974,Male,9,15,87.9,74.9,2,5500,3.3,Higher Secondary,0,0,0,0,0,1,4.8,Medium,57.3,53.0,0,0
9975,Female,6,11,95.3,69.6,1,6700,1.7,Primary,1,0,0,0,0,1,3.4,High,45.5,47.3,0,0
9976,Male,7,14,67.9,48.2,1,11700,0.7,No Schooling,0,0,0,0,1,1,3.4,High,38.6,12.7,0,0
9977,Female,9,14,75.8,67.4,1,5700,0.1,Primary,0,0,0,0,0,1,3.8,Medium,26.7,21.9,1,0
9978,Female,7,11,92.9,20.4,0,8200,1.1,No Schooling,1,0,0,0,0,1,0.2,Low,36.0,14.0,0,0
9979,Male,9,14,78.0,31.3,0,17900,3.9,Graduate,0,0,0,1,0,1,1.9,High,35.4,32.6,0,0
9980,Male,7,11,78.1,94.9,0,9000,1.3,Secondary,1,1,0,0,0,0,5.2,Low,15.9,39.1,0,0
9981,Male,6,12,81.5,29.3,2,3000,2.7,Primary,0,1,0,0,0,1,3.7,Medium,29.5,21.9,0,0
9982,Male,8,15,84.5,80.6,0,13200,2.5,Secondary,0,0,0,0,0,1,8.0,Medium,35.4,42.4,0,0
9983,Female,9,14,94.8,73.5,3,6000,1.2,Graduate,0,0,1,0,0,1,3.4,Medium,49.2,29.4,0,0
9984,Female,8,14,93.7,73.1,1,5600,0.6,Secondary,0,0,1,0,1,1,3.7,Medium,41.6,46.1,0,0
9985,Female,9,16,81.4,79.1,5,44300,6.2,Secondary,0,0,1,1,0,1,2.8,Medium,37.4,35.8,1,1
9986,Female,8,13,99.4,65.5,1,9000,2.6,No Schooling,1,0,0,0,0,1,1.3,Medium,52.4,22.9,1,1
9987,Female,9,16,74.9,28.5,0,35200,5.8,Primary,1,0,1,0,0,0,2.8,Low,12.8,0.0,0,0
9988,Female,9,13,87.0,66.4,0,4800,2.5,Secondary,0,0,0,0,0,1,4.0,High,50.1,40.3,1,0
9989,Male,8,14,71.4,94.1,0,5100,2.6,Primary,1,0,0,1,0,0,6.1,Medium,51.7,21.9,1,0
9990,Male,8,12,85.9,92.8,0,5800,0.9,Higher Secondary,0,0,0,0,1,1,4.8,Low,61.6,40.8,1,0
9991,Male,8,15,88.5,100.0,1,7600,2.9,Secondary,0,0,0,0,1,0,4.9,Medium,54.6,39.9,1,0
9992,Male,6,10,91.0,81.5,0,6600,1.6,Secondary,0,0,0,0,1,1,4.8,Low,57.3,68.0,0,0
9993,Male,9,16,91.3,82.9,0,4100,0.7,Primary,0,0,1,0,0,1,7.0,Low,65.3,38.1,0,0
9994,Male,6,11,87.6,69.7,0,15700,2.6,Primary,0,1,1,1,1,0,3.9,Low,40.5,29.5,0,0
9995,Male,10,14,76.9,46.7,0,8700,2.7,Primary,1,0,1,0,0,1,4.7,Low,32.4,12.4,0,0
9996,Male,9,15,79.0,86.8,0,14700,0.1,Higher Secondary,0,0,1,0,0,1,5.2,Medium,45.7,58.5,0,0
9997,Male,8,15,89.4,49.5,3,10200,2.5,Primary,1,1,1,0,0,1,5.0,Medium,38.0,27.8,0,1
9998,Male,10,14,94.4,58.7,0,48600,1.0,Graduate,0,0,1,0,0,1,5.7,Medium,23.8,11.5,0,0
9999,Male,9,14,87.5,50.1,0,9000,0.1,Secondary,0,0,0,0,0,1,4.9,Low,27.2,11.4,2,0
10000,Male,6,12,85.0,52.3,0,16200,1.5,Secondary,0,1,1,0,0,0,3.9,Low,37.7,10.8,0,0
